{
  "type": "FeatureCollection",
  "features": [
    {
      "type": "Feature",
      "properties": {
        "color": "#2ecc71",
        "height": 20
      },
      "geometry": {
        "type": "Polygon",
        "coordinates": [
          [
            [
              2.3332059,
              48.8525913
            ],
            [
              2.3335059,
              48.8525913
            ],
            [
              2.3335059,
              48.852891299999996
            ],
            [
              2.3332059,
              48.852891299999996
            ],
            [
              2.3332059,
              48.8525913
            ]
          ]
        ]
      }
    },
    {
      "type": "Feature",
      "properties": {
        "color": "#2ecc71",
        "height": 20
      },
      "geometry": {
        "type": "Polygon",
        "coordinates": [
          [
            [
              2.3695831,
              48.8466534
            ],
            [
              2.3698831,
              48.8466534
            ],
            [
              2.3698831,
              48.8469534
            ],
            [
              2.3695831,
              48.8469534
            ],
            [
              2.3695831,
              48.8466534
            ]
          ]
        ]
      }
    },
    {
      "type": "Feature",
      "properties": {
        "color": "#3498db",
        "height": 30
      },
      "geometry": {
        "type": "Polygon",
        "coordinates": [
          [
            [
              2.3810283,
              48.8440718
            ],
            [
              2.3813283000000003,
              48.8440718
            ],
            [
              2.3813283000000003,
              48.8443718
            ],
            [
              2.3810283,
              48.8443718
            ],
            [
              2.3810283,
              48.8440718
            ]
          ]
        ]
      }
    },
    {
      "type": "Feature",
      "properties": {
        "color": "#2ecc71",
        "height": 20
      },
      "geometry": {
        "type": "Polygon",
        "coordinates": [
          [
            [
              2.3026222,
              48.842619500000005
            ],
            [
              2.3029222000000003,
              48.842619500000005
            ],
            [
              2.3029222000000003,
              48.8429195
            ],
            [
              2.3026222,
              48.8429195
            ],
            [
              2.3026222,
              48.842619500000005
            ]
          ]
        ]
      }
    },
    {
      "type": "Feature",
      "properties": {
        "color": "#2ecc71",
        "height": 20
      },
      "geometry": {
        "type": "Polygon",
        "coordinates": [
          [
            [
              2.3028814,
              48.8414759
            ],
            [
              2.3031814,
              48.8414759
            ],
            [
              2.3031814,
              48.841775899999995
            ],
            [
              2.3028814,
              48.841775899999995
            ],
            [
              2.3028814,
              48.8414759
            ]
          ]
        ]
      }
    },
    {
      "type": "Feature",
      "properties": {
        "color": "#e67e22",
        "height": 25
      },
      "geometry": {
        "type": "Polygon",
        "coordinates": [
          [
            [
              2.3051104,
              48.8434271
            ],
            [
              2.3054104,
              48.8434271
            ],
            [
              2.3054104,
              48.843727099999995
            ],
            [
              2.3051104,
              48.843727099999995
            ],
            [
              2.3051104,
              48.8434271
            ]
          ]
        ]
      }
    },
    {
      "type": "Feature",
      "properties": {
        "color": "#2ecc71",
        "height": 20
      },
      "geometry": {
        "type": "Polygon",
        "coordinates": [
          [
            [
              2.3181541,
              48.8597008
            ],
            [
              2.3184541000000003,
              48.8597008
            ],
            [
              2.3184541000000003,
              48.860000799999995
            ],
            [
              2.3181541,
              48.860000799999995
            ],
            [
              2.3181541,
              48.8597008
            ]
          ]
        ]
      }
    },
    {
      "type": "Feature",
      "properties": {
        "color": "#2ecc71",
        "height": 20
      },
      "geometry": {
        "type": "Polygon",
        "coordinates": [
          [
            [
              2.3238689999999997,
              48.853887
            ],
            [
              2.324169,
              48.853887
            ],
            [
              2.324169,
              48.854186999999996
            ],
            [
              2.3238689999999997,
              48.854186999999996
            ],
            [
              2.3238689999999997,
              48.853887
            ]
          ]
        ]
      }
    },
    {
      "type": "Feature",
      "properties": {
        "color": "#e67e22",
        "height": 25
      },
      "geometry": {
        "type": "Polygon",
        "coordinates": [
          [
            [
              2.3436767,
              48.841146900000005
            ],
            [
              2.3439767000000002,
              48.841146900000005
            ],
            [
              2.3439767000000002,
              48.8414469
            ],
            [
              2.3436767,
              48.8414469
            ],
            [
              2.3436767,
              48.841146900000005
            ]
          ]
        ]
      }
    },
    {
      "type": "Feature",
      "properties": {
        "color": "#e67e22",
        "height": 25
      },
      "geometry": {
        "type": "Polygon",
        "coordinates": [
          [
            [
              2.3549816999999997,
              48.8692222
            ],
            [
              2.3552817,
              48.8692222
            ],
            [
              2.3552817,
              48.8695222
            ],
            [
              2.3549816999999997,
              48.8695222
            ],
            [
              2.3549816999999997,
              48.8692222
            ]
          ]
        ]
      }
    },
    {
      "type": "Feature",
      "properties": {
        "color": "#e67e22",
        "height": 25
      },
      "geometry": {
        "type": "Polygon",
        "coordinates": [
          [
            [
              2.3010512,
              48.857796400000005
            ],
            [
              2.3013512,
              48.857796400000005
            ],
            [
              2.3013512,
              48.8580964
            ],
            [
              2.3010512,
              48.8580964
            ],
            [
              2.3010512,
              48.857796400000005
            ]
          ]
        ]
      }
    },
    {
      "type": "Feature",
      "properties": {
        "color": "#e67e22",
        "height": 25
      },
      "geometry": {
        "type": "Polygon",
        "coordinates": [
          [
            [
              2.3517865,
              48.865449600000005
            ],
            [
              2.3520865,
              48.865449600000005
            ],
            [
              2.3520865,
              48.8657496
            ],
            [
              2.3517865,
              48.8657496
            ],
            [
              2.3517865,
              48.865449600000005
            ]
          ]
        ]
      }
    },
    {
      "type": "Feature",
      "properties": {
        "color": "#2ecc71",
        "height": 20
      },
      "geometry": {
        "type": "Polygon",
        "coordinates": [
          [
            [
              2.3394406,
              48.8620852
            ],
            [
              2.3397406000000003,
              48.8620852
            ],
            [
              2.3397406000000003,
              48.8623852
            ],
            [
              2.3394406,
              48.8623852
            ],
            [
              2.3394406,
              48.8620852
            ]
          ]
        ]
      }
    },
    {
      "type": "Feature",
      "properties": {
        "color": "#2ecc71",
        "height": 20
      },
      "geometry": {
        "type": "Polygon",
        "coordinates": [
          [
            [
              2.3415113,
              48.862044700000006
            ],
            [
              2.3418113000000003,
              48.862044700000006
            ],
            [
              2.3418113000000003,
              48.8623447
            ],
            [
              2.3415113,
              48.8623447
            ],
            [
              2.3415113,
              48.862044700000006
            ]
          ]
        ]
      }
    },
    {
      "type": "Feature",
      "properties": {
        "color": "#2ecc71",
        "height": 20
      },
      "geometry": {
        "type": "Polygon",
        "coordinates": [
          [
            [
              2.3641506,
              48.866301
            ],
            [
              2.3644506,
              48.866301
            ],
            [
              2.3644506,
              48.866600999999996
            ],
            [
              2.3641506,
              48.866600999999996
            ],
            [
              2.3641506,
              48.866301
            ]
          ]
        ]
      }
    },
    {
      "type": "Feature",
      "properties": {
        "color": "#2ecc71",
        "height": 20
      },
      "geometry": {
        "type": "Polygon",
        "coordinates": [
          [
            [
              2.3880844,
              48.8632061
            ],
            [
              2.3883844,
              48.8632061
            ],
            [
              2.3883844,
              48.863506099999995
            ],
            [
              2.3880844,
              48.863506099999995
            ],
            [
              2.3880844,
              48.8632061
            ]
          ]
        ]
      }
    },
    {
      "type": "Feature",
      "properties": {
        "color": "#2ecc71",
        "height": 20
      },
      "geometry": {
        "type": "Polygon",
        "coordinates": [
          [
            [
              2.3732949999999997,
              48.8780525
            ],
            [
              2.373595,
              48.8780525
            ],
            [
              2.373595,
              48.8783525
            ],
            [
              2.3732949999999997,
              48.8783525
            ],
            [
              2.3732949999999997,
              48.8780525
            ]
          ]
        ]
      }
    },
    {
      "type": "Feature",
      "properties": {
        "color": "#2ecc71",
        "height": 20
      },
      "geometry": {
        "type": "Polygon",
        "coordinates": [
          [
            [
              2.3737283,
              48.877382000000004
            ],
            [
              2.3740283,
              48.877382000000004
            ],
            [
              2.3740283,
              48.877682
            ],
            [
              2.3737283,
              48.877682
            ],
            [
              2.3737283,
              48.877382000000004
            ]
          ]
        ]
      }
    },
    {
      "type": "Feature",
      "properties": {
        "color": "#3498db",
        "height": 30
      },
      "geometry": {
        "type": "Polygon",
        "coordinates": [
          [
            [
              2.3900253,
              48.8424764
            ],
            [
              2.3903253,
              48.8424764
            ],
            [
              2.3903253,
              48.8427764
            ],
            [
              2.3900253,
              48.8427764
            ],
            [
              2.3900253,
              48.8424764
            ]
          ]
        ]
      }
    },
    {
      "type": "Feature",
      "properties": {
        "color": "#e67e22",
        "height": 25
      },
      "geometry": {
        "type": "Polygon",
        "coordinates": [
          [
            [
              2.3285279,
              48.8301833
            ],
            [
              2.3288279000000003,
              48.8301833
            ],
            [
              2.3288279000000003,
              48.8304833
            ],
            [
              2.3285279,
              48.8304833
            ],
            [
              2.3285279,
              48.8301833
            ]
          ]
        ]
      }
    },
    {
      "type": "Feature",
      "properties": {
        "color": "#2ecc71",
        "height": 20
      },
      "geometry": {
        "type": "Polygon",
        "coordinates": [
          [
            [
              2.3617266,
              48.8315939
            ],
            [
              2.3620266,
              48.8315939
            ],
            [
              2.3620266,
              48.8318939
            ],
            [
              2.3617266,
              48.8318939
            ],
            [
              2.3617266,
              48.8315939
            ]
          ]
        ]
      }
    },
    {
      "type": "Feature",
      "properties": {
        "color": "#e67e22",
        "height": 25
      },
      "geometry": {
        "type": "Polygon",
        "coordinates": [
          [
            [
              2.3608222999999997,
              48.8331405
            ],
            [
              2.3611223,
              48.8331405
            ],
            [
              2.3611223,
              48.833440499999995
            ],
            [
              2.3608222999999997,
              48.833440499999995
            ],
            [
              2.3608222999999997,
              48.8331405
            ]
          ]
        ]
      }
    },
    {
      "type": "Feature",
      "properties": {
        "color": "#3498db",
        "height": 30
      },
      "geometry": {
        "type": "Polygon",
        "coordinates": [
          [
            [
              2.3323942,
              48.8501941
            ],
            [
              2.3326942,
              48.8501941
            ],
            [
              2.3326942,
              48.8504941
            ],
            [
              2.3323942,
              48.8504941
            ],
            [
              2.3323942,
              48.8501941
            ]
          ]
        ]
      }
    },
    {
      "type": "Feature",
      "properties": {
        "color": "#2ecc71",
        "height": 20
      },
      "geometry": {
        "type": "Polygon",
        "coordinates": [
          [
            [
              2.3718787999999997,
              48.8717488
            ],
            [
              2.3721788,
              48.8717488
            ],
            [
              2.3721788,
              48.872048799999995
            ],
            [
              2.3718787999999997,
              48.872048799999995
            ],
            [
              2.3718787999999997,
              48.8717488
            ]
          ]
        ]
      }
    },
    {
      "type": "Feature",
      "properties": {
        "color": "#e67e22",
        "height": 25
      },
      "geometry": {
        "type": "Polygon",
        "coordinates": [
          [
            [
              2.3323818,
              48.8532594
            ],
            [
              2.3326818,
              48.8532594
            ],
            [
              2.3326818,
              48.853559399999995
            ],
            [
              2.3323818,
              48.853559399999995
            ],
            [
              2.3323818,
              48.8532594
            ]
          ]
        ]
      }
    },
    {
      "type": "Feature",
      "properties": {
        "color": "#2ecc71",
        "height": 20
      },
      "geometry": {
        "type": "Polygon",
        "coordinates": [
          [
            [
              2.3251496,
              48.8410932
            ],
            [
              2.3254496000000002,
              48.8410932
            ],
            [
              2.3254496000000002,
              48.8413932
            ],
            [
              2.3251496,
              48.8413932
            ],
            [
              2.3251496,
              48.8410932
            ]
          ]
        ]
      }
    },
    {
      "type": "Feature",
      "properties": {
        "color": "#2ecc71",
        "height": 20
      },
      "geometry": {
        "type": "Polygon",
        "coordinates": [
          [
            [
              2.3795181,
              48.8699719
            ],
            [
              2.3798181,
              48.8699719
            ],
            [
              2.3798181,
              48.8702719
            ],
            [
              2.3795181,
              48.8702719
            ],
            [
              2.3795181,
              48.8699719
            ]
          ]
        ]
      }
    },
    {
      "type": "Feature",
      "properties": {
        "color": "#2ecc71",
        "height": 20
      },
      "geometry": {
        "type": "Polygon",
        "coordinates": [
          [
            [
              2.3853307999999998,
              48.868818700000006
            ],
            [
              2.3856308,
              48.868818700000006
            ],
            [
              2.3856308,
              48.8691187
            ],
            [
              2.3853307999999998,
              48.8691187
            ],
            [
              2.3853307999999998,
              48.868818700000006
            ]
          ]
        ]
      }
    },
    {
      "type": "Feature",
      "properties": {
        "color": "#2ecc71",
        "height": 20
      },
      "geometry": {
        "type": "Polygon",
        "coordinates": [
          [
            [
              2.3243036,
              48.8430492
            ],
            [
              2.3246036,
              48.8430492
            ],
            [
              2.3246036,
              48.8433492
            ],
            [
              2.3243036,
              48.8433492
            ],
            [
              2.3243036,
              48.8430492
            ]
          ]
        ]
      }
    },
    {
      "type": "Feature",
      "properties": {
        "color": "#e67e22",
        "height": 25
      },
      "geometry": {
        "type": "Polygon",
        "coordinates": [
          [
            [
              2.3220197,
              48.8399318
            ],
            [
              2.3223197,
              48.8399318
            ],
            [
              2.3223197,
              48.8402318
            ],
            [
              2.3220197,
              48.8402318
            ],
            [
              2.3220197,
              48.8399318
            ]
          ]
        ]
      }
    },
    {
      "type": "Feature",
      "properties": {
        "color": "#e67e22",
        "height": 25
      },
      "geometry": {
        "type": "Polygon",
        "coordinates": [
          [
            [
              2.3803986999999998,
              48.8583263
            ],
            [
              2.3806987,
              48.8583263
            ],
            [
              2.3806987,
              48.8586263
            ],
            [
              2.3803986999999998,
              48.8586263
            ],
            [
              2.3803986999999998,
              48.8583263
            ]
          ]
        ]
      }
    },
    {
      "type": "Feature",
      "properties": {
        "color": "#2ecc71",
        "height": 20
      },
      "geometry": {
        "type": "Polygon",
        "coordinates": [
          [
            [
              2.3329183,
              48.8344989
            ],
            [
              2.3332183,
              48.8344989
            ],
            [
              2.3332183,
              48.834798899999996
            ],
            [
              2.3329183,
              48.834798899999996
            ],
            [
              2.3329183,
              48.8344989
            ]
          ]
        ]
      }
    },
    {
      "type": "Feature",
      "properties": {
        "color": "#2ecc71",
        "height": 20
      },
      "geometry": {
        "type": "Polygon",
        "coordinates": [
          [
            [
              2.3713322999999997,
              48.8695516
            ],
            [
              2.3716323,
              48.8695516
            ],
            [
              2.3716323,
              48.8698516
            ],
            [
              2.3713322999999997,
              48.8698516
            ],
            [
              2.3713322999999997,
              48.8695516
            ]
          ]
        ]
      }
    },
    {
      "type": "Feature",
      "properties": {
        "color": "#2ecc71",
        "height": 20
      },
      "geometry": {
        "type": "Polygon",
        "coordinates": [
          [
            [
              2.3733597,
              48.8662178
            ],
            [
              2.3736597,
              48.8662178
            ],
            [
              2.3736597,
              48.8665178
            ],
            [
              2.3733597,
              48.8665178
            ],
            [
              2.3733597,
              48.8662178
            ]
          ]
        ]
      }
    },
    {
      "type": "Feature",
      "properties": {
        "color": "#2ecc71",
        "height": 20
      },
      "geometry": {
        "type": "Polygon",
        "coordinates": [
          [
            [
              2.3740379,
              48.865012
            ],
            [
              2.3743379,
              48.865012
            ],
            [
              2.3743379,
              48.865311999999996
            ],
            [
              2.3740379,
              48.865311999999996
            ],
            [
              2.3740379,
              48.865012
            ]
          ]
        ]
      }
    },
    {
      "type": "Feature",
      "properties": {
        "color": "#2ecc71",
        "height": 20
      },
      "geometry": {
        "type": "Polygon",
        "coordinates": [
          [
            [
              2.3772553999999997,
              48.865746800000004
            ],
            [
              2.3775554,
              48.865746800000004
            ],
            [
              2.3775554,
              48.8660468
            ],
            [
              2.3772553999999997,
              48.8660468
            ],
            [
              2.3772553999999997,
              48.865746800000004
            ]
          ]
        ]
      }
    },
    {
      "type": "Feature",
      "properties": {
        "color": "#e67e22",
        "height": 25
      },
      "geometry": {
        "type": "Polygon",
        "coordinates": [
          [
            [
              2.3746261,
              48.868772400000005
            ],
            [
              2.3749261,
              48.868772400000005
            ],
            [
              2.3749261,
              48.8690724
            ],
            [
              2.3746261,
              48.8690724
            ],
            [
              2.3746261,
              48.868772400000005
            ]
          ]
        ]
      }
    },
    {
      "type": "Feature",
      "properties": {
        "color": "#e67e22",
        "height": 25
      },
      "geometry": {
        "type": "Polygon",
        "coordinates": [
          [
            [
              2.3683413,
              48.8762939
            ],
            [
              2.3686413,
              48.8762939
            ],
            [
              2.3686413,
              48.876593899999996
            ],
            [
              2.3683413,
              48.876593899999996
            ],
            [
              2.3683413,
              48.8762939
            ]
          ]
        ]
      }
    },
    {
      "type": "Feature",
      "properties": {
        "color": "#2ecc71",
        "height": 20
      },
      "geometry": {
        "type": "Polygon",
        "coordinates": [
          [
            [
              2.3645416999999997,
              48.8735118
            ],
            [
              2.3648417,
              48.8735118
            ],
            [
              2.3648417,
              48.8738118
            ],
            [
              2.3645416999999997,
              48.8738118
            ],
            [
              2.3645416999999997,
              48.8735118
            ]
          ]
        ]
      }
    },
    {
      "type": "Feature",
      "properties": {
        "color": "#e67e22",
        "height": 25
      },
      "geometry": {
        "type": "Polygon",
        "coordinates": [
          [
            [
              2.3707602999999997,
              48.8703622
            ],
            [
              2.3710603,
              48.8703622
            ],
            [
              2.3710603,
              48.8706622
            ],
            [
              2.3707602999999997,
              48.8706622
            ],
            [
              2.3707602999999997,
              48.8703622
            ]
          ]
        ]
      }
    },
    {
      "type": "Feature",
      "properties": {
        "color": "#2ecc71",
        "height": 20
      },
      "geometry": {
        "type": "Polygon",
        "coordinates": [
          [
            [
              2.3705458,
              48.8700124
            ],
            [
              2.3708458,
              48.8700124
            ],
            [
              2.3708458,
              48.870312399999996
            ],
            [
              2.3705458,
              48.870312399999996
            ],
            [
              2.3705458,
              48.8700124
            ]
          ]
        ]
      }
    },
    {
      "type": "Feature",
      "properties": {
        "color": "#2ecc71",
        "height": 20
      },
      "geometry": {
        "type": "Polygon",
        "coordinates": [
          [
            [
              2.3725562,
              48.8704526
            ],
            [
              2.3728562,
              48.8704526
            ],
            [
              2.3728562,
              48.870752599999996
            ],
            [
              2.3725562,
              48.870752599999996
            ],
            [
              2.3725562,
              48.8704526
            ]
          ]
        ]
      }
    },
    {
      "type": "Feature",
      "properties": {
        "color": "#e67e22",
        "height": 25
      },
      "geometry": {
        "type": "Polygon",
        "coordinates": [
          [
            [
              2.3719951999999997,
              48.8700191
            ],
            [
              2.3722952,
              48.8700191
            ],
            [
              2.3722952,
              48.870319099999996
            ],
            [
              2.3719951999999997,
              48.870319099999996
            ],
            [
              2.3719951999999997,
              48.8700191
            ]
          ]
        ]
      }
    },
    {
      "type": "Feature",
      "properties": {
        "color": "#2ecc71",
        "height": 20
      },
      "geometry": {
        "type": "Polygon",
        "coordinates": [
          [
            [
              2.3711702999999997,
              48.866151900000006
            ],
            [
              2.3714703,
              48.866151900000006
            ],
            [
              2.3714703,
              48.8664519
            ],
            [
              2.3711702999999997,
              48.8664519
            ],
            [
              2.3711702999999997,
              48.866151900000006
            ]
          ]
        ]
      }
    },
    {
      "type": "Feature",
      "properties": {
        "color": "#2ecc71",
        "height": 20
      },
      "geometry": {
        "type": "Polygon",
        "coordinates": [
          [
            [
              2.3836461,
              48.8665171
            ],
            [
              2.3839461,
              48.8665171
            ],
            [
              2.3839461,
              48.8668171
            ],
            [
              2.3836461,
              48.8668171
            ],
            [
              2.3836461,
              48.8665171
            ]
          ]
        ]
      }
    },
    {
      "type": "Feature",
      "properties": {
        "color": "#e67e22",
        "height": 25
      },
      "geometry": {
        "type": "Polygon",
        "coordinates": [
          [
            [
              2.3792793,
              48.8661
            ],
            [
              2.3795793,
              48.8661
            ],
            [
              2.3795793,
              48.8664
            ],
            [
              2.3792793,
              48.8664
            ],
            [
              2.3792793,
              48.8661
            ]
          ]
        ]
      }
    },
    {
      "type": "Feature",
      "properties": {
        "color": "#2ecc71",
        "height": 20
      },
      "geometry": {
        "type": "Polygon",
        "coordinates": [
          [
            [
              2.3797147,
              48.8685618
            ],
            [
              2.3800147000000003,
              48.8685618
            ],
            [
              2.3800147000000003,
              48.8688618
            ],
            [
              2.3797147,
              48.8688618
            ],
            [
              2.3797147,
              48.8685618
            ]
          ]
        ]
      }
    },
    {
      "type": "Feature",
      "properties": {
        "color": "#2ecc71",
        "height": 20
      },
      "geometry": {
        "type": "Polygon",
        "coordinates": [
          [
            [
              2.3865314,
              48.8678875
            ],
            [
              2.3868314,
              48.8678875
            ],
            [
              2.3868314,
              48.8681875
            ],
            [
              2.3865314,
              48.8681875
            ],
            [
              2.3865314,
              48.8678875
            ]
          ]
        ]
      }
    },
    {
      "type": "Feature",
      "properties": {
        "color": "#e67e22",
        "height": 25
      },
      "geometry": {
        "type": "Polygon",
        "coordinates": [
          [
            [
              2.3785732,
              48.848419400000004
            ],
            [
              2.3788732,
              48.848419400000004
            ],
            [
              2.3788732,
              48.8487194
            ],
            [
              2.3785732,
              48.8487194
            ],
            [
              2.3785732,
              48.848419400000004
            ]
          ]
        ]
      }
    },
    {
      "type": "Feature",
      "properties": {
        "color": "#2ecc71",
        "height": 20
      },
      "geometry": {
        "type": "Polygon",
        "coordinates": [
          [
            [
              2.3793411,
              48.8461893
            ],
            [
              2.3796411,
              48.8461893
            ],
            [
              2.3796411,
              48.846489299999995
            ],
            [
              2.3793411,
              48.846489299999995
            ],
            [
              2.3793411,
              48.8461893
            ]
          ]
        ]
      }
    },
    {
      "type": "Feature",
      "properties": {
        "color": "#2ecc71",
        "height": 20
      },
      "geometry": {
        "type": "Polygon",
        "coordinates": [
          [
            [
              2.3838133,
              48.8466682
            ],
            [
              2.3841133,
              48.8466682
            ],
            [
              2.3841133,
              48.8469682
            ],
            [
              2.3838133,
              48.8469682
            ],
            [
              2.3838133,
              48.8466682
            ]
          ]
        ]
      }
    },
    {
      "type": "Feature",
      "properties": {
        "color": "#2ecc71",
        "height": 20
      },
      "geometry": {
        "type": "Polygon",
        "coordinates": [
          [
            [
              2.3939831,
              48.8482122
            ],
            [
              2.3942831,
              48.8482122
            ],
            [
              2.3942831,
              48.848512199999995
            ],
            [
              2.3939831,
              48.848512199999995
            ],
            [
              2.3939831,
              48.8482122
            ]
          ]
        ]
      }
    },
    {
      "type": "Feature",
      "properties": {
        "color": "#2ecc71",
        "height": 20
      },
      "geometry": {
        "type": "Polygon",
        "coordinates": [
          [
            [
              2.3817461,
              48.8504116
            ],
            [
              2.3820461,
              48.8504116
            ],
            [
              2.3820461,
              48.8507116
            ],
            [
              2.3817461,
              48.8507116
            ],
            [
              2.3817461,
              48.8504116
            ]
          ]
        ]
      }
    },
    {
      "type": "Feature",
      "properties": {
        "color": "#2ecc71",
        "height": 20
      },
      "geometry": {
        "type": "Polygon",
        "coordinates": [
          [
            [
              2.3839927,
              48.8498208
            ],
            [
              2.3842927,
              48.8498208
            ],
            [
              2.3842927,
              48.8501208
            ],
            [
              2.3839927,
              48.8501208
            ],
            [
              2.3839927,
              48.8498208
            ]
          ]
        ]
      }
    },
    {
      "type": "Feature",
      "properties": {
        "color": "#2ecc71",
        "height": 20
      },
      "geometry": {
        "type": "Polygon",
        "coordinates": [
          [
            [
              2.3870176,
              48.8469542
            ],
            [
              2.3873176000000003,
              48.8469542
            ],
            [
              2.3873176000000003,
              48.847254199999995
            ],
            [
              2.3870176,
              48.847254199999995
            ],
            [
              2.3870176,
              48.8469542
            ]
          ]
        ]
      }
    },
    {
      "type": "Feature",
      "properties": {
        "color": "#e67e22",
        "height": 25
      },
      "geometry": {
        "type": "Polygon",
        "coordinates": [
          [
            [
              2.3553777,
              48.8644753
            ],
            [
              2.3556777,
              48.8644753
            ],
            [
              2.3556777,
              48.8647753
            ],
            [
              2.3553777,
              48.8647753
            ],
            [
              2.3553777,
              48.8644753
            ]
          ]
        ]
      }
    },
    {
      "type": "Feature",
      "properties": {
        "color": "#2ecc71",
        "height": 20
      },
      "geometry": {
        "type": "Polygon",
        "coordinates": [
          [
            [
              2.3314437999999997,
              48.832812700000005
            ],
            [
              2.3317438,
              48.832812700000005
            ],
            [
              2.3317438,
              48.8331127
            ],
            [
              2.3314437999999997,
              48.8331127
            ],
            [
              2.3314437999999997,
              48.832812700000005
            ]
          ]
        ]
      }
    },
    {
      "type": "Feature",
      "properties": {
        "color": "#2ecc71",
        "height": 20
      },
      "geometry": {
        "type": "Polygon",
        "coordinates": [
          [
            [
              2.3962474,
              48.869866
            ],
            [
              2.3965474,
              48.869866
            ],
            [
              2.3965474,
              48.870166
            ],
            [
              2.3962474,
              48.870166
            ],
            [
              2.3962474,
              48.869866
            ]
          ]
        ]
      }
    },
    {
      "type": "Feature",
      "properties": {
        "color": "#2ecc71",
        "height": 20
      },
      "geometry": {
        "type": "Polygon",
        "coordinates": [
          [
            [
              2.3612999,
              48.8705566
            ],
            [
              2.3615999000000003,
              48.8705566
            ],
            [
              2.3615999000000003,
              48.870856599999996
            ],
            [
              2.3612999,
              48.870856599999996
            ],
            [
              2.3612999,
              48.8705566
            ]
          ]
        ]
      }
    },
    {
      "type": "Feature",
      "properties": {
        "color": "#e67e22",
        "height": 25
      },
      "geometry": {
        "type": "Polygon",
        "coordinates": [
          [
            [
              2.3895600999999997,
              48.8738789
            ],
            [
              2.3898601,
              48.8738789
            ],
            [
              2.3898601,
              48.8741789
            ],
            [
              2.3895600999999997,
              48.8741789
            ],
            [
              2.3895600999999997,
              48.8738789
            ]
          ]
        ]
      }
    },
    {
      "type": "Feature",
      "properties": {
        "color": "#2ecc71",
        "height": 20
      },
      "geometry": {
        "type": "Polygon",
        "coordinates": [
          [
            [
              2.3930702999999998,
              48.836381200000005
            ],
            [
              2.3933703,
              48.836381200000005
            ],
            [
              2.3933703,
              48.8366812
            ],
            [
              2.3930702999999998,
              48.8366812
            ],
            [
              2.3930702999999998,
              48.836381200000005
            ]
          ]
        ]
      }
    },
    {
      "type": "Feature",
      "properties": {
        "color": "#e67e22",
        "height": 25
      },
      "geometry": {
        "type": "Polygon",
        "coordinates": [
          [
            [
              2.394254,
              48.8409004
            ],
            [
              2.3945540000000003,
              48.8409004
            ],
            [
              2.3945540000000003,
              48.8412004
            ],
            [
              2.394254,
              48.8412004
            ],
            [
              2.394254,
              48.8409004
            ]
          ]
        ]
      }
    },
    {
      "type": "Feature",
      "properties": {
        "color": "#2ecc71",
        "height": 20
      },
      "geometry": {
        "type": "Polygon",
        "coordinates": [
          [
            [
              2.3873557,
              48.836001200000005
            ],
            [
              2.3876557000000003,
              48.836001200000005
            ],
            [
              2.3876557000000003,
              48.8363012
            ],
            [
              2.3873557,
              48.8363012
            ],
            [
              2.3873557,
              48.836001200000005
            ]
          ]
        ]
      }
    },
    {
      "type": "Feature",
      "properties": {
        "color": "#2ecc71",
        "height": 20
      },
      "geometry": {
        "type": "Polygon",
        "coordinates": [
          [
            [
              2.3911206,
              48.8372825
            ],
            [
              2.3914206,
              48.8372825
            ],
            [
              2.3914206,
              48.837582499999996
            ],
            [
              2.3911206,
              48.837582499999996
            ],
            [
              2.3911206,
              48.8372825
            ]
          ]
        ]
      }
    },
    {
      "type": "Feature",
      "properties": {
        "color": "#e67e22",
        "height": 25
      },
      "geometry": {
        "type": "Polygon",
        "coordinates": [
          [
            [
              2.3152162,
              48.831165500000004
            ],
            [
              2.3155162000000002,
              48.831165500000004
            ],
            [
              2.3155162000000002,
              48.8314655
            ],
            [
              2.3152162,
              48.8314655
            ],
            [
              2.3152162,
              48.831165500000004
            ]
          ]
        ]
      }
    },
    {
      "type": "Feature",
      "properties": {
        "color": "#2ecc71",
        "height": 20
      },
      "geometry": {
        "type": "Polygon",
        "coordinates": [
          [
            [
              2.3145743,
              48.8314042
            ],
            [
              2.3148743,
              48.8314042
            ],
            [
              2.3148743,
              48.8317042
            ],
            [
              2.3145743,
              48.8317042
            ],
            [
              2.3145743,
              48.8314042
            ]
          ]
        ]
      }
    },
    {
      "type": "Feature",
      "properties": {
        "color": "#2ecc71",
        "height": 20
      },
      "geometry": {
        "type": "Polygon",
        "coordinates": [
          [
            [
              2.3203111,
              48.8319647
            ],
            [
              2.3206111000000003,
              48.8319647
            ],
            [
              2.3206111000000003,
              48.832264699999996
            ],
            [
              2.3203111,
              48.832264699999996
            ],
            [
              2.3203111,
              48.8319647
            ]
          ]
        ]
      }
    },
    {
      "type": "Feature",
      "properties": {
        "color": "#e67e22",
        "height": 25
      },
      "geometry": {
        "type": "Polygon",
        "coordinates": [
          [
            [
              2.3687658,
              48.8645489
            ],
            [
              2.3690658,
              48.8645489
            ],
            [
              2.3690658,
              48.8648489
            ],
            [
              2.3687658,
              48.8648489
            ],
            [
              2.3687658,
              48.8645489
            ]
          ]
        ]
      }
    },
    {
      "type": "Feature",
      "properties": {
        "color": "#2ecc71",
        "height": 20
      },
      "geometry": {
        "type": "Polygon",
        "coordinates": [
          [
            [
              2.3741214,
              48.8613519
            ],
            [
              2.3744214,
              48.8613519
            ],
            [
              2.3744214,
              48.8616519
            ],
            [
              2.3741214,
              48.8616519
            ],
            [
              2.3741214,
              48.8613519
            ]
          ]
        ]
      }
    },
    {
      "type": "Feature",
      "properties": {
        "color": "#2ecc71",
        "height": 20
      },
      "geometry": {
        "type": "Polygon",
        "coordinates": [
          [
            [
              2.375858,
              48.8589605
            ],
            [
              2.376158,
              48.8589605
            ],
            [
              2.376158,
              48.8592605
            ],
            [
              2.375858,
              48.8592605
            ],
            [
              2.375858,
              48.8589605
            ]
          ]
        ]
      }
    },
    {
      "type": "Feature",
      "properties": {
        "color": "#2ecc71",
        "height": 20
      },
      "geometry": {
        "type": "Polygon",
        "coordinates": [
          [
            [
              2.3728169,
              48.861431200000006
            ],
            [
              2.3731169000000003,
              48.861431200000006
            ],
            [
              2.3731169000000003,
              48.8617312
            ],
            [
              2.3728169,
              48.8617312
            ],
            [
              2.3728169,
              48.861431200000006
            ]
          ]
        ]
      }
    },
    {
      "type": "Feature",
      "properties": {
        "color": "#e67e22",
        "height": 25
      },
      "geometry": {
        "type": "Polygon",
        "coordinates": [
          [
            [
              2.3897298,
              48.838478800000004
            ],
            [
              2.3900298,
              48.838478800000004
            ],
            [
              2.3900298,
              48.8387788
            ],
            [
              2.3897298,
              48.8387788
            ],
            [
              2.3897298,
              48.838478800000004
            ]
          ]
        ]
      }
    },
    {
      "type": "Feature",
      "properties": {
        "color": "#2ecc71",
        "height": 20
      },
      "geometry": {
        "type": "Polygon",
        "coordinates": [
          [
            [
              2.3685351,
              48.8647104
            ],
            [
              2.3688351,
              48.8647104
            ],
            [
              2.3688351,
              48.865010399999996
            ],
            [
              2.3685351,
              48.865010399999996
            ],
            [
              2.3685351,
              48.8647104
            ]
          ]
        ]
      }
    },
    {
      "type": "Feature",
      "properties": {
        "color": "#e67e22",
        "height": 25
      },
      "geometry": {
        "type": "Polygon",
        "coordinates": [
          [
            [
              2.3880711999999997,
              48.846036000000005
            ],
            [
              2.3883712,
              48.846036000000005
            ],
            [
              2.3883712,
              48.846336
            ],
            [
              2.3880711999999997,
              48.846336
            ],
            [
              2.3880711999999997,
              48.846036000000005
            ]
          ]
        ]
      }
    },
    {
      "type": "Feature",
      "properties": {
        "color": "#2ecc71",
        "height": 20
      },
      "geometry": {
        "type": "Polygon",
        "coordinates": [
          [
            [
              2.3730303,
              48.8458319
            ],
            [
              2.3733303,
              48.8458319
            ],
            [
              2.3733303,
              48.846131899999996
            ],
            [
              2.3730303,
              48.846131899999996
            ],
            [
              2.3730303,
              48.8458319
            ]
          ]
        ]
      }
    },
    {
      "type": "Feature",
      "properties": {
        "color": "#2ecc71",
        "height": 20
      },
      "geometry": {
        "type": "Polygon",
        "coordinates": [
          [
            [
              2.3721620999999997,
              48.8464193
            ],
            [
              2.3724621,
              48.8464193
            ],
            [
              2.3724621,
              48.8467193
            ],
            [
              2.3721620999999997,
              48.8467193
            ],
            [
              2.3721620999999997,
              48.8464193
            ]
          ]
        ]
      }
    },
    {
      "type": "Feature",
      "properties": {
        "color": "#2ecc71",
        "height": 20
      },
      "geometry": {
        "type": "Polygon",
        "coordinates": [
          [
            [
              2.3823528,
              48.8446488
            ],
            [
              2.3826528000000002,
              48.8446488
            ],
            [
              2.3826528000000002,
              48.8449488
            ],
            [
              2.3823528,
              48.8449488
            ],
            [
              2.3823528,
              48.8446488
            ]
          ]
        ]
      }
    },
    {
      "type": "Feature",
      "properties": {
        "color": "#2ecc71",
        "height": 20
      },
      "geometry": {
        "type": "Polygon",
        "coordinates": [
          [
            [
              2.3765538999999998,
              48.8458666
            ],
            [
              2.3768539,
              48.8458666
            ],
            [
              2.3768539,
              48.8461666
            ],
            [
              2.3765538999999998,
              48.8461666
            ],
            [
              2.3765538999999998,
              48.8458666
            ]
          ]
        ]
      }
    },
    {
      "type": "Feature",
      "properties": {
        "color": "#e67e22",
        "height": 25
      },
      "geometry": {
        "type": "Polygon",
        "coordinates": [
          [
            [
              2.3284038,
              48.874302300000004
            ],
            [
              2.3287038,
              48.874302300000004
            ],
            [
              2.3287038,
              48.8746023
            ],
            [
              2.3284038,
              48.8746023
            ],
            [
              2.3284038,
              48.874302300000004
            ]
          ]
        ]
      }
    },
    {
      "type": "Feature",
      "properties": {
        "color": "#e67e22",
        "height": 25
      },
      "geometry": {
        "type": "Polygon",
        "coordinates": [
          [
            [
              2.3176109,
              48.8469683
            ],
            [
              2.3179109,
              48.8469683
            ],
            [
              2.3179109,
              48.847268299999996
            ],
            [
              2.3176109,
              48.847268299999996
            ],
            [
              2.3176109,
              48.8469683
            ]
          ]
        ]
      }
    },
    {
      "type": "Feature",
      "properties": {
        "color": "#2ecc71",
        "height": 20
      },
      "geometry": {
        "type": "Polygon",
        "coordinates": [
          [
            [
              2.3588565999999997,
              48.8355406
            ],
            [
              2.3591566,
              48.8355406
            ],
            [
              2.3591566,
              48.8358406
            ],
            [
              2.3588565999999997,
              48.8358406
            ],
            [
              2.3588565999999997,
              48.8355406
            ]
          ]
        ]
      }
    },
    {
      "type": "Feature",
      "properties": {
        "color": "#2ecc71",
        "height": 20
      },
      "geometry": {
        "type": "Polygon",
        "coordinates": [
          [
            [
              2.3040005,
              48.831897000000005
            ],
            [
              2.3043005,
              48.831897000000005
            ],
            [
              2.3043005,
              48.832197
            ],
            [
              2.3040005,
              48.832197
            ],
            [
              2.3040005,
              48.831897000000005
            ]
          ]
        ]
      }
    },
    {
      "type": "Feature",
      "properties": {
        "color": "#2ecc71",
        "height": 20
      },
      "geometry": {
        "type": "Polygon",
        "coordinates": [
          [
            [
              2.3043074,
              48.8345805
            ],
            [
              2.3046074,
              48.8345805
            ],
            [
              2.3046074,
              48.8348805
            ],
            [
              2.3043074,
              48.8348805
            ],
            [
              2.3043074,
              48.8345805
            ]
          ]
        ]
      }
    },
    {
      "type": "Feature",
      "properties": {
        "color": "#2ecc71",
        "height": 20
      },
      "geometry": {
        "type": "Polygon",
        "coordinates": [
          [
            [
              2.3059429,
              48.8367501
            ],
            [
              2.3062429,
              48.8367501
            ],
            [
              2.3062429,
              48.8370501
            ],
            [
              2.3059429,
              48.8370501
            ],
            [
              2.3059429,
              48.8367501
            ]
          ]
        ]
      }
    },
    {
      "type": "Feature",
      "properties": {
        "color": "#2ecc71",
        "height": 20
      },
      "geometry": {
        "type": "Polygon",
        "coordinates": [
          [
            [
              2.3540354999999997,
              48.8574977
            ],
            [
              2.3543355,
              48.8574977
            ],
            [
              2.3543355,
              48.8577977
            ],
            [
              2.3540354999999997,
              48.8577977
            ],
            [
              2.3540354999999997,
              48.8574977
            ]
          ]
        ]
      }
    },
    {
      "type": "Feature",
      "properties": {
        "color": "#2ecc71",
        "height": 20
      },
      "geometry": {
        "type": "Polygon",
        "coordinates": [
          [
            [
              2.3537458,
              48.8589561
            ],
            [
              2.3540458,
              48.8589561
            ],
            [
              2.3540458,
              48.859256099999996
            ],
            [
              2.3537458,
              48.859256099999996
            ],
            [
              2.3537458,
              48.8589561
            ]
          ]
        ]
      }
    },
    {
      "type": "Feature",
      "properties": {
        "color": "#e67e22",
        "height": 25
      },
      "geometry": {
        "type": "Polygon",
        "coordinates": [
          [
            [
              2.3644974999999997,
              48.8331674
            ],
            [
              2.3647975,
              48.8331674
            ],
            [
              2.3647975,
              48.833467399999996
            ],
            [
              2.3644974999999997,
              48.833467399999996
            ],
            [
              2.3644974999999997,
              48.8331674
            ]
          ]
        ]
      }
    },
    {
      "type": "Feature",
      "properties": {
        "color": "#2ecc71",
        "height": 20
      },
      "geometry": {
        "type": "Polygon",
        "coordinates": [
          [
            [
              2.3656303,
              48.8334464
            ],
            [
              2.3659303,
              48.8334464
            ],
            [
              2.3659303,
              48.833746399999995
            ],
            [
              2.3656303,
              48.833746399999995
            ],
            [
              2.3656303,
              48.8334464
            ]
          ]
        ]
      }
    },
    {
      "type": "Feature",
      "properties": {
        "color": "#2ecc71",
        "height": 20
      },
      "geometry": {
        "type": "Polygon",
        "coordinates": [
          [
            [
              2.3584853,
              48.835021600000005
            ],
            [
              2.3587853,
              48.835021600000005
            ],
            [
              2.3587853,
              48.8353216
            ],
            [
              2.3584853,
              48.8353216
            ],
            [
              2.3584853,
              48.835021600000005
            ]
          ]
        ]
      }
    },
    {
      "type": "Feature",
      "properties": {
        "color": "#e67e22",
        "height": 25
      },
      "geometry": {
        "type": "Polygon",
        "coordinates": [
          [
            [
              2.3369435,
              48.8533293
            ],
            [
              2.3372435,
              48.8533293
            ],
            [
              2.3372435,
              48.853629299999994
            ],
            [
              2.3369435,
              48.853629299999994
            ],
            [
              2.3369435,
              48.8533293
            ]
          ]
        ]
      }
    },
    {
      "type": "Feature",
      "properties": {
        "color": "#e67e22",
        "height": 25
      },
      "geometry": {
        "type": "Polygon",
        "coordinates": [
          [
            [
              2.3091068,
              48.8445904
            ],
            [
              2.3094068,
              48.8445904
            ],
            [
              2.3094068,
              48.8448904
            ],
            [
              2.3091068,
              48.8448904
            ],
            [
              2.3091068,
              48.8445904
            ]
          ]
        ]
      }
    },
    {
      "type": "Feature",
      "properties": {
        "color": "#e67e22",
        "height": 25
      },
      "geometry": {
        "type": "Polygon",
        "coordinates": [
          [
            [
              2.3753389,
              48.873721
            ],
            [
              2.3756389,
              48.873721
            ],
            [
              2.3756389,
              48.874021
            ],
            [
              2.3753389,
              48.874021
            ],
            [
              2.3753389,
              48.873721
            ]
          ]
        ]
      }
    },
    {
      "type": "Feature",
      "properties": {
        "color": "#2ecc71",
        "height": 20
      },
      "geometry": {
        "type": "Polygon",
        "coordinates": [
          [
            [
              2.3797322,
              48.8734094
            ],
            [
              2.3800322,
              48.8734094
            ],
            [
              2.3800322,
              48.873709399999996
            ],
            [
              2.3797322,
              48.873709399999996
            ],
            [
              2.3797322,
              48.8734094
            ]
          ]
        ]
      }
    },
    {
      "type": "Feature",
      "properties": {
        "color": "#e67e22",
        "height": 25
      },
      "geometry": {
        "type": "Polygon",
        "coordinates": [
          [
            [
              2.376156,
              48.872146400000005
            ],
            [
              2.376456,
              48.872146400000005
            ],
            [
              2.376456,
              48.8724464
            ],
            [
              2.376156,
              48.8724464
            ],
            [
              2.376156,
              48.872146400000005
            ]
          ]
        ]
      }
    },
    {
      "type": "Feature",
      "properties": {
        "color": "#e67e22",
        "height": 25
      },
      "geometry": {
        "type": "Polygon",
        "coordinates": [
          [
            [
              2.3786639,
              48.8726203
            ],
            [
              2.3789639,
              48.8726203
            ],
            [
              2.3789639,
              48.8729203
            ],
            [
              2.3786639,
              48.8729203
            ],
            [
              2.3786639,
              48.8726203
            ]
          ]
        ]
      }
    },
    {
      "type": "Feature",
      "properties": {
        "color": "#3498db",
        "height": 30
      },
      "geometry": {
        "type": "Polygon",
        "coordinates": [
          [
            [
              2.3041432,
              48.875386
            ],
            [
              2.3044432,
              48.875386
            ],
            [
              2.3044432,
              48.875685999999995
            ],
            [
              2.3041432,
              48.875685999999995
            ],
            [
              2.3041432,
              48.875386
            ]
          ]
        ]
      }
    },
    {
      "type": "Feature",
      "properties": {
        "color": "#3498db",
        "height": 30
      },
      "geometry": {
        "type": "Polygon",
        "coordinates": [
          [
            [
              2.3433625,
              48.8552231
            ],
            [
              2.3436625,
              48.8552231
            ],
            [
              2.3436625,
              48.8555231
            ],
            [
              2.3433625,
              48.8555231
            ],
            [
              2.3433625,
              48.8552231
            ]
          ]
        ]
      }
    },
    {
      "type": "Feature",
      "properties": {
        "color": "#2ecc71",
        "height": 20
      },
      "geometry": {
        "type": "Polygon",
        "coordinates": [
          [
            [
              2.3441332,
              48.8598639
            ],
            [
              2.3444332,
              48.8598639
            ],
            [
              2.3444332,
              48.860163899999996
            ],
            [
              2.3441332,
              48.860163899999996
            ],
            [
              2.3441332,
              48.8598639
            ]
          ]
        ]
      }
    },
    {
      "type": "Feature",
      "properties": {
        "color": "#2ecc71",
        "height": 20
      },
      "geometry": {
        "type": "Polygon",
        "coordinates": [
          [
            [
              2.351693,
              48.8615409
            ],
            [
              2.3519930000000002,
              48.8615409
            ],
            [
              2.3519930000000002,
              48.8618409
            ],
            [
              2.351693,
              48.8618409
            ],
            [
              2.351693,
              48.8615409
            ]
          ]
        ]
      }
    },
    {
      "type": "Feature",
      "properties": {
        "color": "#2ecc71",
        "height": 20
      },
      "geometry": {
        "type": "Polygon",
        "coordinates": [
          [
            [
              2.3001051,
              48.8512362
            ],
            [
              2.3004051000000003,
              48.8512362
            ],
            [
              2.3004051000000003,
              48.8515362
            ],
            [
              2.3001051,
              48.8515362
            ],
            [
              2.3001051,
              48.8512362
            ]
          ]
        ]
      }
    },
    {
      "type": "Feature",
      "properties": {
        "color": "#2ecc71",
        "height": 20
      },
      "geometry": {
        "type": "Polygon",
        "coordinates": [
          [
            [
              2.3463032999999998,
              48.863965300000004
            ],
            [
              2.3466033,
              48.863965300000004
            ],
            [
              2.3466033,
              48.8642653
            ],
            [
              2.3463032999999998,
              48.8642653
            ],
            [
              2.3463032999999998,
              48.863965300000004
            ]
          ]
        ]
      }
    },
    {
      "type": "Feature",
      "properties": {
        "color": "#2ecc71",
        "height": 20
      },
      "geometry": {
        "type": "Polygon",
        "coordinates": [
          [
            [
              2.3400109,
              48.8637997
            ],
            [
              2.3403109,
              48.8637997
            ],
            [
              2.3403109,
              48.8640997
            ],
            [
              2.3400109,
              48.8640997
            ],
            [
              2.3400109,
              48.8637997
            ]
          ]
        ]
      }
    },
    {
      "type": "Feature",
      "properties": {
        "color": "#2ecc71",
        "height": 20
      },
      "geometry": {
        "type": "Polygon",
        "coordinates": [
          [
            [
              2.337548,
              48.866340400000006
            ],
            [
              2.337848,
              48.866340400000006
            ],
            [
              2.337848,
              48.8666404
            ],
            [
              2.337548,
              48.8666404
            ],
            [
              2.337548,
              48.866340400000006
            ]
          ]
        ]
      }
    },
    {
      "type": "Feature",
      "properties": {
        "color": "#2ecc71",
        "height": 20
      },
      "geometry": {
        "type": "Polygon",
        "coordinates": [
          [
            [
              2.3360855,
              48.8668171
            ],
            [
              2.3363855,
              48.8668171
            ],
            [
              2.3363855,
              48.867117099999994
            ],
            [
              2.3360855,
              48.867117099999994
            ],
            [
              2.3360855,
              48.8668171
            ]
          ]
        ]
      }
    },
    {
      "type": "Feature",
      "properties": {
        "color": "#2ecc71",
        "height": 20
      },
      "geometry": {
        "type": "Polygon",
        "coordinates": [
          [
            [
              2.3324727,
              48.8646072
            ],
            [
              2.3327727,
              48.8646072
            ],
            [
              2.3327727,
              48.8649072
            ],
            [
              2.3324727,
              48.8649072
            ],
            [
              2.3324727,
              48.8646072
            ]
          ]
        ]
      }
    },
    {
      "type": "Feature",
      "properties": {
        "color": "#e67e22",
        "height": 25
      },
      "geometry": {
        "type": "Polygon",
        "coordinates": [
          [
            [
              2.3316756,
              48.866156100000005
            ],
            [
              2.3319756000000003,
              48.866156100000005
            ],
            [
              2.3319756000000003,
              48.8664561
            ],
            [
              2.3316756,
              48.8664561
            ],
            [
              2.3316756,
              48.866156100000005
            ]
          ]
        ]
      }
    },
    {
      "type": "Feature",
      "properties": {
        "color": "#2ecc71",
        "height": 20
      },
      "geometry": {
        "type": "Polygon",
        "coordinates": [
          [
            [
              2.3775853,
              48.8720307
            ],
            [
              2.3778853,
              48.8720307
            ],
            [
              2.3778853,
              48.8723307
            ],
            [
              2.3775853,
              48.8723307
            ],
            [
              2.3775853,
              48.8720307
            ]
          ]
        ]
      }
    },
    {
      "type": "Feature",
      "properties": {
        "color": "#2ecc71",
        "height": 20
      },
      "geometry": {
        "type": "Polygon",
        "coordinates": [
          [
            [
              2.3506882,
              48.8642649
            ],
            [
              2.3509882,
              48.8642649
            ],
            [
              2.3509882,
              48.8645649
            ],
            [
              2.3506882,
              48.8645649
            ],
            [
              2.3506882,
              48.8642649
            ]
          ]
        ]
      }
    },
    {
      "type": "Feature",
      "properties": {
        "color": "#2ecc71",
        "height": 20
      },
      "geometry": {
        "type": "Polygon",
        "coordinates": [
          [
            [
              2.3487058,
              48.8590316
            ],
            [
              2.3490058,
              48.8590316
            ],
            [
              2.3490058,
              48.8593316
            ],
            [
              2.3487058,
              48.8593316
            ],
            [
              2.3487058,
              48.8590316
            ]
          ]
        ]
      }
    },
    {
      "type": "Feature",
      "properties": {
        "color": "#2ecc71",
        "height": 20
      },
      "geometry": {
        "type": "Polygon",
        "coordinates": [
          [
            [
              2.353924,
              48.859576100000005
            ],
            [
              2.3542240000000003,
              48.859576100000005
            ],
            [
              2.3542240000000003,
              48.8598761
            ],
            [
              2.353924,
              48.8598761
            ],
            [
              2.353924,
              48.859576100000005
            ]
          ]
        ]
      }
    },
    {
      "type": "Feature",
      "properties": {
        "color": "#2ecc71",
        "height": 20
      },
      "geometry": {
        "type": "Polygon",
        "coordinates": [
          [
            [
              2.356438,
              48.859925100000005
            ],
            [
              2.356738,
              48.859925100000005
            ],
            [
              2.356738,
              48.8602251
            ],
            [
              2.356438,
              48.8602251
            ],
            [
              2.356438,
              48.859925100000005
            ]
          ]
        ]
      }
    },
    {
      "type": "Feature",
      "properties": {
        "color": "#2ecc71",
        "height": 20
      },
      "geometry": {
        "type": "Polygon",
        "coordinates": [
          [
            [
              2.3540074,
              48.856962100000004
            ],
            [
              2.3543074,
              48.856962100000004
            ],
            [
              2.3543074,
              48.8572621
            ],
            [
              2.3540074,
              48.8572621
            ],
            [
              2.3540074,
              48.856962100000004
            ]
          ]
        ]
      }
    },
    {
      "type": "Feature",
      "properties": {
        "color": "#2ecc71",
        "height": 20
      },
      "geometry": {
        "type": "Polygon",
        "coordinates": [
          [
            [
              2.3574167999999998,
              48.857230300000005
            ],
            [
              2.3577168,
              48.857230300000005
            ],
            [
              2.3577168,
              48.8575303
            ],
            [
              2.3574167999999998,
              48.8575303
            ],
            [
              2.3574167999999998,
              48.857230300000005
            ]
          ]
        ]
      }
    },
    {
      "type": "Feature",
      "properties": {
        "color": "#2ecc71",
        "height": 20
      },
      "geometry": {
        "type": "Polygon",
        "coordinates": [
          [
            [
              2.3012921,
              48.8395949
            ],
            [
              2.3015921,
              48.8395949
            ],
            [
              2.3015921,
              48.8398949
            ],
            [
              2.3012921,
              48.8398949
            ],
            [
              2.3012921,
              48.8395949
            ]
          ]
        ]
      }
    },
    {
      "type": "Feature",
      "properties": {
        "color": "#e74c3c",
        "height": 40
      },
      "geometry": {
        "type": "Polygon",
        "coordinates": [
          [
            [
              2.3595029999999997,
              48.856488
            ],
            [
              2.359803,
              48.856488
            ],
            [
              2.359803,
              48.856787999999995
            ],
            [
              2.3595029999999997,
              48.856787999999995
            ],
            [
              2.3595029999999997,
              48.856488
            ]
          ]
        ]
      }
    },
    {
      "type": "Feature",
      "properties": {
        "color": "#2ecc71",
        "height": 20
      },
      "geometry": {
        "type": "Polygon",
        "coordinates": [
          [
            [
              2.3670818,
              48.8537227
            ],
            [
              2.3673818,
              48.8537227
            ],
            [
              2.3673818,
              48.854022699999994
            ],
            [
              2.3670818,
              48.854022699999994
            ],
            [
              2.3670818,
              48.8537227
            ]
          ]
        ]
      }
    },
    {
      "type": "Feature",
      "properties": {
        "color": "#2ecc71",
        "height": 20
      },
      "geometry": {
        "type": "Polygon",
        "coordinates": [
          [
            [
              2.3684149999999997,
              48.8539355
            ],
            [
              2.368715,
              48.8539355
            ],
            [
              2.368715,
              48.854235499999994
            ],
            [
              2.3684149999999997,
              48.854235499999994
            ],
            [
              2.3684149999999997,
              48.8539355
            ]
          ]
        ]
      }
    },
    {
      "type": "Feature",
      "properties": {
        "color": "#2ecc71",
        "height": 20
      },
      "geometry": {
        "type": "Polygon",
        "coordinates": [
          [
            [
              2.3631124999999997,
              48.854145
            ],
            [
              2.3634125,
              48.854145
            ],
            [
              2.3634125,
              48.854445
            ],
            [
              2.3631124999999997,
              48.854445
            ],
            [
              2.3631124999999997,
              48.854145
            ]
          ]
        ]
      }
    },
    {
      "type": "Feature",
      "properties": {
        "color": "#2ecc71",
        "height": 20
      },
      "geometry": {
        "type": "Polygon",
        "coordinates": [
          [
            [
              2.3556345999999997,
              48.8649532
            ],
            [
              2.3559346,
              48.8649532
            ],
            [
              2.3559346,
              48.8652532
            ],
            [
              2.3556345999999997,
              48.8652532
            ],
            [
              2.3556345999999997,
              48.8649532
            ]
          ]
        ]
      }
    },
    {
      "type": "Feature",
      "properties": {
        "color": "#2ecc71",
        "height": 20
      },
      "geometry": {
        "type": "Polygon",
        "coordinates": [
          [
            [
              2.3545341,
              48.8607631
            ],
            [
              2.3548341,
              48.8607631
            ],
            [
              2.3548341,
              48.861063099999996
            ],
            [
              2.3545341,
              48.861063099999996
            ],
            [
              2.3545341,
              48.8607631
            ]
          ]
        ]
      }
    },
    {
      "type": "Feature",
      "properties": {
        "color": "#2ecc71",
        "height": 20
      },
      "geometry": {
        "type": "Polygon",
        "coordinates": [
          [
            [
              2.3613445,
              48.863094600000004
            ],
            [
              2.3616445,
              48.863094600000004
            ],
            [
              2.3616445,
              48.8633946
            ],
            [
              2.3613445,
              48.8633946
            ],
            [
              2.3613445,
              48.863094600000004
            ]
          ]
        ]
      }
    },
    {
      "type": "Feature",
      "properties": {
        "color": "#2ecc71",
        "height": 20
      },
      "geometry": {
        "type": "Polygon",
        "coordinates": [
          [
            [
              2.3633649,
              48.862379600000004
            ],
            [
              2.3636649000000003,
              48.862379600000004
            ],
            [
              2.3636649000000003,
              48.8626796
            ],
            [
              2.3633649,
              48.8626796
            ],
            [
              2.3633649,
              48.862379600000004
            ]
          ]
        ]
      }
    },
    {
      "type": "Feature",
      "properties": {
        "color": "#2ecc71",
        "height": 20
      },
      "geometry": {
        "type": "Polygon",
        "coordinates": [
          [
            [
              2.3642982,
              48.861112500000004
            ],
            [
              2.3645982,
              48.861112500000004
            ],
            [
              2.3645982,
              48.8614125
            ],
            [
              2.3642982,
              48.8614125
            ],
            [
              2.3642982,
              48.861112500000004
            ]
          ]
        ]
      }
    },
    {
      "type": "Feature",
      "properties": {
        "color": "#e67e22",
        "height": 25
      },
      "geometry": {
        "type": "Polygon",
        "coordinates": [
          [
            [
              2.3855966,
              48.8781842
            ],
            [
              2.3858966,
              48.8781842
            ],
            [
              2.3858966,
              48.878484199999995
            ],
            [
              2.3855966,
              48.878484199999995
            ],
            [
              2.3855966,
              48.8781842
            ]
          ]
        ]
      }
    },
    {
      "type": "Feature",
      "properties": {
        "color": "#e67e22",
        "height": 25
      },
      "geometry": {
        "type": "Polygon",
        "coordinates": [
          [
            [
              2.3418242,
              48.8466049
            ],
            [
              2.3421242,
              48.8466049
            ],
            [
              2.3421242,
              48.8469049
            ],
            [
              2.3418242,
              48.8469049
            ],
            [
              2.3418242,
              48.8466049
            ]
          ]
        ]
      }
    },
    {
      "type": "Feature",
      "properties": {
        "color": "#3498db",
        "height": 30
      },
      "geometry": {
        "type": "Polygon",
        "coordinates": [
          [
            [
              2.3782497,
              48.8541485
            ],
            [
              2.3785497,
              48.8541485
            ],
            [
              2.3785497,
              48.8544485
            ],
            [
              2.3782497,
              48.8544485
            ],
            [
              2.3782497,
              48.8541485
            ]
          ]
        ]
      }
    },
    {
      "type": "Feature",
      "properties": {
        "color": "#e67e22",
        "height": 25
      },
      "geometry": {
        "type": "Polygon",
        "coordinates": [
          [
            [
              2.3847359,
              48.861963200000005
            ],
            [
              2.3850359,
              48.861963200000005
            ],
            [
              2.3850359,
              48.8622632
            ],
            [
              2.3847359,
              48.8622632
            ],
            [
              2.3847359,
              48.861963200000005
            ]
          ]
        ]
      }
    },
    {
      "type": "Feature",
      "properties": {
        "color": "#2ecc71",
        "height": 20
      },
      "geometry": {
        "type": "Polygon",
        "coordinates": [
          [
            [
              2.3792049,
              48.862678800000005
            ],
            [
              2.3795049,
              48.862678800000005
            ],
            [
              2.3795049,
              48.8629788
            ],
            [
              2.3792049,
              48.8629788
            ],
            [
              2.3792049,
              48.862678800000005
            ]
          ]
        ]
      }
    },
    {
      "type": "Feature",
      "properties": {
        "color": "#2ecc71",
        "height": 20
      },
      "geometry": {
        "type": "Polygon",
        "coordinates": [
          [
            [
              2.3720824,
              48.8795017
            ],
            [
              2.3723824000000002,
              48.8795017
            ],
            [
              2.3723824000000002,
              48.879801699999994
            ],
            [
              2.3720824,
              48.879801699999994
            ],
            [
              2.3720824,
              48.8795017
            ]
          ]
        ]
      }
    },
    {
      "type": "Feature",
      "properties": {
        "color": "#2ecc71",
        "height": 20
      },
      "geometry": {
        "type": "Polygon",
        "coordinates": [
          [
            [
              2.335557,
              48.863861
            ],
            [
              2.3358570000000003,
              48.863861
            ],
            [
              2.3358570000000003,
              48.864160999999996
            ],
            [
              2.335557,
              48.864160999999996
            ],
            [
              2.335557,
              48.863861
            ]
          ]
        ]
      }
    },
    {
      "type": "Feature",
      "properties": {
        "color": "#e67e22",
        "height": 25
      },
      "geometry": {
        "type": "Polygon",
        "coordinates": [
          [
            [
              2.3723359,
              48.8797769
            ],
            [
              2.3726359,
              48.8797769
            ],
            [
              2.3726359,
              48.8800769
            ],
            [
              2.3723359,
              48.8800769
            ],
            [
              2.3723359,
              48.8797769
            ]
          ]
        ]
      }
    },
    {
      "type": "Feature",
      "properties": {
        "color": "#2ecc71",
        "height": 20
      },
      "geometry": {
        "type": "Polygon",
        "coordinates": [
          [
            [
              2.3988992,
              48.8645592
            ],
            [
              2.3991992,
              48.8645592
            ],
            [
              2.3991992,
              48.8648592
            ],
            [
              2.3988992,
              48.8648592
            ],
            [
              2.3988992,
              48.8645592
            ]
          ]
        ]
      }
    },
    {
      "type": "Feature",
      "properties": {
        "color": "#2ecc71",
        "height": 20
      },
      "geometry": {
        "type": "Polygon",
        "coordinates": [
          [
            [
              2.3333102,
              48.8532199
            ],
            [
              2.3336102000000003,
              48.8532199
            ],
            [
              2.3336102000000003,
              48.853519899999995
            ],
            [
              2.3333102,
              48.853519899999995
            ],
            [
              2.3333102,
              48.8532199
            ]
          ]
        ]
      }
    },
    {
      "type": "Feature",
      "properties": {
        "color": "#2ecc71",
        "height": 20
      },
      "geometry": {
        "type": "Polygon",
        "coordinates": [
          [
            [
              2.3285939,
              48.848596900000004
            ],
            [
              2.3288939,
              48.848596900000004
            ],
            [
              2.3288939,
              48.8488969
            ],
            [
              2.3285939,
              48.8488969
            ],
            [
              2.3285939,
              48.848596900000004
            ]
          ]
        ]
      }
    },
    {
      "type": "Feature",
      "properties": {
        "color": "#2ecc71",
        "height": 20
      },
      "geometry": {
        "type": "Polygon",
        "coordinates": [
          [
            [
              2.3300095,
              48.8468548
            ],
            [
              2.3303095000000003,
              48.8468548
            ],
            [
              2.3303095000000003,
              48.8471548
            ],
            [
              2.3300095,
              48.8471548
            ],
            [
              2.3300095,
              48.8468548
            ]
          ]
        ]
      }
    },
    {
      "type": "Feature",
      "properties": {
        "color": "#2ecc71",
        "height": 20
      },
      "geometry": {
        "type": "Polygon",
        "coordinates": [
          [
            [
              2.3301477,
              48.843776500000004
            ],
            [
              2.3304477,
              48.843776500000004
            ],
            [
              2.3304477,
              48.8440765
            ],
            [
              2.3301477,
              48.8440765
            ],
            [
              2.3301477,
              48.843776500000004
            ]
          ]
        ]
      }
    },
    {
      "type": "Feature",
      "properties": {
        "color": "#2ecc71",
        "height": 20
      },
      "geometry": {
        "type": "Polygon",
        "coordinates": [
          [
            [
              2.3372327999999998,
              48.839517900000004
            ],
            [
              2.3375328,
              48.839517900000004
            ],
            [
              2.3375328,
              48.8398179
            ],
            [
              2.3372327999999998,
              48.8398179
            ],
            [
              2.3372327999999998,
              48.839517900000004
            ]
          ]
        ]
      }
    },
    {
      "type": "Feature",
      "properties": {
        "color": "#2ecc71",
        "height": 20
      },
      "geometry": {
        "type": "Polygon",
        "coordinates": [
          [
            [
              2.3222055999999998,
              48.843703600000005
            ],
            [
              2.3225056,
              48.843703600000005
            ],
            [
              2.3225056,
              48.8440036
            ],
            [
              2.3222055999999998,
              48.8440036
            ],
            [
              2.3222055999999998,
              48.843703600000005
            ]
          ]
        ]
      }
    },
    {
      "type": "Feature",
      "properties": {
        "color": "#2ecc71",
        "height": 20
      },
      "geometry": {
        "type": "Polygon",
        "coordinates": [
          [
            [
              2.324636,
              48.8483686
            ],
            [
              2.324936,
              48.8483686
            ],
            [
              2.324936,
              48.848668599999996
            ],
            [
              2.324636,
              48.848668599999996
            ],
            [
              2.324636,
              48.8483686
            ]
          ]
        ]
      }
    },
    {
      "type": "Feature",
      "properties": {
        "color": "#2ecc71",
        "height": 20
      },
      "geometry": {
        "type": "Polygon",
        "coordinates": [
          [
            [
              2.3250751,
              48.848847400000004
            ],
            [
              2.3253751,
              48.848847400000004
            ],
            [
              2.3253751,
              48.8491474
            ],
            [
              2.3250751,
              48.8491474
            ],
            [
              2.3250751,
              48.848847400000004
            ]
          ]
        ]
      }
    },
    {
      "type": "Feature",
      "properties": {
        "color": "#2ecc71",
        "height": 20
      },
      "geometry": {
        "type": "Polygon",
        "coordinates": [
          [
            [
              2.3261137,
              48.847188100000004
            ],
            [
              2.3264137000000003,
              48.847188100000004
            ],
            [
              2.3264137000000003,
              48.8474881
            ],
            [
              2.3261137,
              48.8474881
            ],
            [
              2.3261137,
              48.847188100000004
            ]
          ]
        ]
      }
    },
    {
      "type": "Feature",
      "properties": {
        "color": "#2ecc71",
        "height": 20
      },
      "geometry": {
        "type": "Polygon",
        "coordinates": [
          [
            [
              2.3195943,
              48.8458635
            ],
            [
              2.3198943,
              48.8458635
            ],
            [
              2.3198943,
              48.846163499999996
            ],
            [
              2.3195943,
              48.846163499999996
            ],
            [
              2.3195943,
              48.8458635
            ]
          ]
        ]
      }
    },
    {
      "type": "Feature",
      "properties": {
        "color": "#2ecc71",
        "height": 20
      },
      "geometry": {
        "type": "Polygon",
        "coordinates": [
          [
            [
              2.3955652,
              48.8389955
            ],
            [
              2.3958652000000003,
              48.8389955
            ],
            [
              2.3958652000000003,
              48.8392955
            ],
            [
              2.3955652,
              48.8392955
            ],
            [
              2.3955652,
              48.8389955
            ]
          ]
        ]
      }
    },
    {
      "type": "Feature",
      "properties": {
        "color": "#2ecc71",
        "height": 20
      },
      "geometry": {
        "type": "Polygon",
        "coordinates": [
          [
            [
              2.3192445999999998,
              48.847606400000004
            ],
            [
              2.3195446,
              48.847606400000004
            ],
            [
              2.3195446,
              48.8479064
            ],
            [
              2.3192445999999998,
              48.8479064
            ],
            [
              2.3192445999999998,
              48.847606400000004
            ]
          ]
        ]
      }
    },
    {
      "type": "Feature",
      "properties": {
        "color": "#e67e22",
        "height": 25
      },
      "geometry": {
        "type": "Polygon",
        "coordinates": [
          [
            [
              2.3380147,
              48.8427906
            ],
            [
              2.3383147,
              48.8427906
            ],
            [
              2.3383147,
              48.8430906
            ],
            [
              2.3380147,
              48.8430906
            ],
            [
              2.3380147,
              48.8427906
            ]
          ]
        ]
      }
    },
    {
      "type": "Feature",
      "properties": {
        "color": "#2ecc71",
        "height": 20
      },
      "geometry": {
        "type": "Polygon",
        "coordinates": [
          [
            [
              2.3148511,
              48.8712688
            ],
            [
              2.3151511,
              48.8712688
            ],
            [
              2.3151511,
              48.8715688
            ],
            [
              2.3148511,
              48.8715688
            ],
            [
              2.3148511,
              48.8712688
            ]
          ]
        ]
      }
    },
    {
      "type": "Feature",
      "properties": {
        "color": "#2ecc71",
        "height": 20
      },
      "geometry": {
        "type": "Polygon",
        "coordinates": [
          [
            [
              2.3156977999999997,
              48.8728021
            ],
            [
              2.3159978,
              48.8728021
            ],
            [
              2.3159978,
              48.8731021
            ],
            [
              2.3156977999999997,
              48.8731021
            ],
            [
              2.3156977999999997,
              48.8728021
            ]
          ]
        ]
      }
    },
    {
      "type": "Feature",
      "properties": {
        "color": "#e67e22",
        "height": 25
      },
      "geometry": {
        "type": "Polygon",
        "coordinates": [
          [
            [
              2.3195999,
              48.874234300000005
            ],
            [
              2.3198999000000002,
              48.874234300000005
            ],
            [
              2.3198999000000002,
              48.8745343
            ],
            [
              2.3195999,
              48.8745343
            ],
            [
              2.3195999,
              48.874234300000005
            ]
          ]
        ]
      }
    },
    {
      "type": "Feature",
      "properties": {
        "color": "#2ecc71",
        "height": 20
      },
      "geometry": {
        "type": "Polygon",
        "coordinates": [
          [
            [
              2.3234285,
              48.8711062
            ],
            [
              2.3237285,
              48.8711062
            ],
            [
              2.3237285,
              48.871406199999996
            ],
            [
              2.3234285,
              48.871406199999996
            ],
            [
              2.3234285,
              48.8711062
            ]
          ]
        ]
      }
    },
    {
      "type": "Feature",
      "properties": {
        "color": "#2ecc71",
        "height": 20
      },
      "geometry": {
        "type": "Polygon",
        "coordinates": [
          [
            [
              2.3250685,
              48.8754039
            ],
            [
              2.3253685,
              48.8754039
            ],
            [
              2.3253685,
              48.8757039
            ],
            [
              2.3250685,
              48.8757039
            ],
            [
              2.3250685,
              48.8754039
            ]
          ]
        ]
      }
    },
    {
      "type": "Feature",
      "properties": {
        "color": "#2ecc71",
        "height": 20
      },
      "geometry": {
        "type": "Polygon",
        "coordinates": [
          [
            [
              2.3212631999999997,
              48.8767549
            ],
            [
              2.3215632,
              48.8767549
            ],
            [
              2.3215632,
              48.8770549
            ],
            [
              2.3212631999999997,
              48.8770549
            ],
            [
              2.3212631999999997,
              48.8767549
            ]
          ]
        ]
      }
    },
    {
      "type": "Feature",
      "properties": {
        "color": "#2ecc71",
        "height": 20
      },
      "geometry": {
        "type": "Polygon",
        "coordinates": [
          [
            [
              2.3266477,
              48.8775305
            ],
            [
              2.3269477000000003,
              48.8775305
            ],
            [
              2.3269477000000003,
              48.877830499999995
            ],
            [
              2.3266477,
              48.877830499999995
            ],
            [
              2.3266477,
              48.8775305
            ]
          ]
        ]
      }
    },
    {
      "type": "Feature",
      "properties": {
        "color": "#2ecc71",
        "height": 20
      },
      "geometry": {
        "type": "Polygon",
        "coordinates": [
          [
            [
              2.3266762,
              48.8784201
            ],
            [
              2.3269762000000003,
              48.8784201
            ],
            [
              2.3269762000000003,
              48.878720099999995
            ],
            [
              2.3266762,
              48.878720099999995
            ],
            [
              2.3266762,
              48.8784201
            ]
          ]
        ]
      }
    },
    {
      "type": "Feature",
      "properties": {
        "color": "#2ecc71",
        "height": 20
      },
      "geometry": {
        "type": "Polygon",
        "coordinates": [
          [
            [
              2.3265613,
              48.8793388
            ],
            [
              2.3268613,
              48.8793388
            ],
            [
              2.3268613,
              48.879638799999995
            ],
            [
              2.3265613,
              48.879638799999995
            ],
            [
              2.3265613,
              48.8793388
            ]
          ]
        ]
      }
    },
    {
      "type": "Feature",
      "properties": {
        "color": "#2ecc71",
        "height": 20
      },
      "geometry": {
        "type": "Polygon",
        "coordinates": [
          [
            [
              2.3177542,
              48.8798096
            ],
            [
              2.3180542,
              48.8798096
            ],
            [
              2.3180542,
              48.8801096
            ],
            [
              2.3177542,
              48.8801096
            ],
            [
              2.3177542,
              48.8798096
            ]
          ]
        ]
      }
    },
    {
      "type": "Feature",
      "properties": {
        "color": "#2ecc71",
        "height": 20
      },
      "geometry": {
        "type": "Polygon",
        "coordinates": [
          [
            [
              2.3161907999999998,
              48.878018100000006
            ],
            [
              2.3164908,
              48.878018100000006
            ],
            [
              2.3164908,
              48.8783181
            ],
            [
              2.3161907999999998,
              48.8783181
            ],
            [
              2.3161907999999998,
              48.878018100000006
            ]
          ]
        ]
      }
    },
    {
      "type": "Feature",
      "properties": {
        "color": "#e67e22",
        "height": 25
      },
      "geometry": {
        "type": "Polygon",
        "coordinates": [
          [
            [
              2.3145504999999997,
              48.877065800000004
            ],
            [
              2.3148505,
              48.877065800000004
            ],
            [
              2.3148505,
              48.8773658
            ],
            [
              2.3145504999999997,
              48.8773658
            ],
            [
              2.3145504999999997,
              48.877065800000004
            ]
          ]
        ]
      }
    },
    {
      "type": "Feature",
      "properties": {
        "color": "#2ecc71",
        "height": 20
      },
      "geometry": {
        "type": "Polygon",
        "coordinates": [
          [
            [
              2.3129193999999997,
              48.8765169
            ],
            [
              2.3132194,
              48.8765169
            ],
            [
              2.3132194,
              48.876816899999994
            ],
            [
              2.3129193999999997,
              48.876816899999994
            ],
            [
              2.3129193999999997,
              48.8765169
            ]
          ]
        ]
      }
    },
    {
      "type": "Feature",
      "properties": {
        "color": "#2ecc71",
        "height": 20
      },
      "geometry": {
        "type": "Polygon",
        "coordinates": [
          [
            [
              2.3167694,
              48.8751412
            ],
            [
              2.3170694000000003,
              48.8751412
            ],
            [
              2.3170694000000003,
              48.8754412
            ],
            [
              2.3167694,
              48.8754412
            ],
            [
              2.3167694,
              48.8751412
            ]
          ]
        ]
      }
    },
    {
      "type": "Feature",
      "properties": {
        "color": "#2ecc71",
        "height": 20
      },
      "geometry": {
        "type": "Polygon",
        "coordinates": [
          [
            [
              2.3047847,
              48.874887900000004
            ],
            [
              2.3050847,
              48.874887900000004
            ],
            [
              2.3050847,
              48.8751879
            ],
            [
              2.3047847,
              48.8751879
            ],
            [
              2.3047847,
              48.874887900000004
            ]
          ]
        ]
      }
    },
    {
      "type": "Feature",
      "properties": {
        "color": "#e67e22",
        "height": 25
      },
      "geometry": {
        "type": "Polygon",
        "coordinates": [
          [
            [
              2.3060118,
              48.870560600000005
            ],
            [
              2.3063118,
              48.870560600000005
            ],
            [
              2.3063118,
              48.8708606
            ],
            [
              2.3060118,
              48.8708606
            ],
            [
              2.3060118,
              48.870560600000005
            ]
          ]
        ]
      }
    },
    {
      "type": "Feature",
      "properties": {
        "color": "#2ecc71",
        "height": 20
      },
      "geometry": {
        "type": "Polygon",
        "coordinates": [
          [
            [
              2.3071786,
              48.8713567
            ],
            [
              2.3074786,
              48.8713567
            ],
            [
              2.3074786,
              48.871656699999996
            ],
            [
              2.3071786,
              48.871656699999996
            ],
            [
              2.3071786,
              48.8713567
            ]
          ]
        ]
      }
    },
    {
      "type": "Feature",
      "properties": {
        "color": "#2ecc71",
        "height": 20
      },
      "geometry": {
        "type": "Polygon",
        "coordinates": [
          [
            [
              2.3056305999999998,
              48.870697500000006
            ],
            [
              2.3059306,
              48.870697500000006
            ],
            [
              2.3059306,
              48.8709975
            ],
            [
              2.3056305999999998,
              48.8709975
            ],
            [
              2.3056305999999998,
              48.870697500000006
            ]
          ]
        ]
      }
    },
    {
      "type": "Feature",
      "properties": {
        "color": "#2ecc71",
        "height": 20
      },
      "geometry": {
        "type": "Polygon",
        "coordinates": [
          [
            [
              2.3032441,
              48.867265700000004
            ],
            [
              2.3035441000000003,
              48.867265700000004
            ],
            [
              2.3035441000000003,
              48.8675657
            ],
            [
              2.3032441,
              48.8675657
            ],
            [
              2.3032441,
              48.867265700000004
            ]
          ]
        ]
      }
    },
    {
      "type": "Feature",
      "properties": {
        "color": "#2ecc71",
        "height": 20
      },
      "geometry": {
        "type": "Polygon",
        "coordinates": [
          [
            [
              2.3020617,
              48.8723383
            ],
            [
              2.3023617,
              48.8723383
            ],
            [
              2.3023617,
              48.8726383
            ],
            [
              2.3020617,
              48.8726383
            ],
            [
              2.3020617,
              48.8723383
            ]
          ]
        ]
      }
    },
    {
      "type": "Feature",
      "properties": {
        "color": "#e67e22",
        "height": 25
      },
      "geometry": {
        "type": "Polygon",
        "coordinates": [
          [
            [
              2.3169334,
              48.841633200000004
            ],
            [
              2.3172334,
              48.841633200000004
            ],
            [
              2.3172334,
              48.8419332
            ],
            [
              2.3169334,
              48.8419332
            ],
            [
              2.3169334,
              48.841633200000004
            ]
          ]
        ]
      }
    },
    {
      "type": "Feature",
      "properties": {
        "color": "#e67e22",
        "height": 25
      },
      "geometry": {
        "type": "Polygon",
        "coordinates": [
          [
            [
              2.3461857999999998,
              48.863524600000005
            ],
            [
              2.3464858,
              48.863524600000005
            ],
            [
              2.3464858,
              48.8638246
            ],
            [
              2.3461857999999998,
              48.8638246
            ],
            [
              2.3461857999999998,
              48.863524600000005
            ]
          ]
        ]
      }
    },
    {
      "type": "Feature",
      "properties": {
        "color": "#2ecc71",
        "height": 20
      },
      "geometry": {
        "type": "Polygon",
        "coordinates": [
          [
            [
              2.3770786,
              48.8304332
            ],
            [
              2.3773786,
              48.8304332
            ],
            [
              2.3773786,
              48.8307332
            ],
            [
              2.3770786,
              48.8307332
            ],
            [
              2.3770786,
              48.8304332
            ]
          ]
        ]
      }
    },
    {
      "type": "Feature",
      "properties": {
        "color": "#2ecc71",
        "height": 20
      },
      "geometry": {
        "type": "Polygon",
        "coordinates": [
          [
            [
              2.3705931,
              48.848731900000004
            ],
            [
              2.3708931,
              48.848731900000004
            ],
            [
              2.3708931,
              48.8490319
            ],
            [
              2.3705931,
              48.8490319
            ],
            [
              2.3705931,
              48.848731900000004
            ]
          ]
        ]
      }
    },
    {
      "type": "Feature",
      "properties": {
        "color": "#2ecc71",
        "height": 20
      },
      "geometry": {
        "type": "Polygon",
        "coordinates": [
          [
            [
              2.3513533,
              48.8405708
            ],
            [
              2.3516533,
              48.8405708
            ],
            [
              2.3516533,
              48.8408708
            ],
            [
              2.3513533,
              48.8408708
            ],
            [
              2.3513533,
              48.8405708
            ]
          ]
        ]
      }
    },
    {
      "type": "Feature",
      "properties": {
        "color": "#2ecc71",
        "height": 20
      },
      "geometry": {
        "type": "Polygon",
        "coordinates": [
          [
            [
              2.3142294999999997,
              48.8414426
            ],
            [
              2.3145295,
              48.8414426
            ],
            [
              2.3145295,
              48.841742599999996
            ],
            [
              2.3142294999999997,
              48.841742599999996
            ],
            [
              2.3142294999999997,
              48.8414426
            ]
          ]
        ]
      }
    },
    {
      "type": "Feature",
      "properties": {
        "color": "#2ecc71",
        "height": 20
      },
      "geometry": {
        "type": "Polygon",
        "coordinates": [
          [
            [
              2.3435973999999997,
              48.875552
            ],
            [
              2.3438974,
              48.875552
            ],
            [
              2.3438974,
              48.875851999999995
            ],
            [
              2.3435973999999997,
              48.875851999999995
            ],
            [
              2.3435973999999997,
              48.875552
            ]
          ]
        ]
      }
    },
    {
      "type": "Feature",
      "properties": {
        "color": "#2ecc71",
        "height": 20
      },
      "geometry": {
        "type": "Polygon",
        "coordinates": [
          [
            [
              2.3448263,
              48.873723000000005
            ],
            [
              2.3451263,
              48.873723000000005
            ],
            [
              2.3451263,
              48.874023
            ],
            [
              2.3448263,
              48.874023
            ],
            [
              2.3448263,
              48.873723000000005
            ]
          ]
        ]
      }
    },
    {
      "type": "Feature",
      "properties": {
        "color": "#2ecc71",
        "height": 20
      },
      "geometry": {
        "type": "Polygon",
        "coordinates": [
          [
            [
              2.3455397,
              48.8759973
            ],
            [
              2.3458397,
              48.8759973
            ],
            [
              2.3458397,
              48.8762973
            ],
            [
              2.3455397,
              48.8762973
            ],
            [
              2.3455397,
              48.8759973
            ]
          ]
        ]
      }
    },
    {
      "type": "Feature",
      "properties": {
        "color": "#e74c3c",
        "height": 40
      },
      "geometry": {
        "type": "Polygon",
        "coordinates": [
          [
            [
              2.3547602999999997,
              48.8434012
            ],
            [
              2.3550603,
              48.8434012
            ],
            [
              2.3550603,
              48.8437012
            ],
            [
              2.3547602999999997,
              48.8437012
            ],
            [
              2.3547602999999997,
              48.8434012
            ]
          ]
        ]
      }
    },
    {
      "type": "Feature",
      "properties": {
        "color": "#2ecc71",
        "height": 20
      },
      "geometry": {
        "type": "Polygon",
        "coordinates": [
          [
            [
              2.3545412999999997,
              48.8435849
            ],
            [
              2.3548413,
              48.8435849
            ],
            [
              2.3548413,
              48.8438849
            ],
            [
              2.3545412999999997,
              48.8438849
            ],
            [
              2.3545412999999997,
              48.8435849
            ]
          ]
        ]
      }
    },
    {
      "type": "Feature",
      "properties": {
        "color": "#2ecc71",
        "height": 20
      },
      "geometry": {
        "type": "Polygon",
        "coordinates": [
          [
            [
              2.3098327999999997,
              48.835929900000004
            ],
            [
              2.3101328,
              48.835929900000004
            ],
            [
              2.3101328,
              48.8362299
            ],
            [
              2.3098327999999997,
              48.8362299
            ],
            [
              2.3098327999999997,
              48.835929900000004
            ]
          ]
        ]
      }
    },
    {
      "type": "Feature",
      "properties": {
        "color": "#2ecc71",
        "height": 20
      },
      "geometry": {
        "type": "Polygon",
        "coordinates": [
          [
            [
              2.3533475,
              48.860775000000004
            ],
            [
              2.3536475,
              48.860775000000004
            ],
            [
              2.3536475,
              48.861075
            ],
            [
              2.3533475,
              48.861075
            ],
            [
              2.3533475,
              48.860775000000004
            ]
          ]
        ]
      }
    },
    {
      "type": "Feature",
      "properties": {
        "color": "#2ecc71",
        "height": 20
      },
      "geometry": {
        "type": "Polygon",
        "coordinates": [
          [
            [
              2.3749038,
              48.8713191
            ],
            [
              2.3752038,
              48.8713191
            ],
            [
              2.3752038,
              48.8716191
            ],
            [
              2.3749038,
              48.8716191
            ],
            [
              2.3749038,
              48.8713191
            ]
          ]
        ]
      }
    },
    {
      "type": "Feature",
      "properties": {
        "color": "#2ecc71",
        "height": 20
      },
      "geometry": {
        "type": "Polygon",
        "coordinates": [
          [
            [
              2.3246998,
              48.831891500000005
            ],
            [
              2.3249998,
              48.831891500000005
            ],
            [
              2.3249998,
              48.8321915
            ],
            [
              2.3246998,
              48.8321915
            ],
            [
              2.3246998,
              48.831891500000005
            ]
          ]
        ]
      }
    },
    {
      "type": "Feature",
      "properties": {
        "color": "#2ecc71",
        "height": 20
      },
      "geometry": {
        "type": "Polygon",
        "coordinates": [
          [
            [
              2.3414208999999997,
              48.8468528
            ],
            [
              2.3417209,
              48.8468528
            ],
            [
              2.3417209,
              48.847152799999996
            ],
            [
              2.3414208999999997,
              48.847152799999996
            ],
            [
              2.3414208999999997,
              48.8468528
            ]
          ]
        ]
      }
    },
    {
      "type": "Feature",
      "properties": {
        "color": "#e67e22",
        "height": 25
      },
      "geometry": {
        "type": "Polygon",
        "coordinates": [
          [
            [
              2.3187477999999997,
              48.8367281
            ],
            [
              2.3190478,
              48.8367281
            ],
            [
              2.3190478,
              48.8370281
            ],
            [
              2.3187477999999997,
              48.8370281
            ],
            [
              2.3187477999999997,
              48.8367281
            ]
          ]
        ]
      }
    },
    {
      "type": "Feature",
      "properties": {
        "color": "#2ecc71",
        "height": 20
      },
      "geometry": {
        "type": "Polygon",
        "coordinates": [
          [
            [
              2.3193121999999997,
              48.8374305
            ],
            [
              2.3196122,
              48.8374305
            ],
            [
              2.3196122,
              48.8377305
            ],
            [
              2.3193121999999997,
              48.8377305
            ],
            [
              2.3193121999999997,
              48.8374305
            ]
          ]
        ]
      }
    },
    {
      "type": "Feature",
      "properties": {
        "color": "#2ecc71",
        "height": 20
      },
      "geometry": {
        "type": "Polygon",
        "coordinates": [
          [
            [
              2.345779,
              48.8510226
            ],
            [
              2.346079,
              48.8510226
            ],
            [
              2.346079,
              48.851322599999996
            ],
            [
              2.345779,
              48.851322599999996
            ],
            [
              2.345779,
              48.8510226
            ]
          ]
        ]
      }
    },
    {
      "type": "Feature",
      "properties": {
        "color": "#2ecc71",
        "height": 20
      },
      "geometry": {
        "type": "Polygon",
        "coordinates": [
          [
            [
              2.3480844,
              48.8510839
            ],
            [
              2.3483844,
              48.8510839
            ],
            [
              2.3483844,
              48.851383899999995
            ],
            [
              2.3480844,
              48.851383899999995
            ],
            [
              2.3480844,
              48.8510839
            ]
          ]
        ]
      }
    },
    {
      "type": "Feature",
      "properties": {
        "color": "#2ecc71",
        "height": 20
      },
      "geometry": {
        "type": "Polygon",
        "coordinates": [
          [
            [
              2.3432885,
              48.8497147
            ],
            [
              2.3435885,
              48.8497147
            ],
            [
              2.3435885,
              48.850014699999996
            ],
            [
              2.3432885,
              48.850014699999996
            ],
            [
              2.3432885,
              48.8497147
            ]
          ]
        ]
      }
    },
    {
      "type": "Feature",
      "properties": {
        "color": "#2ecc71",
        "height": 20
      },
      "geometry": {
        "type": "Polygon",
        "coordinates": [
          [
            [
              2.3134597,
              48.8421128
            ],
            [
              2.3137597000000003,
              48.8421128
            ],
            [
              2.3137597000000003,
              48.8424128
            ],
            [
              2.3134597,
              48.8424128
            ],
            [
              2.3134597,
              48.8421128
            ]
          ]
        ]
      }
    },
    {
      "type": "Feature",
      "properties": {
        "color": "#2ecc71",
        "height": 20
      },
      "geometry": {
        "type": "Polygon",
        "coordinates": [
          [
            [
              2.3128599999999997,
              48.841655800000005
            ],
            [
              2.31316,
              48.841655800000005
            ],
            [
              2.31316,
              48.8419558
            ],
            [
              2.3128599999999997,
              48.8419558
            ],
            [
              2.3128599999999997,
              48.841655800000005
            ]
          ]
        ]
      }
    },
    {
      "type": "Feature",
      "properties": {
        "color": "#2ecc71",
        "height": 20
      },
      "geometry": {
        "type": "Polygon",
        "coordinates": [
          [
            [
              2.3429484,
              48.8710609
            ],
            [
              2.3432484000000002,
              48.8710609
            ],
            [
              2.3432484000000002,
              48.8713609
            ],
            [
              2.3429484,
              48.8713609
            ],
            [
              2.3429484,
              48.8710609
            ]
          ]
        ]
      }
    },
    {
      "type": "Feature",
      "properties": {
        "color": "#2ecc71",
        "height": 20
      },
      "geometry": {
        "type": "Polygon",
        "coordinates": [
          [
            [
              2.3434462,
              48.8414376
            ],
            [
              2.3437462,
              48.8414376
            ],
            [
              2.3437462,
              48.841737599999995
            ],
            [
              2.3434462,
              48.841737599999995
            ],
            [
              2.3434462,
              48.8414376
            ]
          ]
        ]
      }
    },
    {
      "type": "Feature",
      "properties": {
        "color": "#2ecc71",
        "height": 20
      },
      "geometry": {
        "type": "Polygon",
        "coordinates": [
          [
            [
              2.3419206999999997,
              48.843736500000006
            ],
            [
              2.3422207,
              48.843736500000006
            ],
            [
              2.3422207,
              48.8440365
            ],
            [
              2.3419206999999997,
              48.8440365
            ],
            [
              2.3419206999999997,
              48.843736500000006
            ]
          ]
        ]
      }
    },
    {
      "type": "Feature",
      "properties": {
        "color": "#2ecc71",
        "height": 20
      },
      "geometry": {
        "type": "Polygon",
        "coordinates": [
          [
            [
              2.3412367,
              48.8458812
            ],
            [
              2.3415367000000002,
              48.8458812
            ],
            [
              2.3415367000000002,
              48.8461812
            ],
            [
              2.3412367,
              48.8461812
            ],
            [
              2.3412367,
              48.8458812
            ]
          ]
        ]
      }
    },
    {
      "type": "Feature",
      "properties": {
        "color": "#2ecc71",
        "height": 20
      },
      "geometry": {
        "type": "Polygon",
        "coordinates": [
          [
            [
              2.3737570999999997,
              48.849465800000004
            ],
            [
              2.3740571,
              48.849465800000004
            ],
            [
              2.3740571,
              48.8497658
            ],
            [
              2.3737570999999997,
              48.8497658
            ],
            [
              2.3737570999999997,
              48.849465800000004
            ]
          ]
        ]
      }
    },
    {
      "type": "Feature",
      "properties": {
        "color": "#2ecc71",
        "height": 20
      },
      "geometry": {
        "type": "Polygon",
        "coordinates": [
          [
            [
              2.340397,
              48.846135100000005
            ],
            [
              2.340697,
              48.846135100000005
            ],
            [
              2.340697,
              48.8464351
            ],
            [
              2.340397,
              48.8464351
            ],
            [
              2.340397,
              48.846135100000005
            ]
          ]
        ]
      }
    },
    {
      "type": "Feature",
      "properties": {
        "color": "#2ecc71",
        "height": 20
      },
      "geometry": {
        "type": "Polygon",
        "coordinates": [
          [
            [
              2.3402868,
              48.8387687
            ],
            [
              2.3405868,
              48.8387687
            ],
            [
              2.3405868,
              48.8390687
            ],
            [
              2.3402868,
              48.8390687
            ],
            [
              2.3402868,
              48.8387687
            ]
          ]
        ]
      }
    },
    {
      "type": "Feature",
      "properties": {
        "color": "#2ecc71",
        "height": 20
      },
      "geometry": {
        "type": "Polygon",
        "coordinates": [
          [
            [
              2.3517894,
              48.842440700000004
            ],
            [
              2.3520894,
              48.842440700000004
            ],
            [
              2.3520894,
              48.8427407
            ],
            [
              2.3517894,
              48.8427407
            ],
            [
              2.3517894,
              48.842440700000004
            ]
          ]
        ]
      }
    },
    {
      "type": "Feature",
      "properties": {
        "color": "#2ecc71",
        "height": 20
      },
      "geometry": {
        "type": "Polygon",
        "coordinates": [
          [
            [
              2.3533849,
              48.837406200000004
            ],
            [
              2.3536849,
              48.837406200000004
            ],
            [
              2.3536849,
              48.8377062
            ],
            [
              2.3533849,
              48.8377062
            ],
            [
              2.3533849,
              48.837406200000004
            ]
          ]
        ]
      }
    },
    {
      "type": "Feature",
      "properties": {
        "color": "#2ecc71",
        "height": 20
      },
      "geometry": {
        "type": "Polygon",
        "coordinates": [
          [
            [
              2.3621265,
              48.8409779
            ],
            [
              2.3624265,
              48.8409779
            ],
            [
              2.3624265,
              48.841277899999994
            ],
            [
              2.3621265,
              48.841277899999994
            ],
            [
              2.3621265,
              48.8409779
            ]
          ]
        ]
      }
    },
    {
      "type": "Feature",
      "properties": {
        "color": "#2ecc71",
        "height": 20
      },
      "geometry": {
        "type": "Polygon",
        "coordinates": [
          [
            [
              2.3035864999999998,
              48.8588144
            ],
            [
              2.3038865,
              48.8588144
            ],
            [
              2.3038865,
              48.859114399999996
            ],
            [
              2.3035864999999998,
              48.859114399999996
            ],
            [
              2.3035864999999998,
              48.8588144
            ]
          ]
        ]
      }
    },
    {
      "type": "Feature",
      "properties": {
        "color": "#2ecc71",
        "height": 20
      },
      "geometry": {
        "type": "Polygon",
        "coordinates": [
          [
            [
              2.3044599999999997,
              48.8569924
            ],
            [
              2.30476,
              48.8569924
            ],
            [
              2.30476,
              48.8572924
            ],
            [
              2.3044599999999997,
              48.8572924
            ],
            [
              2.3044599999999997,
              48.8569924
            ]
          ]
        ]
      }
    },
    {
      "type": "Feature",
      "properties": {
        "color": "#2ecc71",
        "height": 20
      },
      "geometry": {
        "type": "Polygon",
        "coordinates": [
          [
            [
              2.3009768999999998,
              48.859605300000005
            ],
            [
              2.3012769,
              48.859605300000005
            ],
            [
              2.3012769,
              48.8599053
            ],
            [
              2.3009768999999998,
              48.8599053
            ],
            [
              2.3009768999999998,
              48.859605300000005
            ]
          ]
        ]
      }
    },
    {
      "type": "Feature",
      "properties": {
        "color": "#2ecc71",
        "height": 20
      },
      "geometry": {
        "type": "Polygon",
        "coordinates": [
          [
            [
              2.3268154,
              48.856366
            ],
            [
              2.3271154000000003,
              48.856366
            ],
            [
              2.3271154000000003,
              48.856666
            ],
            [
              2.3268154,
              48.856666
            ],
            [
              2.3268154,
              48.856366
            ]
          ]
        ]
      }
    },
    {
      "type": "Feature",
      "properties": {
        "color": "#e67e22",
        "height": 25
      },
      "geometry": {
        "type": "Polygon",
        "coordinates": [
          [
            [
              2.3943157,
              48.856726900000005
            ],
            [
              2.3946157,
              48.856726900000005
            ],
            [
              2.3946157,
              48.8570269
            ],
            [
              2.3943157,
              48.8570269
            ],
            [
              2.3943157,
              48.856726900000005
            ]
          ]
        ]
      }
    },
    {
      "type": "Feature",
      "properties": {
        "color": "#e67e22",
        "height": 25
      },
      "geometry": {
        "type": "Polygon",
        "coordinates": [
          [
            [
              2.3765297999999997,
              48.8716202
            ],
            [
              2.3768298,
              48.8716202
            ],
            [
              2.3768298,
              48.8719202
            ],
            [
              2.3765297999999997,
              48.8719202
            ],
            [
              2.3765297999999997,
              48.8716202
            ]
          ]
        ]
      }
    },
    {
      "type": "Feature",
      "properties": {
        "color": "#2ecc71",
        "height": 20
      },
      "geometry": {
        "type": "Polygon",
        "coordinates": [
          [
            [
              2.3782875999999997,
              48.8490406
            ],
            [
              2.3785876,
              48.8490406
            ],
            [
              2.3785876,
              48.8493406
            ],
            [
              2.3782875999999997,
              48.8493406
            ],
            [
              2.3782875999999997,
              48.8490406
            ]
          ]
        ]
      }
    },
    {
      "type": "Feature",
      "properties": {
        "color": "#2ecc71",
        "height": 20
      },
      "geometry": {
        "type": "Polygon",
        "coordinates": [
          [
            [
              2.3524132,
              48.8656967
            ],
            [
              2.3527132,
              48.8656967
            ],
            [
              2.3527132,
              48.8659967
            ],
            [
              2.3524132,
              48.8659967
            ],
            [
              2.3524132,
              48.8656967
            ]
          ]
        ]
      }
    },
    {
      "type": "Feature",
      "properties": {
        "color": "#2ecc71",
        "height": 20
      },
      "geometry": {
        "type": "Polygon",
        "coordinates": [
          [
            [
              2.334501,
              48.879090600000005
            ],
            [
              2.334801,
              48.879090600000005
            ],
            [
              2.334801,
              48.8793906
            ],
            [
              2.334501,
              48.8793906
            ],
            [
              2.334501,
              48.879090600000005
            ]
          ]
        ]
      }
    },
    {
      "type": "Feature",
      "properties": {
        "color": "#2ecc71",
        "height": 20
      },
      "geometry": {
        "type": "Polygon",
        "coordinates": [
          [
            [
              2.3392348,
              48.8767901
            ],
            [
              2.3395348,
              48.8767901
            ],
            [
              2.3395348,
              48.8770901
            ],
            [
              2.3392348,
              48.8770901
            ],
            [
              2.3392348,
              48.8767901
            ]
          ]
        ]
      }
    },
    {
      "type": "Feature",
      "properties": {
        "color": "#e67e22",
        "height": 25
      },
      "geometry": {
        "type": "Polygon",
        "coordinates": [
          [
            [
              2.3548819,
              48.8739481
            ],
            [
              2.3551819000000003,
              48.8739481
            ],
            [
              2.3551819000000003,
              48.874248099999996
            ],
            [
              2.3548819,
              48.874248099999996
            ],
            [
              2.3548819,
              48.8739481
            ]
          ]
        ]
      }
    },
    {
      "type": "Feature",
      "properties": {
        "color": "#2ecc71",
        "height": 20
      },
      "geometry": {
        "type": "Polygon",
        "coordinates": [
          [
            [
              2.3991200999999998,
              48.8378395
            ],
            [
              2.3994201,
              48.8378395
            ],
            [
              2.3994201,
              48.8381395
            ],
            [
              2.3991200999999998,
              48.8381395
            ],
            [
              2.3991200999999998,
              48.8378395
            ]
          ]
        ]
      }
    },
    {
      "type": "Feature",
      "properties": {
        "color": "#e67e22",
        "height": 25
      },
      "geometry": {
        "type": "Polygon",
        "coordinates": [
          [
            [
              2.3891527,
              48.841103700000005
            ],
            [
              2.3894527,
              48.841103700000005
            ],
            [
              2.3894527,
              48.8414037
            ],
            [
              2.3891527,
              48.8414037
            ],
            [
              2.3891527,
              48.841103700000005
            ]
          ]
        ]
      }
    },
    {
      "type": "Feature",
      "properties": {
        "color": "#2ecc71",
        "height": 20
      },
      "geometry": {
        "type": "Polygon",
        "coordinates": [
          [
            [
              2.3865304,
              48.841478
            ],
            [
              2.3868304,
              48.841478
            ],
            [
              2.3868304,
              48.841778
            ],
            [
              2.3865304,
              48.841778
            ],
            [
              2.3865304,
              48.841478
            ]
          ]
        ]
      }
    },
    {
      "type": "Feature",
      "properties": {
        "color": "#2ecc71",
        "height": 20
      },
      "geometry": {
        "type": "Polygon",
        "coordinates": [
          [
            [
              2.3017917999999997,
              48.847332200000004
            ],
            [
              2.3020918,
              48.847332200000004
            ],
            [
              2.3020918,
              48.8476322
            ],
            [
              2.3017917999999997,
              48.8476322
            ],
            [
              2.3017917999999997,
              48.847332200000004
            ]
          ]
        ]
      }
    },
    {
      "type": "Feature",
      "properties": {
        "color": "#2ecc71",
        "height": 20
      },
      "geometry": {
        "type": "Polygon",
        "coordinates": [
          [
            [
              2.3101362,
              48.844613700000004
            ],
            [
              2.3104362000000003,
              48.844613700000004
            ],
            [
              2.3104362000000003,
              48.8449137
            ],
            [
              2.3101362,
              48.8449137
            ],
            [
              2.3101362,
              48.844613700000004
            ]
          ]
        ]
      }
    },
    {
      "type": "Feature",
      "properties": {
        "color": "#2ecc71",
        "height": 20
      },
      "geometry": {
        "type": "Polygon",
        "coordinates": [
          [
            [
              2.3891975999999997,
              48.8391097
            ],
            [
              2.3894976,
              48.8391097
            ],
            [
              2.3894976,
              48.8394097
            ],
            [
              2.3891975999999997,
              48.8394097
            ],
            [
              2.3891975999999997,
              48.8391097
            ]
          ]
        ]
      }
    },
    {
      "type": "Feature",
      "properties": {
        "color": "#2ecc71",
        "height": 20
      },
      "geometry": {
        "type": "Polygon",
        "coordinates": [
          [
            [
              2.3085443999999997,
              48.8483948
            ],
            [
              2.3088444,
              48.8483948
            ],
            [
              2.3088444,
              48.8486948
            ],
            [
              2.3085443999999997,
              48.8486948
            ],
            [
              2.3085443999999997,
              48.8483948
            ]
          ]
        ]
      }
    },
    {
      "type": "Feature",
      "properties": {
        "color": "#2ecc71",
        "height": 20
      },
      "geometry": {
        "type": "Polygon",
        "coordinates": [
          [
            [
              2.3113633,
              48.8502408
            ],
            [
              2.3116633,
              48.8502408
            ],
            [
              2.3116633,
              48.8505408
            ],
            [
              2.3113633,
              48.8505408
            ],
            [
              2.3113633,
              48.8502408
            ]
          ]
        ]
      }
    },
    {
      "type": "Feature",
      "properties": {
        "color": "#2ecc71",
        "height": 20
      },
      "geometry": {
        "type": "Polygon",
        "coordinates": [
          [
            [
              2.3778666,
              48.856761500000005
            ],
            [
              2.3781666,
              48.856761500000005
            ],
            [
              2.3781666,
              48.8570615
            ],
            [
              2.3778666,
              48.8570615
            ],
            [
              2.3778666,
              48.856761500000005
            ]
          ]
        ]
      }
    },
    {
      "type": "Feature",
      "properties": {
        "color": "#e67e22",
        "height": 25
      },
      "geometry": {
        "type": "Polygon",
        "coordinates": [
          [
            [
              2.3549127999999997,
              48.869961700000005
            ],
            [
              2.3552128,
              48.869961700000005
            ],
            [
              2.3552128,
              48.8702617
            ],
            [
              2.3549127999999997,
              48.8702617
            ],
            [
              2.3549127999999997,
              48.869961700000005
            ]
          ]
        ]
      }
    },
    {
      "type": "Feature",
      "properties": {
        "color": "#2ecc71",
        "height": 20
      },
      "geometry": {
        "type": "Polygon",
        "coordinates": [
          [
            [
              2.370349,
              48.877271
            ],
            [
              2.3706490000000002,
              48.877271
            ],
            [
              2.3706490000000002,
              48.877570999999996
            ],
            [
              2.370349,
              48.877570999999996
            ],
            [
              2.370349,
              48.877271
            ]
          ]
        ]
      }
    },
    {
      "type": "Feature",
      "properties": {
        "color": "#2ecc71",
        "height": 20
      },
      "geometry": {
        "type": "Polygon",
        "coordinates": [
          [
            [
              2.3693214,
              48.877254400000005
            ],
            [
              2.3696214,
              48.877254400000005
            ],
            [
              2.3696214,
              48.8775544
            ],
            [
              2.3693214,
              48.8775544
            ],
            [
              2.3693214,
              48.877254400000005
            ]
          ]
        ]
      }
    },
    {
      "type": "Feature",
      "properties": {
        "color": "#e67e22",
        "height": 25
      },
      "geometry": {
        "type": "Polygon",
        "coordinates": [
          [
            [
              2.3125619,
              48.8456045
            ],
            [
              2.3128619,
              48.8456045
            ],
            [
              2.3128619,
              48.845904499999996
            ],
            [
              2.3125619,
              48.845904499999996
            ],
            [
              2.3125619,
              48.8456045
            ]
          ]
        ]
      }
    },
    {
      "type": "Feature",
      "properties": {
        "color": "#2ecc71",
        "height": 20
      },
      "geometry": {
        "type": "Polygon",
        "coordinates": [
          [
            [
              2.3976489,
              48.8755827
            ],
            [
              2.3979489000000003,
              48.8755827
            ],
            [
              2.3979489000000003,
              48.8758827
            ],
            [
              2.3976489,
              48.8758827
            ],
            [
              2.3976489,
              48.8755827
            ]
          ]
        ]
      }
    },
    {
      "type": "Feature",
      "properties": {
        "color": "#2ecc71",
        "height": 20
      },
      "geometry": {
        "type": "Polygon",
        "coordinates": [
          [
            [
              2.3097014,
              48.8701049
            ],
            [
              2.3100014,
              48.8701049
            ],
            [
              2.3100014,
              48.8704049
            ],
            [
              2.3097014,
              48.8704049
            ],
            [
              2.3097014,
              48.8701049
            ]
          ]
        ]
      }
    },
    {
      "type": "Feature",
      "properties": {
        "color": "#3498db",
        "height": 30
      },
      "geometry": {
        "type": "Polygon",
        "coordinates": [
          [
            [
              2.3129724,
              48.866947800000005
            ],
            [
              2.3132724000000002,
              48.866947800000005
            ],
            [
              2.3132724000000002,
              48.8672478
            ],
            [
              2.3129724,
              48.8672478
            ],
            [
              2.3129724,
              48.866947800000005
            ]
          ]
        ]
      }
    },
    {
      "type": "Feature",
      "properties": {
        "color": "#e67e22",
        "height": 25
      },
      "geometry": {
        "type": "Polygon",
        "coordinates": [
          [
            [
              2.3857204999999997,
              48.8645866
            ],
            [
              2.3860205,
              48.8645866
            ],
            [
              2.3860205,
              48.8648866
            ],
            [
              2.3857204999999997,
              48.8648866
            ],
            [
              2.3857204999999997,
              48.8645866
            ]
          ]
        ]
      }
    },
    {
      "type": "Feature",
      "properties": {
        "color": "#e67e22",
        "height": 25
      },
      "geometry": {
        "type": "Polygon",
        "coordinates": [
          [
            [
              2.3767853999999997,
              48.8622111
            ],
            [
              2.3770854,
              48.8622111
            ],
            [
              2.3770854,
              48.8625111
            ],
            [
              2.3767853999999997,
              48.8625111
            ],
            [
              2.3767853999999997,
              48.8622111
            ]
          ]
        ]
      }
    },
    {
      "type": "Feature",
      "properties": {
        "color": "#2ecc71",
        "height": 20
      },
      "geometry": {
        "type": "Polygon",
        "coordinates": [
          [
            [
              2.3793547999999998,
              48.8573797
            ],
            [
              2.3796548,
              48.8573797
            ],
            [
              2.3796548,
              48.8576797
            ],
            [
              2.3793547999999998,
              48.8576797
            ],
            [
              2.3793547999999998,
              48.8573797
            ]
          ]
        ]
      }
    },
    {
      "type": "Feature",
      "properties": {
        "color": "#e67e22",
        "height": 25
      },
      "geometry": {
        "type": "Polygon",
        "coordinates": [
          [
            [
              2.3037855,
              48.8566627
            ],
            [
              2.3040855000000002,
              48.8566627
            ],
            [
              2.3040855000000002,
              48.8569627
            ],
            [
              2.3037855,
              48.8569627
            ],
            [
              2.3037855,
              48.8566627
            ]
          ]
        ]
      }
    },
    {
      "type": "Feature",
      "properties": {
        "color": "#2ecc71",
        "height": 20
      },
      "geometry": {
        "type": "Polygon",
        "coordinates": [
          [
            [
              2.3777177,
              48.8471944
            ],
            [
              2.3780177,
              48.8471944
            ],
            [
              2.3780177,
              48.847494399999995
            ],
            [
              2.3777177,
              48.847494399999995
            ],
            [
              2.3777177,
              48.8471944
            ]
          ]
        ]
      }
    },
    {
      "type": "Feature",
      "properties": {
        "color": "#3498db",
        "height": 30
      },
      "geometry": {
        "type": "Polygon",
        "coordinates": [
          [
            [
              2.3844339999999997,
              48.8444713
            ],
            [
              2.384734,
              48.8444713
            ],
            [
              2.384734,
              48.8447713
            ],
            [
              2.3844339999999997,
              48.8447713
            ],
            [
              2.3844339999999997,
              48.8444713
            ]
          ]
        ]
      }
    },
    {
      "type": "Feature",
      "properties": {
        "color": "#2ecc71",
        "height": 20
      },
      "geometry": {
        "type": "Polygon",
        "coordinates": [
          [
            [
              2.3957707,
              48.8470688
            ],
            [
              2.3960707,
              48.8470688
            ],
            [
              2.3960707,
              48.8473688
            ],
            [
              2.3957707,
              48.8473688
            ],
            [
              2.3957707,
              48.8470688
            ]
          ]
        ]
      }
    },
    {
      "type": "Feature",
      "properties": {
        "color": "#e67e22",
        "height": 25
      },
      "geometry": {
        "type": "Polygon",
        "coordinates": [
          [
            [
              2.3945487,
              48.839061900000004
            ],
            [
              2.3948487000000003,
              48.839061900000004
            ],
            [
              2.3948487000000003,
              48.8393619
            ],
            [
              2.3945487,
              48.8393619
            ],
            [
              2.3945487,
              48.839061900000004
            ]
          ]
        ]
      }
    },
    {
      "type": "Feature",
      "properties": {
        "color": "#3498db",
        "height": 30
      },
      "geometry": {
        "type": "Polygon",
        "coordinates": [
          [
            [
              2.3177572,
              48.8775907
            ],
            [
              2.3180572,
              48.8775907
            ],
            [
              2.3180572,
              48.877890699999995
            ],
            [
              2.3177572,
              48.877890699999995
            ],
            [
              2.3177572,
              48.8775907
            ]
          ]
        ]
      }
    },
    {
      "type": "Feature",
      "properties": {
        "color": "#e67e22",
        "height": 25
      },
      "geometry": {
        "type": "Polygon",
        "coordinates": [
          [
            [
              2.3444466999999998,
              48.8319525
            ],
            [
              2.3447467,
              48.8319525
            ],
            [
              2.3447467,
              48.832252499999996
            ],
            [
              2.3444466999999998,
              48.832252499999996
            ],
            [
              2.3444466999999998,
              48.8319525
            ]
          ]
        ]
      }
    },
    {
      "type": "Feature",
      "properties": {
        "color": "#e67e22",
        "height": 25
      },
      "geometry": {
        "type": "Polygon",
        "coordinates": [
          [
            [
              2.3351349,
              48.865349
            ],
            [
              2.3354349,
              48.865349
            ],
            [
              2.3354349,
              48.865649
            ],
            [
              2.3351349,
              48.865649
            ],
            [
              2.3351349,
              48.865349
            ]
          ]
        ]
      }
    },
    {
      "type": "Feature",
      "properties": {
        "color": "#2ecc71",
        "height": 20
      },
      "geometry": {
        "type": "Polygon",
        "coordinates": [
          [
            [
              2.369129,
              48.8638964
            ],
            [
              2.3694290000000002,
              48.8638964
            ],
            [
              2.3694290000000002,
              48.8641964
            ],
            [
              2.369129,
              48.8641964
            ],
            [
              2.369129,
              48.8638964
            ]
          ]
        ]
      }
    },
    {
      "type": "Feature",
      "properties": {
        "color": "#2ecc71",
        "height": 20
      },
      "geometry": {
        "type": "Polygon",
        "coordinates": [
          [
            [
              2.3695925,
              48.8633516
            ],
            [
              2.3698925,
              48.8633516
            ],
            [
              2.3698925,
              48.8636516
            ],
            [
              2.3695925,
              48.8636516
            ],
            [
              2.3695925,
              48.8633516
            ]
          ]
        ]
      }
    },
    {
      "type": "Feature",
      "properties": {
        "color": "#2ecc71",
        "height": 20
      },
      "geometry": {
        "type": "Polygon",
        "coordinates": [
          [
            [
              2.3357894999999997,
              48.876715100000006
            ],
            [
              2.3360895,
              48.876715100000006
            ],
            [
              2.3360895,
              48.8770151
            ],
            [
              2.3357894999999997,
              48.8770151
            ],
            [
              2.3357894999999997,
              48.876715100000006
            ]
          ]
        ]
      }
    },
    {
      "type": "Feature",
      "properties": {
        "color": "#2ecc71",
        "height": 20
      },
      "geometry": {
        "type": "Polygon",
        "coordinates": [
          [
            [
              2.3558795,
              48.876767900000004
            ],
            [
              2.3561795,
              48.876767900000004
            ],
            [
              2.3561795,
              48.8770679
            ],
            [
              2.3558795,
              48.8770679
            ],
            [
              2.3558795,
              48.876767900000004
            ]
          ]
        ]
      }
    },
    {
      "type": "Feature",
      "properties": {
        "color": "#2ecc71",
        "height": 20
      },
      "geometry": {
        "type": "Polygon",
        "coordinates": [
          [
            [
              2.3260745,
              48.8704539
            ],
            [
              2.3263745,
              48.8704539
            ],
            [
              2.3263745,
              48.8707539
            ],
            [
              2.3260745,
              48.8707539
            ],
            [
              2.3260745,
              48.8704539
            ]
          ]
        ]
      }
    },
    {
      "type": "Feature",
      "properties": {
        "color": "#2ecc71",
        "height": 20
      },
      "geometry": {
        "type": "Polygon",
        "coordinates": [
          [
            [
              2.3221084,
              48.857598800000005
            ],
            [
              2.3224084,
              48.857598800000005
            ],
            [
              2.3224084,
              48.8578988
            ],
            [
              2.3221084,
              48.8578988
            ],
            [
              2.3221084,
              48.857598800000005
            ]
          ]
        ]
      }
    },
    {
      "type": "Feature",
      "properties": {
        "color": "#e67e22",
        "height": 25
      },
      "geometry": {
        "type": "Polygon",
        "coordinates": [
          [
            [
              2.3337179999999997,
              48.866302600000004
            ],
            [
              2.334018,
              48.866302600000004
            ],
            [
              2.334018,
              48.8666026
            ],
            [
              2.3337179999999997,
              48.8666026
            ],
            [
              2.3337179999999997,
              48.866302600000004
            ]
          ]
        ]
      }
    },
    {
      "type": "Feature",
      "properties": {
        "color": "#e67e22",
        "height": 25
      },
      "geometry": {
        "type": "Polygon",
        "coordinates": [
          [
            [
              2.3808148,
              48.8453072
            ],
            [
              2.3811148,
              48.8453072
            ],
            [
              2.3811148,
              48.845607199999996
            ],
            [
              2.3808148,
              48.845607199999996
            ],
            [
              2.3808148,
              48.8453072
            ]
          ]
        ]
      }
    },
    {
      "type": "Feature",
      "properties": {
        "color": "#e67e22",
        "height": 25
      },
      "geometry": {
        "type": "Polygon",
        "coordinates": [
          [
            [
              2.331056,
              48.8331068
            ],
            [
              2.331356,
              48.8331068
            ],
            [
              2.331356,
              48.8334068
            ],
            [
              2.331056,
              48.8334068
            ],
            [
              2.331056,
              48.8331068
            ]
          ]
        ]
      }
    },
    {
      "type": "Feature",
      "properties": {
        "color": "#2ecc71",
        "height": 20
      },
      "geometry": {
        "type": "Polygon",
        "coordinates": [
          [
            [
              2.3263007,
              48.8313337
            ],
            [
              2.3266007,
              48.8313337
            ],
            [
              2.3266007,
              48.8316337
            ],
            [
              2.3263007,
              48.8316337
            ],
            [
              2.3263007,
              48.8313337
            ]
          ]
        ]
      }
    },
    {
      "type": "Feature",
      "properties": {
        "color": "#2ecc71",
        "height": 20
      },
      "geometry": {
        "type": "Polygon",
        "coordinates": [
          [
            [
              2.3894433,
              48.8427835
            ],
            [
              2.3897433,
              48.8427835
            ],
            [
              2.3897433,
              48.8430835
            ],
            [
              2.3894433,
              48.8430835
            ],
            [
              2.3894433,
              48.8427835
            ]
          ]
        ]
      }
    },
    {
      "type": "Feature",
      "properties": {
        "color": "#2ecc71",
        "height": 20
      },
      "geometry": {
        "type": "Polygon",
        "coordinates": [
          [
            [
              2.3972932,
              48.848796400000005
            ],
            [
              2.3975932,
              48.848796400000005
            ],
            [
              2.3975932,
              48.8490964
            ],
            [
              2.3972932,
              48.8490964
            ],
            [
              2.3972932,
              48.848796400000005
            ]
          ]
        ]
      }
    },
    {
      "type": "Feature",
      "properties": {
        "color": "#2ecc71",
        "height": 20
      },
      "geometry": {
        "type": "Polygon",
        "coordinates": [
          [
            [
              2.3829084,
              48.861688300000004
            ],
            [
              2.3832084,
              48.861688300000004
            ],
            [
              2.3832084,
              48.8619883
            ],
            [
              2.3829084,
              48.8619883
            ],
            [
              2.3829084,
              48.861688300000004
            ]
          ]
        ]
      }
    },
    {
      "type": "Feature",
      "properties": {
        "color": "#2ecc71",
        "height": 20
      },
      "geometry": {
        "type": "Polygon",
        "coordinates": [
          [
            [
              2.3592804,
              48.870303400000005
            ],
            [
              2.3595804,
              48.870303400000005
            ],
            [
              2.3595804,
              48.8706034
            ],
            [
              2.3592804,
              48.8706034
            ],
            [
              2.3592804,
              48.870303400000005
            ]
          ]
        ]
      }
    },
    {
      "type": "Feature",
      "properties": {
        "color": "#2ecc71",
        "height": 20
      },
      "geometry": {
        "type": "Polygon",
        "coordinates": [
          [
            [
              2.3632564,
              48.8688817
            ],
            [
              2.3635564000000002,
              48.8688817
            ],
            [
              2.3635564000000002,
              48.8691817
            ],
            [
              2.3632564,
              48.8691817
            ],
            [
              2.3632564,
              48.8688817
            ]
          ]
        ]
      }
    },
    {
      "type": "Feature",
      "properties": {
        "color": "#e67e22",
        "height": 25
      },
      "geometry": {
        "type": "Polygon",
        "coordinates": [
          [
            [
              2.3060758999999997,
              48.854851100000005
            ],
            [
              2.3063759,
              48.854851100000005
            ],
            [
              2.3063759,
              48.8551511
            ],
            [
              2.3060758999999997,
              48.8551511
            ],
            [
              2.3060758999999997,
              48.854851100000005
            ]
          ]
        ]
      }
    },
    {
      "type": "Feature",
      "properties": {
        "color": "#2ecc71",
        "height": 20
      },
      "geometry": {
        "type": "Polygon",
        "coordinates": [
          [
            [
              2.3661126,
              48.831372200000004
            ],
            [
              2.3664126000000003,
              48.831372200000004
            ],
            [
              2.3664126000000003,
              48.8316722
            ],
            [
              2.3661126,
              48.8316722
            ],
            [
              2.3661126,
              48.831372200000004
            ]
          ]
        ]
      }
    },
    {
      "type": "Feature",
      "properties": {
        "color": "#e74c3c",
        "height": 40
      },
      "geometry": {
        "type": "Polygon",
        "coordinates": [
          [
            [
              2.3433696999999998,
              48.842494900000005
            ],
            [
              2.3436697,
              48.842494900000005
            ],
            [
              2.3436697,
              48.8427949
            ],
            [
              2.3433696999999998,
              48.8427949
            ],
            [
              2.3433696999999998,
              48.842494900000005
            ]
          ]
        ]
      }
    },
    {
      "type": "Feature",
      "properties": {
        "color": "#e74c3c",
        "height": 40
      },
      "geometry": {
        "type": "Polygon",
        "coordinates": [
          [
            [
              2.3392838,
              48.8439494
            ],
            [
              2.3395838,
              48.8439494
            ],
            [
              2.3395838,
              48.844249399999995
            ],
            [
              2.3392838,
              48.844249399999995
            ],
            [
              2.3392838,
              48.8439494
            ]
          ]
        ]
      }
    },
    {
      "type": "Feature",
      "properties": {
        "color": "#e67e22",
        "height": 25
      },
      "geometry": {
        "type": "Polygon",
        "coordinates": [
          [
            [
              2.3925658,
              48.878987200000005
            ],
            [
              2.3928658,
              48.878987200000005
            ],
            [
              2.3928658,
              48.8792872
            ],
            [
              2.3925658,
              48.8792872
            ],
            [
              2.3925658,
              48.878987200000005
            ]
          ]
        ]
      }
    },
    {
      "type": "Feature",
      "properties": {
        "color": "#e67e22",
        "height": 25
      },
      "geometry": {
        "type": "Polygon",
        "coordinates": [
          [
            [
              2.3905787,
              48.857099500000004
            ],
            [
              2.3908787,
              48.857099500000004
            ],
            [
              2.3908787,
              48.8573995
            ],
            [
              2.3905787,
              48.8573995
            ],
            [
              2.3905787,
              48.857099500000004
            ]
          ]
        ]
      }
    },
    {
      "type": "Feature",
      "properties": {
        "color": "#2ecc71",
        "height": 20
      },
      "geometry": {
        "type": "Polygon",
        "coordinates": [
          [
            [
              2.309703,
              48.872571
            ],
            [
              2.310003,
              48.872571
            ],
            [
              2.310003,
              48.872870999999996
            ],
            [
              2.309703,
              48.872870999999996
            ],
            [
              2.309703,
              48.872571
            ]
          ]
        ]
      }
    },
    {
      "type": "Feature",
      "properties": {
        "color": "#e67e22",
        "height": 25
      },
      "geometry": {
        "type": "Polygon",
        "coordinates": [
          [
            [
              2.3525310999999998,
              48.870870000000004
            ],
            [
              2.3528311,
              48.870870000000004
            ],
            [
              2.3528311,
              48.87117
            ],
            [
              2.3525310999999998,
              48.87117
            ],
            [
              2.3525310999999998,
              48.870870000000004
            ]
          ]
        ]
      }
    },
    {
      "type": "Feature",
      "properties": {
        "color": "#2ecc71",
        "height": 20
      },
      "geometry": {
        "type": "Polygon",
        "coordinates": [
          [
            [
              2.3423765,
              48.8703828
            ],
            [
              2.3426765,
              48.8703828
            ],
            [
              2.3426765,
              48.8706828
            ],
            [
              2.3423765,
              48.8706828
            ],
            [
              2.3423765,
              48.8703828
            ]
          ]
        ]
      }
    },
    {
      "type": "Feature",
      "properties": {
        "color": "#2ecc71",
        "height": 20
      },
      "geometry": {
        "type": "Polygon",
        "coordinates": [
          [
            [
              2.3326816,
              48.8760597
            ],
            [
              2.3329816,
              48.8760597
            ],
            [
              2.3329816,
              48.876359699999995
            ],
            [
              2.3326816,
              48.876359699999995
            ],
            [
              2.3326816,
              48.8760597
            ]
          ]
        ]
      }
    },
    {
      "type": "Feature",
      "properties": {
        "color": "#2ecc71",
        "height": 20
      },
      "geometry": {
        "type": "Polygon",
        "coordinates": [
          [
            [
              2.3513535,
              48.869973900000005
            ],
            [
              2.3516535000000003,
              48.869973900000005
            ],
            [
              2.3516535000000003,
              48.8702739
            ],
            [
              2.3513535,
              48.8702739
            ],
            [
              2.3513535,
              48.869973900000005
            ]
          ]
        ]
      }
    },
    {
      "type": "Feature",
      "properties": {
        "color": "#2ecc71",
        "height": 20
      },
      "geometry": {
        "type": "Polygon",
        "coordinates": [
          [
            [
              2.3327766,
              48.8740303
            ],
            [
              2.3330766,
              48.8740303
            ],
            [
              2.3330766,
              48.8743303
            ],
            [
              2.3327766,
              48.8743303
            ],
            [
              2.3327766,
              48.8740303
            ]
          ]
        ]
      }
    },
    {
      "type": "Feature",
      "properties": {
        "color": "#2ecc71",
        "height": 20
      },
      "geometry": {
        "type": "Polygon",
        "coordinates": [
          [
            [
              2.3474944,
              48.8350729
            ],
            [
              2.3477944,
              48.8350729
            ],
            [
              2.3477944,
              48.835372899999996
            ],
            [
              2.3474944,
              48.835372899999996
            ],
            [
              2.3474944,
              48.8350729
            ]
          ]
        ]
      }
    },
    {
      "type": "Feature",
      "properties": {
        "color": "#2ecc71",
        "height": 20
      },
      "geometry": {
        "type": "Polygon",
        "coordinates": [
          [
            [
              2.3464519,
              48.835204000000004
            ],
            [
              2.3467519,
              48.835204000000004
            ],
            [
              2.3467519,
              48.835504
            ],
            [
              2.3464519,
              48.835504
            ],
            [
              2.3464519,
              48.835204000000004
            ]
          ]
        ]
      }
    },
    {
      "type": "Feature",
      "properties": {
        "color": "#2ecc71",
        "height": 20
      },
      "geometry": {
        "type": "Polygon",
        "coordinates": [
          [
            [
              2.3421845,
              48.864277
            ],
            [
              2.3424845000000003,
              48.864277
            ],
            [
              2.3424845000000003,
              48.864577
            ],
            [
              2.3421845,
              48.864577
            ],
            [
              2.3421845,
              48.864277
            ]
          ]
        ]
      }
    },
    {
      "type": "Feature",
      "properties": {
        "color": "#e67e22",
        "height": 25
      },
      "geometry": {
        "type": "Polygon",
        "coordinates": [
          [
            [
              2.3946547,
              48.877542000000005
            ],
            [
              2.3949547,
              48.877542000000005
            ],
            [
              2.3949547,
              48.877842
            ],
            [
              2.3946547,
              48.877842
            ],
            [
              2.3946547,
              48.877542000000005
            ]
          ]
        ]
      }
    },
    {
      "type": "Feature",
      "properties": {
        "color": "#2ecc71",
        "height": 20
      },
      "geometry": {
        "type": "Polygon",
        "coordinates": [
          [
            [
              2.3976013,
              48.842455900000004
            ],
            [
              2.3979013,
              48.842455900000004
            ],
            [
              2.3979013,
              48.8427559
            ],
            [
              2.3976013,
              48.8427559
            ],
            [
              2.3976013,
              48.842455900000004
            ]
          ]
        ]
      }
    },
    {
      "type": "Feature",
      "properties": {
        "color": "#2ecc71",
        "height": 20
      },
      "geometry": {
        "type": "Polygon",
        "coordinates": [
          [
            [
              2.3260864,
              48.8299449
            ],
            [
              2.3263864,
              48.8299449
            ],
            [
              2.3263864,
              48.8302449
            ],
            [
              2.3260864,
              48.8302449
            ],
            [
              2.3260864,
              48.8299449
            ]
          ]
        ]
      }
    },
    {
      "type": "Feature",
      "properties": {
        "color": "#e74c3c",
        "height": 40
      },
      "geometry": {
        "type": "Polygon",
        "coordinates": [
          [
            [
              2.3135999,
              48.8309901
            ],
            [
              2.3138999,
              48.8309901
            ],
            [
              2.3138999,
              48.8312901
            ],
            [
              2.3135999,
              48.8312901
            ],
            [
              2.3135999,
              48.8309901
            ]
          ]
        ]
      }
    },
    {
      "type": "Feature",
      "properties": {
        "color": "#e67e22",
        "height": 25
      },
      "geometry": {
        "type": "Polygon",
        "coordinates": [
          [
            [
              2.3525055999999998,
              48.8626884
            ],
            [
              2.3528056,
              48.8626884
            ],
            [
              2.3528056,
              48.8629884
            ],
            [
              2.3525055999999998,
              48.8629884
            ],
            [
              2.3525055999999998,
              48.8626884
            ]
          ]
        ]
      }
    },
    {
      "type": "Feature",
      "properties": {
        "color": "#2ecc71",
        "height": 20
      },
      "geometry": {
        "type": "Polygon",
        "coordinates": [
          [
            [
              2.3495786,
              48.86055
            ],
            [
              2.3498786000000003,
              48.86055
            ],
            [
              2.3498786000000003,
              48.86085
            ],
            [
              2.3495786,
              48.86085
            ],
            [
              2.3495786,
              48.86055
            ]
          ]
        ]
      }
    },
    {
      "type": "Feature",
      "properties": {
        "color": "#2ecc71",
        "height": 20
      },
      "geometry": {
        "type": "Polygon",
        "coordinates": [
          [
            [
              2.3543613,
              48.8625976
            ],
            [
              2.3546613,
              48.8625976
            ],
            [
              2.3546613,
              48.8628976
            ],
            [
              2.3543613,
              48.8628976
            ],
            [
              2.3543613,
              48.8625976
            ]
          ]
        ]
      }
    },
    {
      "type": "Feature",
      "properties": {
        "color": "#2ecc71",
        "height": 20
      },
      "geometry": {
        "type": "Polygon",
        "coordinates": [
          [
            [
              2.3712001,
              48.8642561
            ],
            [
              2.3715001,
              48.8642561
            ],
            [
              2.3715001,
              48.864556099999994
            ],
            [
              2.3712001,
              48.864556099999994
            ],
            [
              2.3712001,
              48.8642561
            ]
          ]
        ]
      }
    },
    {
      "type": "Feature",
      "properties": {
        "color": "#2ecc71",
        "height": 20
      },
      "geometry": {
        "type": "Polygon",
        "coordinates": [
          [
            [
              2.3238365,
              48.8354876
            ],
            [
              2.3241365000000003,
              48.8354876
            ],
            [
              2.3241365000000003,
              48.835787599999996
            ],
            [
              2.3238365,
              48.835787599999996
            ],
            [
              2.3238365,
              48.8354876
            ]
          ]
        ]
      }
    },
    {
      "type": "Feature",
      "properties": {
        "color": "#e67e22",
        "height": 25
      },
      "geometry": {
        "type": "Polygon",
        "coordinates": [
          [
            [
              2.3971687,
              48.847436300000005
            ],
            [
              2.3974687,
              48.847436300000005
            ],
            [
              2.3974687,
              48.8477363
            ],
            [
              2.3971687,
              48.8477363
            ],
            [
              2.3971687,
              48.847436300000005
            ]
          ]
        ]
      }
    },
    {
      "type": "Feature",
      "properties": {
        "color": "#e67e22",
        "height": 25
      },
      "geometry": {
        "type": "Polygon",
        "coordinates": [
          [
            [
              2.3966825,
              48.8381352
            ],
            [
              2.3969825,
              48.8381352
            ],
            [
              2.3969825,
              48.8384352
            ],
            [
              2.3966825,
              48.8384352
            ],
            [
              2.3966825,
              48.8381352
            ]
          ]
        ]
      }
    },
    {
      "type": "Feature",
      "properties": {
        "color": "#e67e22",
        "height": 25
      },
      "geometry": {
        "type": "Polygon",
        "coordinates": [
          [
            [
              2.3844497,
              48.842453400000004
            ],
            [
              2.3847497,
              48.842453400000004
            ],
            [
              2.3847497,
              48.8427534
            ],
            [
              2.3844497,
              48.8427534
            ],
            [
              2.3844497,
              48.842453400000004
            ]
          ]
        ]
      }
    },
    {
      "type": "Feature",
      "properties": {
        "color": "#e67e22",
        "height": 25
      },
      "geometry": {
        "type": "Polygon",
        "coordinates": [
          [
            [
              2.3847161999999997,
              48.8518021
            ],
            [
              2.3850162,
              48.8518021
            ],
            [
              2.3850162,
              48.852102099999996
            ],
            [
              2.3847161999999997,
              48.852102099999996
            ],
            [
              2.3847161999999997,
              48.8518021
            ]
          ]
        ]
      }
    },
    {
      "type": "Feature",
      "properties": {
        "color": "#2ecc71",
        "height": 20
      },
      "geometry": {
        "type": "Polygon",
        "coordinates": [
          [
            [
              2.3848401,
              48.8523535
            ],
            [
              2.3851401,
              48.8523535
            ],
            [
              2.3851401,
              48.852653499999995
            ],
            [
              2.3848401,
              48.852653499999995
            ],
            [
              2.3848401,
              48.8523535
            ]
          ]
        ]
      }
    },
    {
      "type": "Feature",
      "properties": {
        "color": "#2ecc71",
        "height": 20
      },
      "geometry": {
        "type": "Polygon",
        "coordinates": [
          [
            [
              2.3428527999999997,
              48.8724512
            ],
            [
              2.3431528,
              48.8724512
            ],
            [
              2.3431528,
              48.872751199999996
            ],
            [
              2.3428527999999997,
              48.872751199999996
            ],
            [
              2.3428527999999997,
              48.8724512
            ]
          ]
        ]
      }
    },
    {
      "type": "Feature",
      "properties": {
        "color": "#e67e22",
        "height": 25
      },
      "geometry": {
        "type": "Polygon",
        "coordinates": [
          [
            [
              2.3431669999999998,
              48.8717205
            ],
            [
              2.343467,
              48.8717205
            ],
            [
              2.343467,
              48.8720205
            ],
            [
              2.3431669999999998,
              48.8720205
            ],
            [
              2.3431669999999998,
              48.8717205
            ]
          ]
        ]
      }
    },
    {
      "type": "Feature",
      "properties": {
        "color": "#e67e22",
        "height": 25
      },
      "geometry": {
        "type": "Polygon",
        "coordinates": [
          [
            [
              2.3463567999999997,
              48.867261400000004
            ],
            [
              2.3466568,
              48.867261400000004
            ],
            [
              2.3466568,
              48.8675614
            ],
            [
              2.3463567999999997,
              48.8675614
            ],
            [
              2.3463567999999997,
              48.867261400000004
            ]
          ]
        ]
      }
    },
    {
      "type": "Feature",
      "properties": {
        "color": "#2ecc71",
        "height": 20
      },
      "geometry": {
        "type": "Polygon",
        "coordinates": [
          [
            [
              2.3882252,
              48.8458915
            ],
            [
              2.3885252,
              48.8458915
            ],
            [
              2.3885252,
              48.846191499999996
            ],
            [
              2.3882252,
              48.846191499999996
            ],
            [
              2.3882252,
              48.8458915
            ]
          ]
        ]
      }
    },
    {
      "type": "Feature",
      "properties": {
        "color": "#e67e22",
        "height": 25
      },
      "geometry": {
        "type": "Polygon",
        "coordinates": [
          [
            [
              2.3533266999999998,
              48.869128
            ],
            [
              2.3536267,
              48.869128
            ],
            [
              2.3536267,
              48.869428
            ],
            [
              2.3533266999999998,
              48.869428
            ],
            [
              2.3533266999999998,
              48.869128
            ]
          ]
        ]
      }
    },
    {
      "type": "Feature",
      "properties": {
        "color": "#2ecc71",
        "height": 20
      },
      "geometry": {
        "type": "Polygon",
        "coordinates": [
          [
            [
              2.392538,
              48.8498797
            ],
            [
              2.3928380000000002,
              48.8498797
            ],
            [
              2.3928380000000002,
              48.8501797
            ],
            [
              2.392538,
              48.8501797
            ],
            [
              2.392538,
              48.8498797
            ]
          ]
        ]
      }
    },
    {
      "type": "Feature",
      "properties": {
        "color": "#3498db",
        "height": 30
      },
      "geometry": {
        "type": "Polygon",
        "coordinates": [
          [
            [
              2.3526379,
              48.8766855
            ],
            [
              2.3529379,
              48.8766855
            ],
            [
              2.3529379,
              48.876985499999996
            ],
            [
              2.3526379,
              48.876985499999996
            ],
            [
              2.3526379,
              48.8766855
            ]
          ]
        ]
      }
    },
    {
      "type": "Feature",
      "properties": {
        "color": "#2ecc71",
        "height": 20
      },
      "geometry": {
        "type": "Polygon",
        "coordinates": [
          [
            [
              2.3991907,
              48.8731254
            ],
            [
              2.3994907000000003,
              48.8731254
            ],
            [
              2.3994907000000003,
              48.873425399999995
            ],
            [
              2.3991907,
              48.873425399999995
            ],
            [
              2.3991907,
              48.8731254
            ]
          ]
        ]
      }
    },
    {
      "type": "Feature",
      "properties": {
        "color": "#2ecc71",
        "height": 20
      },
      "geometry": {
        "type": "Polygon",
        "coordinates": [
          [
            [
              2.3976837,
              48.865340100000004
            ],
            [
              2.3979837,
              48.865340100000004
            ],
            [
              2.3979837,
              48.8656401
            ],
            [
              2.3976837,
              48.8656401
            ],
            [
              2.3976837,
              48.865340100000004
            ]
          ]
        ]
      }
    },
    {
      "type": "Feature",
      "properties": {
        "color": "#2ecc71",
        "height": 20
      },
      "geometry": {
        "type": "Polygon",
        "coordinates": [
          [
            [
              2.3672101999999997,
              48.8343122
            ],
            [
              2.3675102,
              48.8343122
            ],
            [
              2.3675102,
              48.834612199999995
            ],
            [
              2.3672101999999997,
              48.834612199999995
            ],
            [
              2.3672101999999997,
              48.8343122
            ]
          ]
        ]
      }
    },
    {
      "type": "Feature",
      "properties": {
        "color": "#2ecc71",
        "height": 20
      },
      "geometry": {
        "type": "Polygon",
        "coordinates": [
          [
            [
              2.3514649,
              48.8678082
            ],
            [
              2.3517649,
              48.8678082
            ],
            [
              2.3517649,
              48.868108199999995
            ],
            [
              2.3514649,
              48.868108199999995
            ],
            [
              2.3514649,
              48.8678082
            ]
          ]
        ]
      }
    },
    {
      "type": "Feature",
      "properties": {
        "color": "#2ecc71",
        "height": 20
      },
      "geometry": {
        "type": "Polygon",
        "coordinates": [
          [
            [
              2.3008295999999997,
              48.835628
            ],
            [
              2.3011296,
              48.835628
            ],
            [
              2.3011296,
              48.835927999999996
            ],
            [
              2.3008295999999997,
              48.835927999999996
            ],
            [
              2.3008295999999997,
              48.835628
            ]
          ]
        ]
      }
    },
    {
      "type": "Feature",
      "properties": {
        "color": "#e67e22",
        "height": 25
      },
      "geometry": {
        "type": "Polygon",
        "coordinates": [
          [
            [
              2.3820133,
              48.8457972
            ],
            [
              2.3823133000000003,
              48.8457972
            ],
            [
              2.3823133000000003,
              48.846097199999996
            ],
            [
              2.3820133,
              48.846097199999996
            ],
            [
              2.3820133,
              48.8457972
            ]
          ]
        ]
      }
    },
    {
      "type": "Feature",
      "properties": {
        "color": "#2ecc71",
        "height": 20
      },
      "geometry": {
        "type": "Polygon",
        "coordinates": [
          [
            [
              2.3889690999999997,
              48.8728428
            ],
            [
              2.3892691,
              48.8728428
            ],
            [
              2.3892691,
              48.8731428
            ],
            [
              2.3889690999999997,
              48.8731428
            ],
            [
              2.3889690999999997,
              48.8728428
            ]
          ]
        ]
      }
    },
    {
      "type": "Feature",
      "properties": {
        "color": "#e67e22",
        "height": 25
      },
      "geometry": {
        "type": "Polygon",
        "coordinates": [
          [
            [
              2.3650348,
              48.8521172
            ],
            [
              2.3653348000000003,
              48.8521172
            ],
            [
              2.3653348000000003,
              48.8524172
            ],
            [
              2.3650348,
              48.8524172
            ],
            [
              2.3650348,
              48.8521172
            ]
          ]
        ]
      }
    },
    {
      "type": "Feature",
      "properties": {
        "color": "#2ecc71",
        "height": 20
      },
      "geometry": {
        "type": "Polygon",
        "coordinates": [
          [
            [
              2.3310321,
              48.873867600000004
            ],
            [
              2.3313321,
              48.873867600000004
            ],
            [
              2.3313321,
              48.8741676
            ],
            [
              2.3310321,
              48.8741676
            ],
            [
              2.3310321,
              48.873867600000004
            ]
          ]
        ]
      }
    },
    {
      "type": "Feature",
      "properties": {
        "color": "#2ecc71",
        "height": 20
      },
      "geometry": {
        "type": "Polygon",
        "coordinates": [
          [
            [
              2.3906416999999998,
              48.8391813
            ],
            [
              2.3909417,
              48.8391813
            ],
            [
              2.3909417,
              48.839481299999996
            ],
            [
              2.3906416999999998,
              48.839481299999996
            ],
            [
              2.3906416999999998,
              48.8391813
            ]
          ]
        ]
      }
    },
    {
      "type": "Feature",
      "properties": {
        "color": "#e67e22",
        "height": 25
      },
      "geometry": {
        "type": "Polygon",
        "coordinates": [
          [
            [
              2.3676364999999997,
              48.8615111
            ],
            [
              2.3679365,
              48.8615111
            ],
            [
              2.3679365,
              48.8618111
            ],
            [
              2.3676364999999997,
              48.8618111
            ],
            [
              2.3676364999999997,
              48.8615111
            ]
          ]
        ]
      }
    },
    {
      "type": "Feature",
      "properties": {
        "color": "#3498db",
        "height": 30
      },
      "geometry": {
        "type": "Polygon",
        "coordinates": [
          [
            [
              2.3461368,
              48.854917900000004
            ],
            [
              2.3464368,
              48.854917900000004
            ],
            [
              2.3464368,
              48.8552179
            ],
            [
              2.3461368,
              48.8552179
            ],
            [
              2.3461368,
              48.854917900000004
            ]
          ]
        ]
      }
    },
    {
      "type": "Feature",
      "properties": {
        "color": "#2ecc71",
        "height": 20
      },
      "geometry": {
        "type": "Polygon",
        "coordinates": [
          [
            [
              2.3898596,
              48.8753162
            ],
            [
              2.3901596,
              48.8753162
            ],
            [
              2.3901596,
              48.875616199999996
            ],
            [
              2.3898596,
              48.875616199999996
            ],
            [
              2.3898596,
              48.8753162
            ]
          ]
        ]
      }
    },
    {
      "type": "Feature",
      "properties": {
        "color": "#2ecc71",
        "height": 20
      },
      "geometry": {
        "type": "Polygon",
        "coordinates": [
          [
            [
              2.3873914,
              48.8746358
            ],
            [
              2.3876914,
              48.8746358
            ],
            [
              2.3876914,
              48.874935799999996
            ],
            [
              2.3873914,
              48.874935799999996
            ],
            [
              2.3873914,
              48.8746358
            ]
          ]
        ]
      }
    },
    {
      "type": "Feature",
      "properties": {
        "color": "#2ecc71",
        "height": 20
      },
      "geometry": {
        "type": "Polygon",
        "coordinates": [
          [
            [
              2.3654533,
              48.853407700000005
            ],
            [
              2.3657533,
              48.853407700000005
            ],
            [
              2.3657533,
              48.8537077
            ],
            [
              2.3654533,
              48.8537077
            ],
            [
              2.3654533,
              48.853407700000005
            ]
          ]
        ]
      }
    },
    {
      "type": "Feature",
      "properties": {
        "color": "#2ecc71",
        "height": 20
      },
      "geometry": {
        "type": "Polygon",
        "coordinates": [
          [
            [
              2.3888461999999997,
              48.874984600000005
            ],
            [
              2.3891462,
              48.874984600000005
            ],
            [
              2.3891462,
              48.8752846
            ],
            [
              2.3888461999999997,
              48.8752846
            ],
            [
              2.3888461999999997,
              48.874984600000005
            ]
          ]
        ]
      }
    },
    {
      "type": "Feature",
      "properties": {
        "color": "#2ecc71",
        "height": 20
      },
      "geometry": {
        "type": "Polygon",
        "coordinates": [
          [
            [
              2.3891647,
              48.8737267
            ],
            [
              2.3894647,
              48.8737267
            ],
            [
              2.3894647,
              48.874026699999995
            ],
            [
              2.3891647,
              48.874026699999995
            ],
            [
              2.3891647,
              48.8737267
            ]
          ]
        ]
      }
    },
    {
      "type": "Feature",
      "properties": {
        "color": "#2ecc71",
        "height": 20
      },
      "geometry": {
        "type": "Polygon",
        "coordinates": [
          [
            [
              2.3843684,
              48.8734229
            ],
            [
              2.3846684000000002,
              48.8734229
            ],
            [
              2.3846684000000002,
              48.8737229
            ],
            [
              2.3843684,
              48.8737229
            ],
            [
              2.3843684,
              48.8734229
            ]
          ]
        ]
      }
    },
    {
      "type": "Feature",
      "properties": {
        "color": "#e67e22",
        "height": 25
      },
      "geometry": {
        "type": "Polygon",
        "coordinates": [
          [
            [
              2.392406,
              48.8755067
            ],
            [
              2.392706,
              48.8755067
            ],
            [
              2.392706,
              48.8758067
            ],
            [
              2.392406,
              48.8758067
            ],
            [
              2.392406,
              48.8755067
            ]
          ]
        ]
      }
    },
    {
      "type": "Feature",
      "properties": {
        "color": "#2ecc71",
        "height": 20
      },
      "geometry": {
        "type": "Polygon",
        "coordinates": [
          [
            [
              2.3861659,
              48.8741627
            ],
            [
              2.3864659,
              48.8741627
            ],
            [
              2.3864659,
              48.874462699999995
            ],
            [
              2.3861659,
              48.874462699999995
            ],
            [
              2.3861659,
              48.8741627
            ]
          ]
        ]
      }
    },
    {
      "type": "Feature",
      "properties": {
        "color": "#2ecc71",
        "height": 20
      },
      "geometry": {
        "type": "Polygon",
        "coordinates": [
          [
            [
              2.385466,
              48.8736582
            ],
            [
              2.3857660000000003,
              48.8736582
            ],
            [
              2.3857660000000003,
              48.8739582
            ],
            [
              2.385466,
              48.8739582
            ],
            [
              2.385466,
              48.8736582
            ]
          ]
        ]
      }
    },
    {
      "type": "Feature",
      "properties": {
        "color": "#2ecc71",
        "height": 20
      },
      "geometry": {
        "type": "Polygon",
        "coordinates": [
          [
            [
              2.3810132999999998,
              48.872878400000005
            ],
            [
              2.3813133,
              48.872878400000005
            ],
            [
              2.3813133,
              48.8731784
            ],
            [
              2.3810132999999998,
              48.8731784
            ],
            [
              2.3810132999999998,
              48.872878400000005
            ]
          ]
        ]
      }
    },
    {
      "type": "Feature",
      "properties": {
        "color": "#2ecc71",
        "height": 20
      },
      "geometry": {
        "type": "Polygon",
        "coordinates": [
          [
            [
              2.3936969,
              48.876354500000005
            ],
            [
              2.3939969000000003,
              48.876354500000005
            ],
            [
              2.3939969000000003,
              48.8766545
            ],
            [
              2.3936969,
              48.8766545
            ],
            [
              2.3936969,
              48.876354500000005
            ]
          ]
        ]
      }
    },
    {
      "type": "Feature",
      "properties": {
        "color": "#2ecc71",
        "height": 20
      },
      "geometry": {
        "type": "Polygon",
        "coordinates": [
          [
            [
              2.3674273,
              48.8606781
            ],
            [
              2.3677273000000003,
              48.8606781
            ],
            [
              2.3677273000000003,
              48.8609781
            ],
            [
              2.3674273,
              48.8609781
            ],
            [
              2.3674273,
              48.8606781
            ]
          ]
        ]
      }
    },
    {
      "type": "Feature",
      "properties": {
        "color": "#2ecc71",
        "height": 20
      },
      "geometry": {
        "type": "Polygon",
        "coordinates": [
          [
            [
              2.3656433999999997,
              48.8640356
            ],
            [
              2.3659434,
              48.8640356
            ],
            [
              2.3659434,
              48.8643356
            ],
            [
              2.3656433999999997,
              48.8643356
            ],
            [
              2.3656433999999997,
              48.8640356
            ]
          ]
        ]
      }
    },
    {
      "type": "Feature",
      "properties": {
        "color": "#2ecc71",
        "height": 20
      },
      "geometry": {
        "type": "Polygon",
        "coordinates": [
          [
            [
              2.367168,
              48.8593471
            ],
            [
              2.367468,
              48.8593471
            ],
            [
              2.367468,
              48.8596471
            ],
            [
              2.367168,
              48.8596471
            ],
            [
              2.367168,
              48.8593471
            ]
          ]
        ]
      }
    },
    {
      "type": "Feature",
      "properties": {
        "color": "#2ecc71",
        "height": 20
      },
      "geometry": {
        "type": "Polygon",
        "coordinates": [
          [
            [
              2.368389,
              48.856765700000004
            ],
            [
              2.3686890000000003,
              48.856765700000004
            ],
            [
              2.3686890000000003,
              48.8570657
            ],
            [
              2.368389,
              48.8570657
            ],
            [
              2.368389,
              48.856765700000004
            ]
          ]
        ]
      }
    },
    {
      "type": "Feature",
      "properties": {
        "color": "#2ecc71",
        "height": 20
      },
      "geometry": {
        "type": "Polygon",
        "coordinates": [
          [
            [
              2.3699718,
              48.8542174
            ],
            [
              2.3702718000000003,
              48.8542174
            ],
            [
              2.3702718000000003,
              48.8545174
            ],
            [
              2.3699718,
              48.8545174
            ],
            [
              2.3699718,
              48.8542174
            ]
          ]
        ]
      }
    },
    {
      "type": "Feature",
      "properties": {
        "color": "#e67e22",
        "height": 25
      },
      "geometry": {
        "type": "Polygon",
        "coordinates": [
          [
            [
              2.3493269999999997,
              48.8389036
            ],
            [
              2.349627,
              48.8389036
            ],
            [
              2.349627,
              48.8392036
            ],
            [
              2.3493269999999997,
              48.8392036
            ],
            [
              2.3493269999999997,
              48.8389036
            ]
          ]
        ]
      }
    },
    {
      "type": "Feature",
      "properties": {
        "color": "#e67e22",
        "height": 25
      },
      "geometry": {
        "type": "Polygon",
        "coordinates": [
          [
            [
              2.3560681999999997,
              48.8644533
            ],
            [
              2.3563682,
              48.8644533
            ],
            [
              2.3563682,
              48.8647533
            ],
            [
              2.3560681999999997,
              48.8647533
            ],
            [
              2.3560681999999997,
              48.8644533
            ]
          ]
        ]
      }
    },
    {
      "type": "Feature",
      "properties": {
        "color": "#2ecc71",
        "height": 20
      },
      "geometry": {
        "type": "Polygon",
        "coordinates": [
          [
            [
              2.3449711,
              48.8780791
            ],
            [
              2.3452711,
              48.8780791
            ],
            [
              2.3452711,
              48.8783791
            ],
            [
              2.3449711,
              48.8783791
            ],
            [
              2.3449711,
              48.8780791
            ]
          ]
        ]
      }
    },
    {
      "type": "Feature",
      "properties": {
        "color": "#2ecc71",
        "height": 20
      },
      "geometry": {
        "type": "Polygon",
        "coordinates": [
          [
            [
              2.3641421,
              48.8567723
            ],
            [
              2.3644421,
              48.8567723
            ],
            [
              2.3644421,
              48.8570723
            ],
            [
              2.3641421,
              48.8570723
            ],
            [
              2.3641421,
              48.8567723
            ]
          ]
        ]
      }
    },
    {
      "type": "Feature",
      "properties": {
        "color": "#2ecc71",
        "height": 20
      },
      "geometry": {
        "type": "Polygon",
        "coordinates": [
          [
            [
              2.3288746,
              48.8796198
            ],
            [
              2.3291746,
              48.8796198
            ],
            [
              2.3291746,
              48.879919799999996
            ],
            [
              2.3288746,
              48.879919799999996
            ],
            [
              2.3288746,
              48.8796198
            ]
          ]
        ]
      }
    },
    {
      "type": "Feature",
      "properties": {
        "color": "#2ecc71",
        "height": 20
      },
      "geometry": {
        "type": "Polygon",
        "coordinates": [
          [
            [
              2.3709610999999997,
              48.8563502
            ],
            [
              2.3712611,
              48.8563502
            ],
            [
              2.3712611,
              48.8566502
            ],
            [
              2.3709610999999997,
              48.8566502
            ],
            [
              2.3709610999999997,
              48.8563502
            ]
          ]
        ]
      }
    },
    {
      "type": "Feature",
      "properties": {
        "color": "#e67e22",
        "height": 25
      },
      "geometry": {
        "type": "Polygon",
        "coordinates": [
          [
            [
              2.3442415,
              48.8660042
            ],
            [
              2.3445415,
              48.8660042
            ],
            [
              2.3445415,
              48.866304199999995
            ],
            [
              2.3442415,
              48.866304199999995
            ],
            [
              2.3442415,
              48.8660042
            ]
          ]
        ]
      }
    },
    {
      "type": "Feature",
      "properties": {
        "color": "#2ecc71",
        "height": 20
      },
      "geometry": {
        "type": "Polygon",
        "coordinates": [
          [
            [
              2.3450207,
              48.864834200000004
            ],
            [
              2.3453207000000003,
              48.864834200000004
            ],
            [
              2.3453207000000003,
              48.8651342
            ],
            [
              2.3450207,
              48.8651342
            ],
            [
              2.3450207,
              48.864834200000004
            ]
          ]
        ]
      }
    },
    {
      "type": "Feature",
      "properties": {
        "color": "#2ecc71",
        "height": 20
      },
      "geometry": {
        "type": "Polygon",
        "coordinates": [
          [
            [
              2.3950282,
              48.856442
            ],
            [
              2.3953282000000002,
              48.856442
            ],
            [
              2.3953282000000002,
              48.856742
            ],
            [
              2.3950282,
              48.856742
            ],
            [
              2.3950282,
              48.856442
            ]
          ]
        ]
      }
    },
    {
      "type": "Feature",
      "properties": {
        "color": "#e67e22",
        "height": 25
      },
      "geometry": {
        "type": "Polygon",
        "coordinates": [
          [
            [
              2.3981727,
              48.8417936
            ],
            [
              2.3984727,
              48.8417936
            ],
            [
              2.3984727,
              48.8420936
            ],
            [
              2.3981727,
              48.8420936
            ],
            [
              2.3981727,
              48.8417936
            ]
          ]
        ]
      }
    },
    {
      "type": "Feature",
      "properties": {
        "color": "#e74c3c",
        "height": 40
      },
      "geometry": {
        "type": "Polygon",
        "coordinates": [
          [
            [
              2.3544887,
              48.8319484
            ],
            [
              2.3547887000000003,
              48.8319484
            ],
            [
              2.3547887000000003,
              48.8322484
            ],
            [
              2.3544887,
              48.8322484
            ],
            [
              2.3544887,
              48.8319484
            ]
          ]
        ]
      }
    },
    {
      "type": "Feature",
      "properties": {
        "color": "#2ecc71",
        "height": 20
      },
      "geometry": {
        "type": "Polygon",
        "coordinates": [
          [
            [
              2.3339762,
              48.830279000000004
            ],
            [
              2.3342762,
              48.830279000000004
            ],
            [
              2.3342762,
              48.830579
            ],
            [
              2.3339762,
              48.830579
            ],
            [
              2.3339762,
              48.830279000000004
            ]
          ]
        ]
      }
    },
    {
      "type": "Feature",
      "properties": {
        "color": "#e67e22",
        "height": 25
      },
      "geometry": {
        "type": "Polygon",
        "coordinates": [
          [
            [
              2.3077579999999998,
              48.8333594
            ],
            [
              2.308058,
              48.8333594
            ],
            [
              2.308058,
              48.833659399999995
            ],
            [
              2.3077579999999998,
              48.833659399999995
            ],
            [
              2.3077579999999998,
              48.8333594
            ]
          ]
        ]
      }
    },
    {
      "type": "Feature",
      "properties": {
        "color": "#2ecc71",
        "height": 20
      },
      "geometry": {
        "type": "Polygon",
        "coordinates": [
          [
            [
              2.3029526,
              48.837182500000004
            ],
            [
              2.3032526,
              48.837182500000004
            ],
            [
              2.3032526,
              48.8374825
            ],
            [
              2.3029526,
              48.8374825
            ],
            [
              2.3029526,
              48.837182500000004
            ]
          ]
        ]
      }
    },
    {
      "type": "Feature",
      "properties": {
        "color": "#2ecc71",
        "height": 20
      },
      "geometry": {
        "type": "Polygon",
        "coordinates": [
          [
            [
              2.3084373,
              48.8384802
            ],
            [
              2.3087373,
              48.8384802
            ],
            [
              2.3087373,
              48.838780199999995
            ],
            [
              2.3084373,
              48.838780199999995
            ],
            [
              2.3084373,
              48.8384802
            ]
          ]
        ]
      }
    },
    {
      "type": "Feature",
      "properties": {
        "color": "#2ecc71",
        "height": 20
      },
      "geometry": {
        "type": "Polygon",
        "coordinates": [
          [
            [
              2.3899456,
              48.868717000000004
            ],
            [
              2.3902456,
              48.868717000000004
            ],
            [
              2.3902456,
              48.869017
            ],
            [
              2.3899456,
              48.869017
            ],
            [
              2.3899456,
              48.868717000000004
            ]
          ]
        ]
      }
    },
    {
      "type": "Feature",
      "properties": {
        "color": "#e67e22",
        "height": 25
      },
      "geometry": {
        "type": "Polygon",
        "coordinates": [
          [
            [
              2.3350058,
              48.8686615
            ],
            [
              2.3353058,
              48.8686615
            ],
            [
              2.3353058,
              48.8689615
            ],
            [
              2.3350058,
              48.8689615
            ],
            [
              2.3350058,
              48.8686615
            ]
          ]
        ]
      }
    },
    {
      "type": "Feature",
      "properties": {
        "color": "#e67e22",
        "height": 25
      },
      "geometry": {
        "type": "Polygon",
        "coordinates": [
          [
            [
              2.3859524999999997,
              48.8538522
            ],
            [
              2.3862525,
              48.8538522
            ],
            [
              2.3862525,
              48.854152199999994
            ],
            [
              2.3859524999999997,
              48.854152199999994
            ],
            [
              2.3859524999999997,
              48.8538522
            ]
          ]
        ]
      }
    },
    {
      "type": "Feature",
      "properties": {
        "color": "#e67e22",
        "height": 25
      },
      "geometry": {
        "type": "Polygon",
        "coordinates": [
          [
            [
              2.3061514,
              48.8466992
            ],
            [
              2.3064514000000003,
              48.8466992
            ],
            [
              2.3064514000000003,
              48.8469992
            ],
            [
              2.3061514,
              48.8469992
            ],
            [
              2.3061514,
              48.8466992
            ]
          ]
        ]
      }
    },
    {
      "type": "Feature",
      "properties": {
        "color": "#e67e22",
        "height": 25
      },
      "geometry": {
        "type": "Polygon",
        "coordinates": [
          [
            [
              2.3436792,
              48.851372500000004
            ],
            [
              2.3439792,
              48.851372500000004
            ],
            [
              2.3439792,
              48.8516725
            ],
            [
              2.3436792,
              48.8516725
            ],
            [
              2.3436792,
              48.851372500000004
            ]
          ]
        ]
      }
    },
    {
      "type": "Feature",
      "properties": {
        "color": "#e67e22",
        "height": 25
      },
      "geometry": {
        "type": "Polygon",
        "coordinates": [
          [
            [
              2.3436619,
              48.852043200000004
            ],
            [
              2.3439619,
              48.852043200000004
            ],
            [
              2.3439619,
              48.8523432
            ],
            [
              2.3436619,
              48.8523432
            ],
            [
              2.3436619,
              48.852043200000004
            ]
          ]
        ]
      }
    },
    {
      "type": "Feature",
      "properties": {
        "color": "#2ecc71",
        "height": 20
      },
      "geometry": {
        "type": "Polygon",
        "coordinates": [
          [
            [
              2.3540519,
              48.831428700000004
            ],
            [
              2.3543519,
              48.831428700000004
            ],
            [
              2.3543519,
              48.8317287
            ],
            [
              2.3540519,
              48.8317287
            ],
            [
              2.3540519,
              48.831428700000004
            ]
          ]
        ]
      }
    },
    {
      "type": "Feature",
      "properties": {
        "color": "#2ecc71",
        "height": 20
      },
      "geometry": {
        "type": "Polygon",
        "coordinates": [
          [
            [
              2.3448282,
              48.834152800000005
            ],
            [
              2.3451282,
              48.834152800000005
            ],
            [
              2.3451282,
              48.8344528
            ],
            [
              2.3448282,
              48.8344528
            ],
            [
              2.3448282,
              48.834152800000005
            ]
          ]
        ]
      }
    },
    {
      "type": "Feature",
      "properties": {
        "color": "#e67e22",
        "height": 25
      },
      "geometry": {
        "type": "Polygon",
        "coordinates": [
          [
            [
              2.3956713,
              48.835903200000004
            ],
            [
              2.3959713000000002,
              48.835903200000004
            ],
            [
              2.3959713000000002,
              48.8362032
            ],
            [
              2.3956713,
              48.8362032
            ],
            [
              2.3956713,
              48.835903200000004
            ]
          ]
        ]
      }
    },
    {
      "type": "Feature",
      "properties": {
        "color": "#e67e22",
        "height": 25
      },
      "geometry": {
        "type": "Polygon",
        "coordinates": [
          [
            [
              2.3448063,
              48.8597848
            ],
            [
              2.3451063000000003,
              48.8597848
            ],
            [
              2.3451063000000003,
              48.860084799999996
            ],
            [
              2.3448063,
              48.860084799999996
            ],
            [
              2.3448063,
              48.8597848
            ]
          ]
        ]
      }
    },
    {
      "type": "Feature",
      "properties": {
        "color": "#e67e22",
        "height": 25
      },
      "geometry": {
        "type": "Polygon",
        "coordinates": [
          [
            [
              2.3602127,
              48.8384163
            ],
            [
              2.3605127,
              48.8384163
            ],
            [
              2.3605127,
              48.838716299999994
            ],
            [
              2.3602127,
              48.838716299999994
            ],
            [
              2.3602127,
              48.8384163
            ]
          ]
        ]
      }
    },
    {
      "type": "Feature",
      "properties": {
        "color": "#e74c3c",
        "height": 40
      },
      "geometry": {
        "type": "Polygon",
        "coordinates": [
          [
            [
              2.3249269999999997,
              48.8711421
            ],
            [
              2.325227,
              48.8711421
            ],
            [
              2.325227,
              48.871442099999996
            ],
            [
              2.3249269999999997,
              48.871442099999996
            ],
            [
              2.3249269999999997,
              48.8711421
            ]
          ]
        ]
      }
    },
    {
      "type": "Feature",
      "properties": {
        "color": "#e67e22",
        "height": 25
      },
      "geometry": {
        "type": "Polygon",
        "coordinates": [
          [
            [
              2.3693481,
              48.877926900000006
            ],
            [
              2.3696481,
              48.877926900000006
            ],
            [
              2.3696481,
              48.8782269
            ],
            [
              2.3693481,
              48.8782269
            ],
            [
              2.3693481,
              48.877926900000006
            ]
          ]
        ]
      }
    },
    {
      "type": "Feature",
      "properties": {
        "color": "#2ecc71",
        "height": 20
      },
      "geometry": {
        "type": "Polygon",
        "coordinates": [
          [
            [
              2.3112868,
              48.830512
            ],
            [
              2.3115868,
              48.830512
            ],
            [
              2.3115868,
              48.830811999999995
            ],
            [
              2.3112868,
              48.830811999999995
            ],
            [
              2.3112868,
              48.830512
            ]
          ]
        ]
      }
    },
    {
      "type": "Feature",
      "properties": {
        "color": "#2ecc71",
        "height": 20
      },
      "geometry": {
        "type": "Polygon",
        "coordinates": [
          [
            [
              2.3138879,
              48.8318127
            ],
            [
              2.3141879000000003,
              48.8318127
            ],
            [
              2.3141879000000003,
              48.832112699999996
            ],
            [
              2.3138879,
              48.832112699999996
            ],
            [
              2.3138879,
              48.8318127
            ]
          ]
        ]
      }
    },
    {
      "type": "Feature",
      "properties": {
        "color": "#e67e22",
        "height": 25
      },
      "geometry": {
        "type": "Polygon",
        "coordinates": [
          [
            [
              2.3509975,
              48.8584459
            ],
            [
              2.3512975000000003,
              48.8584459
            ],
            [
              2.3512975000000003,
              48.858745899999995
            ],
            [
              2.3509975,
              48.858745899999995
            ],
            [
              2.3509975,
              48.8584459
            ]
          ]
        ]
      }
    },
    {
      "type": "Feature",
      "properties": {
        "color": "#2ecc71",
        "height": 20
      },
      "geometry": {
        "type": "Polygon",
        "coordinates": [
          [
            [
              2.3602985999999997,
              48.8549479
            ],
            [
              2.3605986,
              48.8549479
            ],
            [
              2.3605986,
              48.855247899999995
            ],
            [
              2.3602985999999997,
              48.855247899999995
            ],
            [
              2.3602985999999997,
              48.8549479
            ]
          ]
        ]
      }
    },
    {
      "type": "Feature",
      "properties": {
        "color": "#2ecc71",
        "height": 20
      },
      "geometry": {
        "type": "Polygon",
        "coordinates": [
          [
            [
              2.3466525,
              48.865019100000005
            ],
            [
              2.3469525,
              48.865019100000005
            ],
            [
              2.3469525,
              48.8653191
            ],
            [
              2.3466525,
              48.8653191
            ],
            [
              2.3466525,
              48.865019100000005
            ]
          ]
        ]
      }
    },
    {
      "type": "Feature",
      "properties": {
        "color": "#e67e22",
        "height": 25
      },
      "geometry": {
        "type": "Polygon",
        "coordinates": [
          [
            [
              2.3064397999999997,
              48.856579
            ],
            [
              2.3067398,
              48.856579
            ],
            [
              2.3067398,
              48.856879
            ],
            [
              2.3064397999999997,
              48.856879
            ],
            [
              2.3064397999999997,
              48.856579
            ]
          ]
        ]
      }
    },
    {
      "type": "Feature",
      "properties": {
        "color": "#2ecc71",
        "height": 20
      },
      "geometry": {
        "type": "Polygon",
        "coordinates": [
          [
            [
              2.3537879999999998,
              48.8341305
            ],
            [
              2.354088,
              48.8341305
            ],
            [
              2.354088,
              48.834430499999996
            ],
            [
              2.3537879999999998,
              48.834430499999996
            ],
            [
              2.3537879999999998,
              48.8341305
            ]
          ]
        ]
      }
    },
    {
      "type": "Feature",
      "properties": {
        "color": "#e67e22",
        "height": 25
      },
      "geometry": {
        "type": "Polygon",
        "coordinates": [
          [
            [
              2.3845744,
              48.873946100000005
            ],
            [
              2.3848744,
              48.873946100000005
            ],
            [
              2.3848744,
              48.8742461
            ],
            [
              2.3845744,
              48.8742461
            ],
            [
              2.3845744,
              48.873946100000005
            ]
          ]
        ]
      }
    },
    {
      "type": "Feature",
      "properties": {
        "color": "#2ecc71",
        "height": 20
      },
      "geometry": {
        "type": "Polygon",
        "coordinates": [
          [
            [
              2.3738878,
              48.84094
            ],
            [
              2.3741878,
              48.84094
            ],
            [
              2.3741878,
              48.84124
            ],
            [
              2.3738878,
              48.84124
            ],
            [
              2.3738878,
              48.84094
            ]
          ]
        ]
      }
    },
    {
      "type": "Feature",
      "properties": {
        "color": "#2ecc71",
        "height": 20
      },
      "geometry": {
        "type": "Polygon",
        "coordinates": [
          [
            [
              2.3522724999999998,
              48.8363026
            ],
            [
              2.3525725,
              48.8363026
            ],
            [
              2.3525725,
              48.8366026
            ],
            [
              2.3522724999999998,
              48.8366026
            ],
            [
              2.3522724999999998,
              48.8363026
            ]
          ]
        ]
      }
    },
    {
      "type": "Feature",
      "properties": {
        "color": "#2ecc71",
        "height": 20
      },
      "geometry": {
        "type": "Polygon",
        "coordinates": [
          [
            [
              2.3886971,
              48.852744300000005
            ],
            [
              2.3889971,
              48.852744300000005
            ],
            [
              2.3889971,
              48.8530443
            ],
            [
              2.3886971,
              48.8530443
            ],
            [
              2.3886971,
              48.852744300000005
            ]
          ]
        ]
      }
    },
    {
      "type": "Feature",
      "properties": {
        "color": "#e67e22",
        "height": 25
      },
      "geometry": {
        "type": "Polygon",
        "coordinates": [
          [
            [
              2.3493972,
              48.8414054
            ],
            [
              2.3496972,
              48.8414054
            ],
            [
              2.3496972,
              48.841705399999995
            ],
            [
              2.3493972,
              48.841705399999995
            ],
            [
              2.3493972,
              48.8414054
            ]
          ]
        ]
      }
    },
    {
      "type": "Feature",
      "properties": {
        "color": "#2ecc71",
        "height": 20
      },
      "geometry": {
        "type": "Polygon",
        "coordinates": [
          [
            [
              2.3411106,
              48.8765239
            ],
            [
              2.3414106,
              48.8765239
            ],
            [
              2.3414106,
              48.8768239
            ],
            [
              2.3411106,
              48.8768239
            ],
            [
              2.3411106,
              48.8765239
            ]
          ]
        ]
      }
    },
    {
      "type": "Feature",
      "properties": {
        "color": "#2ecc71",
        "height": 20
      },
      "geometry": {
        "type": "Polygon",
        "coordinates": [
          [
            [
              2.3424340999999997,
              48.8738199
            ],
            [
              2.3427341,
              48.8738199
            ],
            [
              2.3427341,
              48.8741199
            ],
            [
              2.3424340999999997,
              48.8741199
            ],
            [
              2.3424340999999997,
              48.8738199
            ]
          ]
        ]
      }
    },
    {
      "type": "Feature",
      "properties": {
        "color": "#2ecc71",
        "height": 20
      },
      "geometry": {
        "type": "Polygon",
        "coordinates": [
          [
            [
              2.3410341,
              48.876237800000006
            ],
            [
              2.3413341,
              48.876237800000006
            ],
            [
              2.3413341,
              48.8765378
            ],
            [
              2.3410341,
              48.8765378
            ],
            [
              2.3410341,
              48.876237800000006
            ]
          ]
        ]
      }
    },
    {
      "type": "Feature",
      "properties": {
        "color": "#2ecc71",
        "height": 20
      },
      "geometry": {
        "type": "Polygon",
        "coordinates": [
          [
            [
              2.3038746999999997,
              48.840782700000005
            ],
            [
              2.3041747,
              48.840782700000005
            ],
            [
              2.3041747,
              48.8410827
            ],
            [
              2.3038746999999997,
              48.8410827
            ],
            [
              2.3038746999999997,
              48.840782700000005
            ]
          ]
        ]
      }
    },
    {
      "type": "Feature",
      "properties": {
        "color": "#e67e22",
        "height": 25
      },
      "geometry": {
        "type": "Polygon",
        "coordinates": [
          [
            [
              2.3721976,
              48.875603600000005
            ],
            [
              2.3724976,
              48.875603600000005
            ],
            [
              2.3724976,
              48.8759036
            ],
            [
              2.3721976,
              48.8759036
            ],
            [
              2.3721976,
              48.875603600000005
            ]
          ]
        ]
      }
    },
    {
      "type": "Feature",
      "properties": {
        "color": "#2ecc71",
        "height": 20
      },
      "geometry": {
        "type": "Polygon",
        "coordinates": [
          [
            [
              2.3402371,
              48.8486507
            ],
            [
              2.3405371,
              48.8486507
            ],
            [
              2.3405371,
              48.848950699999996
            ],
            [
              2.3402371,
              48.848950699999996
            ],
            [
              2.3402371,
              48.8486507
            ]
          ]
        ]
      }
    },
    {
      "type": "Feature",
      "properties": {
        "color": "#e67e22",
        "height": 25
      },
      "geometry": {
        "type": "Polygon",
        "coordinates": [
          [
            [
              2.3759767,
              48.8731257
            ],
            [
              2.3762767,
              48.8731257
            ],
            [
              2.3762767,
              48.8734257
            ],
            [
              2.3759767,
              48.8734257
            ],
            [
              2.3759767,
              48.8731257
            ]
          ]
        ]
      }
    },
    {
      "type": "Feature",
      "properties": {
        "color": "#e67e22",
        "height": 25
      },
      "geometry": {
        "type": "Polygon",
        "coordinates": [
          [
            [
              2.3867135,
              48.8792586
            ],
            [
              2.3870135,
              48.8792586
            ],
            [
              2.3870135,
              48.879558599999996
            ],
            [
              2.3867135,
              48.879558599999996
            ],
            [
              2.3867135,
              48.8792586
            ]
          ]
        ]
      }
    },
    {
      "type": "Feature",
      "properties": {
        "color": "#2ecc71",
        "height": 20
      },
      "geometry": {
        "type": "Polygon",
        "coordinates": [
          [
            [
              2.3874223999999997,
              48.8792756
            ],
            [
              2.3877224,
              48.8792756
            ],
            [
              2.3877224,
              48.879575599999995
            ],
            [
              2.3874223999999997,
              48.879575599999995
            ],
            [
              2.3874223999999997,
              48.8792756
            ]
          ]
        ]
      }
    },
    {
      "type": "Feature",
      "properties": {
        "color": "#e67e22",
        "height": 25
      },
      "geometry": {
        "type": "Polygon",
        "coordinates": [
          [
            [
              2.3789321,
              48.8747209
            ],
            [
              2.3792321000000003,
              48.8747209
            ],
            [
              2.3792321000000003,
              48.875020899999996
            ],
            [
              2.3789321,
              48.875020899999996
            ],
            [
              2.3789321,
              48.8747209
            ]
          ]
        ]
      }
    },
    {
      "type": "Feature",
      "properties": {
        "color": "#2ecc71",
        "height": 20
      },
      "geometry": {
        "type": "Polygon",
        "coordinates": [
          [
            [
              2.3795465,
              48.8745467
            ],
            [
              2.3798465,
              48.8745467
            ],
            [
              2.3798465,
              48.8748467
            ],
            [
              2.3795465,
              48.8748467
            ],
            [
              2.3795465,
              48.8745467
            ]
          ]
        ]
      }
    },
    {
      "type": "Feature",
      "properties": {
        "color": "#e74c3c",
        "height": 40
      },
      "geometry": {
        "type": "Polygon",
        "coordinates": [
          [
            [
              2.3854089,
              48.8759401
            ],
            [
              2.3857089,
              48.8759401
            ],
            [
              2.3857089,
              48.8762401
            ],
            [
              2.3854089,
              48.8762401
            ],
            [
              2.3854089,
              48.8759401
            ]
          ]
        ]
      }
    },
    {
      "type": "Feature",
      "properties": {
        "color": "#e67e22",
        "height": 25
      },
      "geometry": {
        "type": "Polygon",
        "coordinates": [
          [
            [
              2.3543567999999997,
              48.876803800000005
            ],
            [
              2.3546568,
              48.876803800000005
            ],
            [
              2.3546568,
              48.8771038
            ],
            [
              2.3543567999999997,
              48.8771038
            ],
            [
              2.3543567999999997,
              48.876803800000005
            ]
          ]
        ]
      }
    },
    {
      "type": "Feature",
      "properties": {
        "color": "#2ecc71",
        "height": 20
      },
      "geometry": {
        "type": "Polygon",
        "coordinates": [
          [
            [
              2.3821171999999997,
              48.875302000000005
            ],
            [
              2.3824172,
              48.875302000000005
            ],
            [
              2.3824172,
              48.875602
            ],
            [
              2.3821171999999997,
              48.875602
            ],
            [
              2.3821171999999997,
              48.875302000000005
            ]
          ]
        ]
      }
    },
    {
      "type": "Feature",
      "properties": {
        "color": "#2ecc71",
        "height": 20
      },
      "geometry": {
        "type": "Polygon",
        "coordinates": [
          [
            [
              2.3777456,
              48.861230400000004
            ],
            [
              2.3780456,
              48.861230400000004
            ],
            [
              2.3780456,
              48.8615304
            ],
            [
              2.3777456,
              48.8615304
            ],
            [
              2.3777456,
              48.861230400000004
            ]
          ]
        ]
      }
    },
    {
      "type": "Feature",
      "properties": {
        "color": "#e74c3c",
        "height": 40
      },
      "geometry": {
        "type": "Polygon",
        "coordinates": [
          [
            [
              2.3756128999999997,
              48.8782851
            ],
            [
              2.3759129,
              48.8782851
            ],
            [
              2.3759129,
              48.878585099999995
            ],
            [
              2.3756128999999997,
              48.878585099999995
            ],
            [
              2.3756128999999997,
              48.8782851
            ]
          ]
        ]
      }
    },
    {
      "type": "Feature",
      "properties": {
        "color": "#2ecc71",
        "height": 20
      },
      "geometry": {
        "type": "Polygon",
        "coordinates": [
          [
            [
              2.3050158,
              48.8404621
            ],
            [
              2.3053158000000002,
              48.8404621
            ],
            [
              2.3053158000000002,
              48.8407621
            ],
            [
              2.3050158,
              48.8407621
            ],
            [
              2.3050158,
              48.8404621
            ]
          ]
        ]
      }
    },
    {
      "type": "Feature",
      "properties": {
        "color": "#2ecc71",
        "height": 20
      },
      "geometry": {
        "type": "Polygon",
        "coordinates": [
          [
            [
              2.3240548999999997,
              48.8596092
            ],
            [
              2.3243549,
              48.8596092
            ],
            [
              2.3243549,
              48.8599092
            ],
            [
              2.3240548999999997,
              48.8599092
            ],
            [
              2.3240548999999997,
              48.8596092
            ]
          ]
        ]
      }
    },
    {
      "type": "Feature",
      "properties": {
        "color": "#e67e22",
        "height": 25
      },
      "geometry": {
        "type": "Polygon",
        "coordinates": [
          [
            [
              2.3756379,
              48.8797633
            ],
            [
              2.3759379000000003,
              48.8797633
            ],
            [
              2.3759379000000003,
              48.880063299999996
            ],
            [
              2.3756379,
              48.880063299999996
            ],
            [
              2.3756379,
              48.8797633
            ]
          ]
        ]
      }
    },
    {
      "type": "Feature",
      "properties": {
        "color": "#2ecc71",
        "height": 20
      },
      "geometry": {
        "type": "Polygon",
        "coordinates": [
          [
            [
              2.3048556,
              48.847002
            ],
            [
              2.3051556,
              48.847002
            ],
            [
              2.3051556,
              48.847302
            ],
            [
              2.3048556,
              48.847302
            ],
            [
              2.3048556,
              48.847002
            ]
          ]
        ]
      }
    },
    {
      "type": "Feature",
      "properties": {
        "color": "#2ecc71",
        "height": 20
      },
      "geometry": {
        "type": "Polygon",
        "coordinates": [
          [
            [
              2.3735171,
              48.8646279
            ],
            [
              2.3738171,
              48.8646279
            ],
            [
              2.3738171,
              48.8649279
            ],
            [
              2.3735171,
              48.8649279
            ],
            [
              2.3735171,
              48.8646279
            ]
          ]
        ]
      }
    },
    {
      "type": "Feature",
      "properties": {
        "color": "#2ecc71",
        "height": 20
      },
      "geometry": {
        "type": "Polygon",
        "coordinates": [
          [
            [
              2.353312,
              48.849176
            ],
            [
              2.353612,
              48.849176
            ],
            [
              2.353612,
              48.849475999999996
            ],
            [
              2.353312,
              48.849475999999996
            ],
            [
              2.353312,
              48.849176
            ]
          ]
        ]
      }
    },
    {
      "type": "Feature",
      "properties": {
        "color": "#2ecc71",
        "height": 20
      },
      "geometry": {
        "type": "Polygon",
        "coordinates": [
          [
            [
              2.3514429999999997,
              48.846096
            ],
            [
              2.351743,
              48.846096
            ],
            [
              2.351743,
              48.846396
            ],
            [
              2.3514429999999997,
              48.846396
            ],
            [
              2.3514429999999997,
              48.846096
            ]
          ]
        ]
      }
    },
    {
      "type": "Feature",
      "properties": {
        "color": "#2ecc71",
        "height": 20
      },
      "geometry": {
        "type": "Polygon",
        "coordinates": [
          [
            [
              2.3534143,
              48.8675001
            ],
            [
              2.3537143,
              48.8675001
            ],
            [
              2.3537143,
              48.8678001
            ],
            [
              2.3534143,
              48.8678001
            ],
            [
              2.3534143,
              48.8675001
            ]
          ]
        ]
      }
    },
    {
      "type": "Feature",
      "properties": {
        "color": "#e67e22",
        "height": 25
      },
      "geometry": {
        "type": "Polygon",
        "coordinates": [
          [
            [
              2.3072494,
              48.8604751
            ],
            [
              2.3075494,
              48.8604751
            ],
            [
              2.3075494,
              48.8607751
            ],
            [
              2.3072494,
              48.8607751
            ],
            [
              2.3072494,
              48.8604751
            ]
          ]
        ]
      }
    },
    {
      "type": "Feature",
      "properties": {
        "color": "#2ecc71",
        "height": 20
      },
      "geometry": {
        "type": "Polygon",
        "coordinates": [
          [
            [
              2.3922442999999998,
              48.8489202
            ],
            [
              2.3925443,
              48.8489202
            ],
            [
              2.3925443,
              48.8492202
            ],
            [
              2.3922442999999998,
              48.8492202
            ],
            [
              2.3922442999999998,
              48.8489202
            ]
          ]
        ]
      }
    },
    {
      "type": "Feature",
      "properties": {
        "color": "#e67e22",
        "height": 25
      },
      "geometry": {
        "type": "Polygon",
        "coordinates": [
          [
            [
              2.3920379,
              48.875665000000005
            ],
            [
              2.3923379000000002,
              48.875665000000005
            ],
            [
              2.3923379000000002,
              48.875965
            ],
            [
              2.3920379,
              48.875965
            ],
            [
              2.3920379,
              48.875665000000005
            ]
          ]
        ]
      }
    },
    {
      "type": "Feature",
      "properties": {
        "color": "#2ecc71",
        "height": 20
      },
      "geometry": {
        "type": "Polygon",
        "coordinates": [
          [
            [
              2.3277204,
              48.872994600000006
            ],
            [
              2.3280204,
              48.872994600000006
            ],
            [
              2.3280204,
              48.8732946
            ],
            [
              2.3277204,
              48.8732946
            ],
            [
              2.3277204,
              48.872994600000006
            ]
          ]
        ]
      }
    },
    {
      "type": "Feature",
      "properties": {
        "color": "#2ecc71",
        "height": 20
      },
      "geometry": {
        "type": "Polygon",
        "coordinates": [
          [
            [
              2.3840626,
              48.835827800000004
            ],
            [
              2.3843626,
              48.835827800000004
            ],
            [
              2.3843626,
              48.8361278
            ],
            [
              2.3840626,
              48.8361278
            ],
            [
              2.3840626,
              48.835827800000004
            ]
          ]
        ]
      }
    },
    {
      "type": "Feature",
      "properties": {
        "color": "#2ecc71",
        "height": 20
      },
      "geometry": {
        "type": "Polygon",
        "coordinates": [
          [
            [
              2.3283698,
              48.841996
            ],
            [
              2.3286698,
              48.841996
            ],
            [
              2.3286698,
              48.842296
            ],
            [
              2.3283698,
              48.842296
            ],
            [
              2.3283698,
              48.841996
            ]
          ]
        ]
      }
    },
    {
      "type": "Feature",
      "properties": {
        "color": "#2ecc71",
        "height": 20
      },
      "geometry": {
        "type": "Polygon",
        "coordinates": [
          [
            [
              2.3947694,
              48.869565900000005
            ],
            [
              2.3950694,
              48.869565900000005
            ],
            [
              2.3950694,
              48.8698659
            ],
            [
              2.3947694,
              48.8698659
            ],
            [
              2.3947694,
              48.869565900000005
            ]
          ]
        ]
      }
    },
    {
      "type": "Feature",
      "properties": {
        "color": "#2ecc71",
        "height": 20
      },
      "geometry": {
        "type": "Polygon",
        "coordinates": [
          [
            [
              2.3809163,
              48.857308
            ],
            [
              2.3812163,
              48.857308
            ],
            [
              2.3812163,
              48.857608
            ],
            [
              2.3809163,
              48.857608
            ],
            [
              2.3809163,
              48.857308
            ]
          ]
        ]
      }
    },
    {
      "type": "Feature",
      "properties": {
        "color": "#e67e22",
        "height": 25
      },
      "geometry": {
        "type": "Polygon",
        "coordinates": [
          [
            [
              2.3477369,
              48.8668392
            ],
            [
              2.3480369000000003,
              48.8668392
            ],
            [
              2.3480369000000003,
              48.8671392
            ],
            [
              2.3477369,
              48.8671392
            ],
            [
              2.3477369,
              48.8668392
            ]
          ]
        ]
      }
    },
    {
      "type": "Feature",
      "properties": {
        "color": "#2ecc71",
        "height": 20
      },
      "geometry": {
        "type": "Polygon",
        "coordinates": [
          [
            [
              2.3731494,
              48.874467200000005
            ],
            [
              2.3734494,
              48.874467200000005
            ],
            [
              2.3734494,
              48.8747672
            ],
            [
              2.3731494,
              48.8747672
            ],
            [
              2.3731494,
              48.874467200000005
            ]
          ]
        ]
      }
    },
    {
      "type": "Feature",
      "properties": {
        "color": "#2ecc71",
        "height": 20
      },
      "geometry": {
        "type": "Polygon",
        "coordinates": [
          [
            [
              2.351016,
              48.84789
            ],
            [
              2.351316,
              48.84789
            ],
            [
              2.351316,
              48.848189999999995
            ],
            [
              2.351016,
              48.848189999999995
            ],
            [
              2.351016,
              48.84789
            ]
          ]
        ]
      }
    },
    {
      "type": "Feature",
      "properties": {
        "color": "#2ecc71",
        "height": 20
      },
      "geometry": {
        "type": "Polygon",
        "coordinates": [
          [
            [
              2.381518,
              48.8664508
            ],
            [
              2.381818,
              48.8664508
            ],
            [
              2.381818,
              48.8667508
            ],
            [
              2.381518,
              48.8667508
            ],
            [
              2.381518,
              48.8664508
            ]
          ]
        ]
      }
    },
    {
      "type": "Feature",
      "properties": {
        "color": "#2ecc71",
        "height": 20
      },
      "geometry": {
        "type": "Polygon",
        "coordinates": [
          [
            [
              2.3485253999999998,
              48.8485637
            ],
            [
              2.3488254,
              48.8485637
            ],
            [
              2.3488254,
              48.848863699999995
            ],
            [
              2.3485253999999998,
              48.848863699999995
            ],
            [
              2.3485253999999998,
              48.8485637
            ]
          ]
        ]
      }
    },
    {
      "type": "Feature",
      "properties": {
        "color": "#e74c3c",
        "height": 40
      },
      "geometry": {
        "type": "Polygon",
        "coordinates": [
          [
            [
              2.3796831,
              48.873913
            ],
            [
              2.3799831,
              48.873913
            ],
            [
              2.3799831,
              48.874213
            ],
            [
              2.3796831,
              48.874213
            ],
            [
              2.3796831,
              48.873913
            ]
          ]
        ]
      }
    },
    {
      "type": "Feature",
      "properties": {
        "color": "#e67e22",
        "height": 25
      },
      "geometry": {
        "type": "Polygon",
        "coordinates": [
          [
            [
              2.3415485,
              48.8621293
            ],
            [
              2.3418485,
              48.8621293
            ],
            [
              2.3418485,
              48.862429299999995
            ],
            [
              2.3415485,
              48.862429299999995
            ],
            [
              2.3415485,
              48.8621293
            ]
          ]
        ]
      }
    },
    {
      "type": "Feature",
      "properties": {
        "color": "#2ecc71",
        "height": 20
      },
      "geometry": {
        "type": "Polygon",
        "coordinates": [
          [
            [
              2.3951591,
              48.840151
            ],
            [
              2.3954591,
              48.840151
            ],
            [
              2.3954591,
              48.840450999999995
            ],
            [
              2.3951591,
              48.840450999999995
            ],
            [
              2.3951591,
              48.840151
            ]
          ]
        ]
      }
    },
    {
      "type": "Feature",
      "properties": {
        "color": "#e67e22",
        "height": 25
      },
      "geometry": {
        "type": "Polygon",
        "coordinates": [
          [
            [
              2.3556386,
              48.8645286
            ],
            [
              2.3559386,
              48.8645286
            ],
            [
              2.3559386,
              48.864828599999996
            ],
            [
              2.3556386,
              48.864828599999996
            ],
            [
              2.3556386,
              48.8645286
            ]
          ]
        ]
      }
    },
    {
      "type": "Feature",
      "properties": {
        "color": "#2ecc71",
        "height": 20
      },
      "geometry": {
        "type": "Polygon",
        "coordinates": [
          [
            [
              2.3079437,
              48.874388200000006
            ],
            [
              2.3082437000000002,
              48.874388200000006
            ],
            [
              2.3082437000000002,
              48.8746882
            ],
            [
              2.3079437,
              48.8746882
            ],
            [
              2.3079437,
              48.874388200000006
            ]
          ]
        ]
      }
    },
    {
      "type": "Feature",
      "properties": {
        "color": "#2ecc71",
        "height": 20
      },
      "geometry": {
        "type": "Polygon",
        "coordinates": [
          [
            [
              2.3966022,
              48.8672103
            ],
            [
              2.3969022,
              48.8672103
            ],
            [
              2.3969022,
              48.8675103
            ],
            [
              2.3966022,
              48.8675103
            ],
            [
              2.3966022,
              48.8672103
            ]
          ]
        ]
      }
    },
    {
      "type": "Feature",
      "properties": {
        "color": "#2ecc71",
        "height": 20
      },
      "geometry": {
        "type": "Polygon",
        "coordinates": [
          [
            [
              2.3826198,
              48.858018900000005
            ],
            [
              2.3829198000000003,
              48.858018900000005
            ],
            [
              2.3829198000000003,
              48.8583189
            ],
            [
              2.3826198,
              48.8583189
            ],
            [
              2.3826198,
              48.858018900000005
            ]
          ]
        ]
      }
    },
    {
      "type": "Feature",
      "properties": {
        "color": "#2ecc71",
        "height": 20
      },
      "geometry": {
        "type": "Polygon",
        "coordinates": [
          [
            [
              2.3574921,
              48.8309167
            ],
            [
              2.3577921,
              48.8309167
            ],
            [
              2.3577921,
              48.8312167
            ],
            [
              2.3574921,
              48.8312167
            ],
            [
              2.3574921,
              48.8309167
            ]
          ]
        ]
      }
    },
    {
      "type": "Feature",
      "properties": {
        "color": "#2ecc71",
        "height": 20
      },
      "geometry": {
        "type": "Polygon",
        "coordinates": [
          [
            [
              2.3952044999999997,
              48.8770675
            ],
            [
              2.3955045,
              48.8770675
            ],
            [
              2.3955045,
              48.8773675
            ],
            [
              2.3952044999999997,
              48.8773675
            ],
            [
              2.3952044999999997,
              48.8770675
            ]
          ]
        ]
      }
    },
    {
      "type": "Feature",
      "properties": {
        "color": "#2ecc71",
        "height": 20
      },
      "geometry": {
        "type": "Polygon",
        "coordinates": [
          [
            [
              2.3925677999999997,
              48.8743482
            ],
            [
              2.3928678,
              48.8743482
            ],
            [
              2.3928678,
              48.874648199999996
            ],
            [
              2.3925677999999997,
              48.874648199999996
            ],
            [
              2.3925677999999997,
              48.8743482
            ]
          ]
        ]
      }
    },
    {
      "type": "Feature",
      "properties": {
        "color": "#2ecc71",
        "height": 20
      },
      "geometry": {
        "type": "Polygon",
        "coordinates": [
          [
            [
              2.3326672,
              48.8558414
            ],
            [
              2.3329672,
              48.8558414
            ],
            [
              2.3329672,
              48.8561414
            ],
            [
              2.3326672,
              48.8561414
            ],
            [
              2.3326672,
              48.8558414
            ]
          ]
        ]
      }
    },
    {
      "type": "Feature",
      "properties": {
        "color": "#2ecc71",
        "height": 20
      },
      "geometry": {
        "type": "Polygon",
        "coordinates": [
          [
            [
              2.3347762,
              48.852830600000004
            ],
            [
              2.3350762,
              48.852830600000004
            ],
            [
              2.3350762,
              48.8531306
            ],
            [
              2.3347762,
              48.8531306
            ],
            [
              2.3347762,
              48.852830600000004
            ]
          ]
        ]
      }
    },
    {
      "type": "Feature",
      "properties": {
        "color": "#2ecc71",
        "height": 20
      },
      "geometry": {
        "type": "Polygon",
        "coordinates": [
          [
            [
              2.3361072,
              48.854652
            ],
            [
              2.3364072,
              48.854652
            ],
            [
              2.3364072,
              48.854952
            ],
            [
              2.3361072,
              48.854952
            ],
            [
              2.3361072,
              48.854652
            ]
          ]
        ]
      }
    },
    {
      "type": "Feature",
      "properties": {
        "color": "#2ecc71",
        "height": 20
      },
      "geometry": {
        "type": "Polygon",
        "coordinates": [
          [
            [
              2.336837,
              48.8543146
            ],
            [
              2.3371370000000002,
              48.8543146
            ],
            [
              2.3371370000000002,
              48.8546146
            ],
            [
              2.336837,
              48.8546146
            ],
            [
              2.336837,
              48.8543146
            ]
          ]
        ]
      }
    },
    {
      "type": "Feature",
      "properties": {
        "color": "#2ecc71",
        "height": 20
      },
      "geometry": {
        "type": "Polygon",
        "coordinates": [
          [
            [
              2.3282466,
              48.8579929
            ],
            [
              2.3285466,
              48.8579929
            ],
            [
              2.3285466,
              48.858292899999995
            ],
            [
              2.3282466,
              48.858292899999995
            ],
            [
              2.3282466,
              48.8579929
            ]
          ]
        ]
      }
    },
    {
      "type": "Feature",
      "properties": {
        "color": "#2ecc71",
        "height": 20
      },
      "geometry": {
        "type": "Polygon",
        "coordinates": [
          [
            [
              2.3230383999999997,
              48.8579695
            ],
            [
              2.3233384,
              48.8579695
            ],
            [
              2.3233384,
              48.8582695
            ],
            [
              2.3230383999999997,
              48.8582695
            ],
            [
              2.3230383999999997,
              48.8579695
            ]
          ]
        ]
      }
    },
    {
      "type": "Feature",
      "properties": {
        "color": "#2ecc71",
        "height": 20
      },
      "geometry": {
        "type": "Polygon",
        "coordinates": [
          [
            [
              2.3356860999999998,
              48.8703863
            ],
            [
              2.3359861,
              48.8703863
            ],
            [
              2.3359861,
              48.870686299999996
            ],
            [
              2.3356860999999998,
              48.870686299999996
            ],
            [
              2.3356860999999998,
              48.8703863
            ]
          ]
        ]
      }
    },
    {
      "type": "Feature",
      "properties": {
        "color": "#2ecc71",
        "height": 20
      },
      "geometry": {
        "type": "Polygon",
        "coordinates": [
          [
            [
              2.397142,
              48.8566224
            ],
            [
              2.3974420000000003,
              48.8566224
            ],
            [
              2.3974420000000003,
              48.856922399999995
            ],
            [
              2.397142,
              48.856922399999995
            ],
            [
              2.397142,
              48.8566224
            ]
          ]
        ]
      }
    },
    {
      "type": "Feature",
      "properties": {
        "color": "#2ecc71",
        "height": 20
      },
      "geometry": {
        "type": "Polygon",
        "coordinates": [
          [
            [
              2.3105778999999997,
              48.847014
            ],
            [
              2.3108779,
              48.847014
            ],
            [
              2.3108779,
              48.847314
            ],
            [
              2.3105778999999997,
              48.847314
            ],
            [
              2.3105778999999997,
              48.847014
            ]
          ]
        ]
      }
    },
    {
      "type": "Feature",
      "properties": {
        "color": "#2ecc71",
        "height": 20
      },
      "geometry": {
        "type": "Polygon",
        "coordinates": [
          [
            [
              2.3183018,
              48.847445900000004
            ],
            [
              2.3186018,
              48.847445900000004
            ],
            [
              2.3186018,
              48.8477459
            ],
            [
              2.3183018,
              48.8477459
            ],
            [
              2.3183018,
              48.847445900000004
            ]
          ]
        ]
      }
    },
    {
      "type": "Feature",
      "properties": {
        "color": "#2ecc71",
        "height": 20
      },
      "geometry": {
        "type": "Polygon",
        "coordinates": [
          [
            [
              2.3747924,
              48.8556814
            ],
            [
              2.3750924,
              48.8556814
            ],
            [
              2.3750924,
              48.8559814
            ],
            [
              2.3747924,
              48.8559814
            ],
            [
              2.3747924,
              48.8556814
            ]
          ]
        ]
      }
    },
    {
      "type": "Feature",
      "properties": {
        "color": "#2ecc71",
        "height": 20
      },
      "geometry": {
        "type": "Polygon",
        "coordinates": [
          [
            [
              2.3817828999999997,
              48.867550900000005
            ],
            [
              2.3820829,
              48.867550900000005
            ],
            [
              2.3820829,
              48.8678509
            ],
            [
              2.3817828999999997,
              48.8678509
            ],
            [
              2.3817828999999997,
              48.867550900000005
            ]
          ]
        ]
      }
    },
    {
      "type": "Feature",
      "properties": {
        "color": "#2ecc71",
        "height": 20
      },
      "geometry": {
        "type": "Polygon",
        "coordinates": [
          [
            [
              2.3798608999999997,
              48.869012600000005
            ],
            [
              2.3801609,
              48.869012600000005
            ],
            [
              2.3801609,
              48.8693126
            ],
            [
              2.3798608999999997,
              48.8693126
            ],
            [
              2.3798608999999997,
              48.869012600000005
            ]
          ]
        ]
      }
    },
    {
      "type": "Feature",
      "properties": {
        "color": "#2ecc71",
        "height": 20
      },
      "geometry": {
        "type": "Polygon",
        "coordinates": [
          [
            [
              2.3866562,
              48.8595115
            ],
            [
              2.3869562,
              48.8595115
            ],
            [
              2.3869562,
              48.8598115
            ],
            [
              2.3866562,
              48.8598115
            ],
            [
              2.3866562,
              48.8595115
            ]
          ]
        ]
      }
    },
    {
      "type": "Feature",
      "properties": {
        "color": "#e67e22",
        "height": 25
      },
      "geometry": {
        "type": "Polygon",
        "coordinates": [
          [
            [
              2.3715545,
              48.861567
            ],
            [
              2.3718545,
              48.861567
            ],
            [
              2.3718545,
              48.861867
            ],
            [
              2.3715545,
              48.861867
            ],
            [
              2.3715545,
              48.861567
            ]
          ]
        ]
      }
    },
    {
      "type": "Feature",
      "properties": {
        "color": "#2ecc71",
        "height": 20
      },
      "geometry": {
        "type": "Polygon",
        "coordinates": [
          [
            [
              2.3459108,
              48.8375883
            ],
            [
              2.3462108,
              48.8375883
            ],
            [
              2.3462108,
              48.837888299999996
            ],
            [
              2.3459108,
              48.837888299999996
            ],
            [
              2.3459108,
              48.8375883
            ]
          ]
        ]
      }
    },
    {
      "type": "Feature",
      "properties": {
        "color": "#2ecc71",
        "height": 20
      },
      "geometry": {
        "type": "Polygon",
        "coordinates": [
          [
            [
              2.3459954,
              48.8403323
            ],
            [
              2.3462954000000003,
              48.8403323
            ],
            [
              2.3462954000000003,
              48.840632299999996
            ],
            [
              2.3459954,
              48.840632299999996
            ],
            [
              2.3459954,
              48.8403323
            ]
          ]
        ]
      }
    },
    {
      "type": "Feature",
      "properties": {
        "color": "#2ecc71",
        "height": 20
      },
      "geometry": {
        "type": "Polygon",
        "coordinates": [
          [
            [
              2.3413397,
              48.8427457
            ],
            [
              2.3416397,
              48.8427457
            ],
            [
              2.3416397,
              48.8430457
            ],
            [
              2.3413397,
              48.8430457
            ],
            [
              2.3413397,
              48.8427457
            ]
          ]
        ]
      }
    },
    {
      "type": "Feature",
      "properties": {
        "color": "#2ecc71",
        "height": 20
      },
      "geometry": {
        "type": "Polygon",
        "coordinates": [
          [
            [
              2.3382777999999997,
              48.842291100000004
            ],
            [
              2.3385778,
              48.842291100000004
            ],
            [
              2.3385778,
              48.8425911
            ],
            [
              2.3382777999999997,
              48.8425911
            ],
            [
              2.3382777999999997,
              48.842291100000004
            ]
          ]
        ]
      }
    },
    {
      "type": "Feature",
      "properties": {
        "color": "#2ecc71",
        "height": 20
      },
      "geometry": {
        "type": "Polygon",
        "coordinates": [
          [
            [
              2.3404371999999998,
              48.8405494
            ],
            [
              2.3407372,
              48.8405494
            ],
            [
              2.3407372,
              48.840849399999996
            ],
            [
              2.3404371999999998,
              48.840849399999996
            ],
            [
              2.3404371999999998,
              48.8405494
            ]
          ]
        ]
      }
    },
    {
      "type": "Feature",
      "properties": {
        "color": "#2ecc71",
        "height": 20
      },
      "geometry": {
        "type": "Polygon",
        "coordinates": [
          [
            [
              2.3342155,
              48.8404928
            ],
            [
              2.3345155,
              48.8404928
            ],
            [
              2.3345155,
              48.840792799999996
            ],
            [
              2.3342155,
              48.840792799999996
            ],
            [
              2.3342155,
              48.8404928
            ]
          ]
        ]
      }
    },
    {
      "type": "Feature",
      "properties": {
        "color": "#2ecc71",
        "height": 20
      },
      "geometry": {
        "type": "Polygon",
        "coordinates": [
          [
            [
              2.3392454,
              48.8390106
            ],
            [
              2.3395454,
              48.8390106
            ],
            [
              2.3395454,
              48.8393106
            ],
            [
              2.3392454,
              48.8393106
            ],
            [
              2.3392454,
              48.8390106
            ]
          ]
        ]
      }
    },
    {
      "type": "Feature",
      "properties": {
        "color": "#2ecc71",
        "height": 20
      },
      "geometry": {
        "type": "Polygon",
        "coordinates": [
          [
            [
              2.3292536,
              48.8412531
            ],
            [
              2.3295536,
              48.8412531
            ],
            [
              2.3295536,
              48.8415531
            ],
            [
              2.3292536,
              48.8415531
            ],
            [
              2.3292536,
              48.8412531
            ]
          ]
        ]
      }
    },
    {
      "type": "Feature",
      "properties": {
        "color": "#2ecc71",
        "height": 20
      },
      "geometry": {
        "type": "Polygon",
        "coordinates": [
          [
            [
              2.329102,
              48.8438287
            ],
            [
              2.329402,
              48.8438287
            ],
            [
              2.329402,
              48.8441287
            ],
            [
              2.329102,
              48.8441287
            ],
            [
              2.329102,
              48.8438287
            ]
          ]
        ]
      }
    },
    {
      "type": "Feature",
      "properties": {
        "color": "#2ecc71",
        "height": 20
      },
      "geometry": {
        "type": "Polygon",
        "coordinates": [
          [
            [
              2.3536994,
              48.8624352
            ],
            [
              2.3539994,
              48.8624352
            ],
            [
              2.3539994,
              48.862735199999996
            ],
            [
              2.3536994,
              48.862735199999996
            ],
            [
              2.3536994,
              48.8624352
            ]
          ]
        ]
      }
    },
    {
      "type": "Feature",
      "properties": {
        "color": "#e67e22",
        "height": 25
      },
      "geometry": {
        "type": "Polygon",
        "coordinates": [
          [
            [
              2.3572791,
              48.8614225
            ],
            [
              2.3575791,
              48.8614225
            ],
            [
              2.3575791,
              48.8617225
            ],
            [
              2.3572791,
              48.8617225
            ],
            [
              2.3572791,
              48.8614225
            ]
          ]
        ]
      }
    },
    {
      "type": "Feature",
      "properties": {
        "color": "#2ecc71",
        "height": 20
      },
      "geometry": {
        "type": "Polygon",
        "coordinates": [
          [
            [
              2.3665974,
              48.863503
            ],
            [
              2.3668974,
              48.863503
            ],
            [
              2.3668974,
              48.863803
            ],
            [
              2.3665974,
              48.863803
            ],
            [
              2.3665974,
              48.863503
            ]
          ]
        ]
      }
    },
    {
      "type": "Feature",
      "properties": {
        "color": "#e67e22",
        "height": 25
      },
      "geometry": {
        "type": "Polygon",
        "coordinates": [
          [
            [
              2.3654973999999998,
              48.8579366
            ],
            [
              2.3657974,
              48.8579366
            ],
            [
              2.3657974,
              48.8582366
            ],
            [
              2.3654973999999998,
              48.8582366
            ],
            [
              2.3654973999999998,
              48.8579366
            ]
          ]
        ]
      }
    },
    {
      "type": "Feature",
      "properties": {
        "color": "#2ecc71",
        "height": 20
      },
      "geometry": {
        "type": "Polygon",
        "coordinates": [
          [
            [
              2.3889763,
              48.8491076
            ],
            [
              2.3892763,
              48.8491076
            ],
            [
              2.3892763,
              48.8494076
            ],
            [
              2.3889763,
              48.8494076
            ],
            [
              2.3889763,
              48.8491076
            ]
          ]
        ]
      }
    },
    {
      "type": "Feature",
      "properties": {
        "color": "#2ecc71",
        "height": 20
      },
      "geometry": {
        "type": "Polygon",
        "coordinates": [
          [
            [
              2.3584969,
              48.873590400000005
            ],
            [
              2.3587969,
              48.873590400000005
            ],
            [
              2.3587969,
              48.8738904
            ],
            [
              2.3584969,
              48.8738904
            ],
            [
              2.3584969,
              48.873590400000005
            ]
          ]
        ]
      }
    },
    {
      "type": "Feature",
      "properties": {
        "color": "#2ecc71",
        "height": 20
      },
      "geometry": {
        "type": "Polygon",
        "coordinates": [
          [
            [
              2.3761539,
              48.8711192
            ],
            [
              2.3764539,
              48.8711192
            ],
            [
              2.3764539,
              48.8714192
            ],
            [
              2.3761539,
              48.8714192
            ],
            [
              2.3761539,
              48.8711192
            ]
          ]
        ]
      }
    },
    {
      "type": "Feature",
      "properties": {
        "color": "#2ecc71",
        "height": 20
      },
      "geometry": {
        "type": "Polygon",
        "coordinates": [
          [
            [
              2.3242737,
              48.854837800000006
            ],
            [
              2.3245737,
              48.854837800000006
            ],
            [
              2.3245737,
              48.8551378
            ],
            [
              2.3242737,
              48.8551378
            ],
            [
              2.3242737,
              48.854837800000006
            ]
          ]
        ]
      }
    },
    {
      "type": "Feature",
      "properties": {
        "color": "#2ecc71",
        "height": 20
      },
      "geometry": {
        "type": "Polygon",
        "coordinates": [
          [
            [
              2.3248924,
              48.8554047
            ],
            [
              2.3251924,
              48.8554047
            ],
            [
              2.3251924,
              48.8557047
            ],
            [
              2.3248924,
              48.8557047
            ],
            [
              2.3248924,
              48.8554047
            ]
          ]
        ]
      }
    },
    {
      "type": "Feature",
      "properties": {
        "color": "#e67e22",
        "height": 25
      },
      "geometry": {
        "type": "Polygon",
        "coordinates": [
          [
            [
              2.3274855,
              48.856743300000005
            ],
            [
              2.3277855,
              48.856743300000005
            ],
            [
              2.3277855,
              48.8570433
            ],
            [
              2.3274855,
              48.8570433
            ],
            [
              2.3274855,
              48.856743300000005
            ]
          ]
        ]
      }
    },
    {
      "type": "Feature",
      "properties": {
        "color": "#e67e22",
        "height": 25
      },
      "geometry": {
        "type": "Polygon",
        "coordinates": [
          [
            [
              2.3631515,
              48.8540547
            ],
            [
              2.3634515,
              48.8540547
            ],
            [
              2.3634515,
              48.854354699999995
            ],
            [
              2.3631515,
              48.854354699999995
            ],
            [
              2.3631515,
              48.8540547
            ]
          ]
        ]
      }
    },
    {
      "type": "Feature",
      "properties": {
        "color": "#2ecc71",
        "height": 20
      },
      "geometry": {
        "type": "Polygon",
        "coordinates": [
          [
            [
              2.3566832,
              48.851854800000005
            ],
            [
              2.3569832,
              48.851854800000005
            ],
            [
              2.3569832,
              48.8521548
            ],
            [
              2.3566832,
              48.8521548
            ],
            [
              2.3566832,
              48.851854800000005
            ]
          ]
        ]
      }
    },
    {
      "type": "Feature",
      "properties": {
        "color": "#2ecc71",
        "height": 20
      },
      "geometry": {
        "type": "Polygon",
        "coordinates": [
          [
            [
              2.3500227,
              48.8497101
            ],
            [
              2.3503227,
              48.8497101
            ],
            [
              2.3503227,
              48.8500101
            ],
            [
              2.3500227,
              48.8500101
            ],
            [
              2.3500227,
              48.8497101
            ]
          ]
        ]
      }
    },
    {
      "type": "Feature",
      "properties": {
        "color": "#2ecc71",
        "height": 20
      },
      "geometry": {
        "type": "Polygon",
        "coordinates": [
          [
            [
              2.3523592,
              48.843878000000004
            ],
            [
              2.3526592,
              48.843878000000004
            ],
            [
              2.3526592,
              48.844178
            ],
            [
              2.3523592,
              48.844178
            ],
            [
              2.3523592,
              48.843878000000004
            ]
          ]
        ]
      }
    },
    {
      "type": "Feature",
      "properties": {
        "color": "#2ecc71",
        "height": 20
      },
      "geometry": {
        "type": "Polygon",
        "coordinates": [
          [
            [
              2.3418603,
              48.8522503
            ],
            [
              2.3421603,
              48.8522503
            ],
            [
              2.3421603,
              48.8525503
            ],
            [
              2.3418603,
              48.8525503
            ],
            [
              2.3418603,
              48.8522503
            ]
          ]
        ]
      }
    },
    {
      "type": "Feature",
      "properties": {
        "color": "#2ecc71",
        "height": 20
      },
      "geometry": {
        "type": "Polygon",
        "coordinates": [
          [
            [
              2.3427118,
              48.8455761
            ],
            [
              2.3430118,
              48.8455761
            ],
            [
              2.3430118,
              48.8458761
            ],
            [
              2.3427118,
              48.8458761
            ],
            [
              2.3427118,
              48.8455761
            ]
          ]
        ]
      }
    },
    {
      "type": "Feature",
      "properties": {
        "color": "#2ecc71",
        "height": 20
      },
      "geometry": {
        "type": "Polygon",
        "coordinates": [
          [
            [
              2.3386394,
              48.8537571
            ],
            [
              2.3389394,
              48.8537571
            ],
            [
              2.3389394,
              48.8540571
            ],
            [
              2.3386394,
              48.8540571
            ],
            [
              2.3386394,
              48.8537571
            ]
          ]
        ]
      }
    },
    {
      "type": "Feature",
      "properties": {
        "color": "#2ecc71",
        "height": 20
      },
      "geometry": {
        "type": "Polygon",
        "coordinates": [
          [
            [
              2.3367839999999998,
              48.8513803
            ],
            [
              2.337084,
              48.8513803
            ],
            [
              2.337084,
              48.8516803
            ],
            [
              2.3367839999999998,
              48.8516803
            ],
            [
              2.3367839999999998,
              48.8513803
            ]
          ]
        ]
      }
    },
    {
      "type": "Feature",
      "properties": {
        "color": "#2ecc71",
        "height": 20
      },
      "geometry": {
        "type": "Polygon",
        "coordinates": [
          [
            [
              2.3256167999999997,
              48.851659000000005
            ],
            [
              2.3259168,
              48.851659000000005
            ],
            [
              2.3259168,
              48.851959
            ],
            [
              2.3256167999999997,
              48.851959
            ],
            [
              2.3256167999999997,
              48.851659000000005
            ]
          ]
        ]
      }
    },
    {
      "type": "Feature",
      "properties": {
        "color": "#2ecc71",
        "height": 20
      },
      "geometry": {
        "type": "Polygon",
        "coordinates": [
          [
            [
              2.3194642,
              48.844889300000006
            ],
            [
              2.3197642000000003,
              48.844889300000006
            ],
            [
              2.3197642000000003,
              48.8451893
            ],
            [
              2.3194642,
              48.8451893
            ],
            [
              2.3194642,
              48.844889300000006
            ]
          ]
        ]
      }
    },
    {
      "type": "Feature",
      "properties": {
        "color": "#2ecc71",
        "height": 20
      },
      "geometry": {
        "type": "Polygon",
        "coordinates": [
          [
            [
              2.3187499,
              48.851618900000005
            ],
            [
              2.3190499,
              48.851618900000005
            ],
            [
              2.3190499,
              48.8519189
            ],
            [
              2.3187499,
              48.8519189
            ],
            [
              2.3187499,
              48.851618900000005
            ]
          ]
        ]
      }
    },
    {
      "type": "Feature",
      "properties": {
        "color": "#2ecc71",
        "height": 20
      },
      "geometry": {
        "type": "Polygon",
        "coordinates": [
          [
            [
              2.317517,
              48.8574798
            ],
            [
              2.3178170000000002,
              48.8574798
            ],
            [
              2.3178170000000002,
              48.857779799999996
            ],
            [
              2.317517,
              48.857779799999996
            ],
            [
              2.317517,
              48.8574798
            ]
          ]
        ]
      }
    },
    {
      "type": "Feature",
      "properties": {
        "color": "#2ecc71",
        "height": 20
      },
      "geometry": {
        "type": "Polygon",
        "coordinates": [
          [
            [
              2.3063458999999997,
              48.859439300000005
            ],
            [
              2.3066459,
              48.859439300000005
            ],
            [
              2.3066459,
              48.8597393
            ],
            [
              2.3063458999999997,
              48.8597393
            ],
            [
              2.3063458999999997,
              48.859439300000005
            ]
          ]
        ]
      }
    },
    {
      "type": "Feature",
      "properties": {
        "color": "#2ecc71",
        "height": 20
      },
      "geometry": {
        "type": "Polygon",
        "coordinates": [
          [
            [
              2.3072665,
              48.857662600000005
            ],
            [
              2.3075665,
              48.857662600000005
            ],
            [
              2.3075665,
              48.8579626
            ],
            [
              2.3072665,
              48.8579626
            ],
            [
              2.3072665,
              48.857662600000005
            ]
          ]
        ]
      }
    },
    {
      "type": "Feature",
      "properties": {
        "color": "#2ecc71",
        "height": 20
      },
      "geometry": {
        "type": "Polygon",
        "coordinates": [
          [
            [
              2.3087986,
              48.8596124
            ],
            [
              2.3090986,
              48.8596124
            ],
            [
              2.3090986,
              48.8599124
            ],
            [
              2.3087986,
              48.8599124
            ],
            [
              2.3087986,
              48.8596124
            ]
          ]
        ]
      }
    },
    {
      "type": "Feature",
      "properties": {
        "color": "#2ecc71",
        "height": 20
      },
      "geometry": {
        "type": "Polygon",
        "coordinates": [
          [
            [
              2.3016826999999997,
              48.8582142
            ],
            [
              2.3019827,
              48.8582142
            ],
            [
              2.3019827,
              48.858514199999995
            ],
            [
              2.3016826999999997,
              48.858514199999995
            ],
            [
              2.3016826999999997,
              48.8582142
            ]
          ]
        ]
      }
    },
    {
      "type": "Feature",
      "properties": {
        "color": "#2ecc71",
        "height": 20
      },
      "geometry": {
        "type": "Polygon",
        "coordinates": [
          [
            [
              2.3432752999999997,
              48.8523283
            ],
            [
              2.3435753,
              48.8523283
            ],
            [
              2.3435753,
              48.8526283
            ],
            [
              2.3432752999999997,
              48.8526283
            ],
            [
              2.3432752999999997,
              48.8523283
            ]
          ]
        ]
      }
    },
    {
      "type": "Feature",
      "properties": {
        "color": "#2ecc71",
        "height": 20
      },
      "geometry": {
        "type": "Polygon",
        "coordinates": [
          [
            [
              2.3065577999999998,
              48.8541322
            ],
            [
              2.3068578,
              48.8541322
            ],
            [
              2.3068578,
              48.8544322
            ],
            [
              2.3065577999999998,
              48.8544322
            ],
            [
              2.3065577999999998,
              48.8541322
            ]
          ]
        ]
      }
    },
    {
      "type": "Feature",
      "properties": {
        "color": "#2ecc71",
        "height": 20
      },
      "geometry": {
        "type": "Polygon",
        "coordinates": [
          [
            [
              2.3076753,
              48.855925500000005
            ],
            [
              2.3079753000000003,
              48.855925500000005
            ],
            [
              2.3079753000000003,
              48.8562255
            ],
            [
              2.3076753,
              48.8562255
            ],
            [
              2.3076753,
              48.855925500000005
            ]
          ]
        ]
      }
    },
    {
      "type": "Feature",
      "properties": {
        "color": "#2ecc71",
        "height": 20
      },
      "geometry": {
        "type": "Polygon",
        "coordinates": [
          [
            [
              2.3027873999999997,
              48.848404800000004
            ],
            [
              2.3030874,
              48.848404800000004
            ],
            [
              2.3030874,
              48.8487048
            ],
            [
              2.3027873999999997,
              48.8487048
            ],
            [
              2.3027873999999997,
              48.848404800000004
            ]
          ]
        ]
      }
    },
    {
      "type": "Feature",
      "properties": {
        "color": "#2ecc71",
        "height": 20
      },
      "geometry": {
        "type": "Polygon",
        "coordinates": [
          [
            [
              2.3087141,
              48.846361200000004
            ],
            [
              2.3090141,
              48.846361200000004
            ],
            [
              2.3090141,
              48.8466612
            ],
            [
              2.3087141,
              48.8466612
            ],
            [
              2.3087141,
              48.846361200000004
            ]
          ]
        ]
      }
    },
    {
      "type": "Feature",
      "properties": {
        "color": "#2ecc71",
        "height": 20
      },
      "geometry": {
        "type": "Polygon",
        "coordinates": [
          [
            [
              2.3001419,
              48.8467177
            ],
            [
              2.3004419,
              48.8467177
            ],
            [
              2.3004419,
              48.847017699999995
            ],
            [
              2.3001419,
              48.847017699999995
            ],
            [
              2.3001419,
              48.8467177
            ]
          ]
        ]
      }
    },
    {
      "type": "Feature",
      "properties": {
        "color": "#2ecc71",
        "height": 20
      },
      "geometry": {
        "type": "Polygon",
        "coordinates": [
          [
            [
              2.2998917,
              48.845348
            ],
            [
              2.3001917,
              48.845348
            ],
            [
              2.3001917,
              48.845648
            ],
            [
              2.2998917,
              48.845648
            ],
            [
              2.2998917,
              48.845348
            ]
          ]
        ]
      }
    },
    {
      "type": "Feature",
      "properties": {
        "color": "#e67e22",
        "height": 25
      },
      "geometry": {
        "type": "Polygon",
        "coordinates": [
          [
            [
              2.3840531,
              48.8445982
            ],
            [
              2.3843531000000002,
              48.8445982
            ],
            [
              2.3843531000000002,
              48.844898199999996
            ],
            [
              2.3840531,
              48.844898199999996
            ],
            [
              2.3840531,
              48.8445982
            ]
          ]
        ]
      }
    },
    {
      "type": "Feature",
      "properties": {
        "color": "#2ecc71",
        "height": 20
      },
      "geometry": {
        "type": "Polygon",
        "coordinates": [
          [
            [
              2.3015708999999998,
              48.8789037
            ],
            [
              2.3018709,
              48.8789037
            ],
            [
              2.3018709,
              48.8792037
            ],
            [
              2.3015708999999998,
              48.8792037
            ],
            [
              2.3015708999999998,
              48.8789037
            ]
          ]
        ]
      }
    },
    {
      "type": "Feature",
      "properties": {
        "color": "#2ecc71",
        "height": 20
      },
      "geometry": {
        "type": "Polygon",
        "coordinates": [
          [
            [
              2.3283611,
              48.8341239
            ],
            [
              2.3286611,
              48.8341239
            ],
            [
              2.3286611,
              48.8344239
            ],
            [
              2.3283611,
              48.8344239
            ],
            [
              2.3283611,
              48.8341239
            ]
          ]
        ]
      }
    },
    {
      "type": "Feature",
      "properties": {
        "color": "#2ecc71",
        "height": 20
      },
      "geometry": {
        "type": "Polygon",
        "coordinates": [
          [
            [
              2.3118404,
              48.842514300000005
            ],
            [
              2.3121404,
              48.842514300000005
            ],
            [
              2.3121404,
              48.8428143
            ],
            [
              2.3118404,
              48.8428143
            ],
            [
              2.3118404,
              48.842514300000005
            ]
          ]
        ]
      }
    },
    {
      "type": "Feature",
      "properties": {
        "color": "#2ecc71",
        "height": 20
      },
      "geometry": {
        "type": "Polygon",
        "coordinates": [
          [
            [
              2.3297418,
              48.830819500000004
            ],
            [
              2.3300418,
              48.830819500000004
            ],
            [
              2.3300418,
              48.8311195
            ],
            [
              2.3297418,
              48.8311195
            ],
            [
              2.3297418,
              48.830819500000004
            ]
          ]
        ]
      }
    },
    {
      "type": "Feature",
      "properties": {
        "color": "#2ecc71",
        "height": 20
      },
      "geometry": {
        "type": "Polygon",
        "coordinates": [
          [
            [
              2.3064423,
              48.843749800000005
            ],
            [
              2.3067423000000002,
              48.843749800000005
            ],
            [
              2.3067423000000002,
              48.8440498
            ],
            [
              2.3064423,
              48.8440498
            ],
            [
              2.3064423,
              48.843749800000005
            ]
          ]
        ]
      }
    },
    {
      "type": "Feature",
      "properties": {
        "color": "#2ecc71",
        "height": 20
      },
      "geometry": {
        "type": "Polygon",
        "coordinates": [
          [
            [
              2.3073956,
              48.8413168
            ],
            [
              2.3076956,
              48.8413168
            ],
            [
              2.3076956,
              48.8416168
            ],
            [
              2.3073956,
              48.8416168
            ],
            [
              2.3073956,
              48.8413168
            ]
          ]
        ]
      }
    },
    {
      "type": "Feature",
      "properties": {
        "color": "#2ecc71",
        "height": 20
      },
      "geometry": {
        "type": "Polygon",
        "coordinates": [
          [
            [
              2.3029476,
              48.8352859
            ],
            [
              2.3032476,
              48.8352859
            ],
            [
              2.3032476,
              48.8355859
            ],
            [
              2.3029476,
              48.8355859
            ],
            [
              2.3029476,
              48.8352859
            ]
          ]
        ]
      }
    },
    {
      "type": "Feature",
      "properties": {
        "color": "#2ecc71",
        "height": 20
      },
      "geometry": {
        "type": "Polygon",
        "coordinates": [
          [
            [
              2.3193443,
              48.8359432
            ],
            [
              2.3196443,
              48.8359432
            ],
            [
              2.3196443,
              48.8362432
            ],
            [
              2.3193443,
              48.8362432
            ],
            [
              2.3193443,
              48.8359432
            ]
          ]
        ]
      }
    },
    {
      "type": "Feature",
      "properties": {
        "color": "#2ecc71",
        "height": 20
      },
      "geometry": {
        "type": "Polygon",
        "coordinates": [
          [
            [
              2.3236641,
              48.830818300000004
            ],
            [
              2.3239641,
              48.830818300000004
            ],
            [
              2.3239641,
              48.8311183
            ],
            [
              2.3236641,
              48.8311183
            ],
            [
              2.3236641,
              48.830818300000004
            ]
          ]
        ]
      }
    },
    {
      "type": "Feature",
      "properties": {
        "color": "#2ecc71",
        "height": 20
      },
      "geometry": {
        "type": "Polygon",
        "coordinates": [
          [
            [
              2.3173491999999998,
              48.8333409
            ],
            [
              2.3176492,
              48.8333409
            ],
            [
              2.3176492,
              48.8336409
            ],
            [
              2.3173491999999998,
              48.8336409
            ],
            [
              2.3173491999999998,
              48.8333409
            ]
          ]
        ]
      }
    },
    {
      "type": "Feature",
      "properties": {
        "color": "#2ecc71",
        "height": 20
      },
      "geometry": {
        "type": "Polygon",
        "coordinates": [
          [
            [
              2.320084,
              48.8348189
            ],
            [
              2.3203840000000002,
              48.8348189
            ],
            [
              2.3203840000000002,
              48.8351189
            ],
            [
              2.320084,
              48.8351189
            ],
            [
              2.320084,
              48.8348189
            ]
          ]
        ]
      }
    },
    {
      "type": "Feature",
      "properties": {
        "color": "#2ecc71",
        "height": 20
      },
      "geometry": {
        "type": "Polygon",
        "coordinates": [
          [
            [
              2.3258898,
              48.8456844
            ],
            [
              2.3261898000000003,
              48.8456844
            ],
            [
              2.3261898000000003,
              48.8459844
            ],
            [
              2.3258898,
              48.8459844
            ],
            [
              2.3258898,
              48.8456844
            ]
          ]
        ]
      }
    },
    {
      "type": "Feature",
      "properties": {
        "color": "#2ecc71",
        "height": 20
      },
      "geometry": {
        "type": "Polygon",
        "coordinates": [
          [
            [
              2.327238,
              48.8464462
            ],
            [
              2.327538,
              48.8464462
            ],
            [
              2.327538,
              48.8467462
            ],
            [
              2.327238,
              48.8467462
            ],
            [
              2.327238,
              48.8464462
            ]
          ]
        ]
      }
    },
    {
      "type": "Feature",
      "properties": {
        "color": "#2ecc71",
        "height": 20
      },
      "geometry": {
        "type": "Polygon",
        "coordinates": [
          [
            [
              2.3035614,
              48.8326834
            ],
            [
              2.3038614,
              48.8326834
            ],
            [
              2.3038614,
              48.832983399999996
            ],
            [
              2.3035614,
              48.832983399999996
            ],
            [
              2.3035614,
              48.8326834
            ]
          ]
        ]
      }
    },
    {
      "type": "Feature",
      "properties": {
        "color": "#2ecc71",
        "height": 20
      },
      "geometry": {
        "type": "Polygon",
        "coordinates": [
          [
            [
              2.331547,
              48.835333600000006
            ],
            [
              2.3318470000000002,
              48.835333600000006
            ],
            [
              2.3318470000000002,
              48.8356336
            ],
            [
              2.331547,
              48.8356336
            ],
            [
              2.331547,
              48.835333600000006
            ]
          ]
        ]
      }
    },
    {
      "type": "Feature",
      "properties": {
        "color": "#2ecc71",
        "height": 20
      },
      "geometry": {
        "type": "Polygon",
        "coordinates": [
          [
            [
              2.343648,
              48.831287100000004
            ],
            [
              2.343948,
              48.831287100000004
            ],
            [
              2.343948,
              48.8315871
            ],
            [
              2.343648,
              48.8315871
            ],
            [
              2.343648,
              48.831287100000004
            ]
          ]
        ]
      }
    },
    {
      "type": "Feature",
      "properties": {
        "color": "#2ecc71",
        "height": 20
      },
      "geometry": {
        "type": "Polygon",
        "coordinates": [
          [
            [
              2.3496558999999997,
              48.8389833
            ],
            [
              2.3499559,
              48.8389833
            ],
            [
              2.3499559,
              48.8392833
            ],
            [
              2.3496558999999997,
              48.8392833
            ],
            [
              2.3496558999999997,
              48.8389833
            ]
          ]
        ]
      }
    },
    {
      "type": "Feature",
      "properties": {
        "color": "#2ecc71",
        "height": 20
      },
      "geometry": {
        "type": "Polygon",
        "coordinates": [
          [
            [
              2.3495817999999997,
              48.8413939
            ],
            [
              2.3498818,
              48.8413939
            ],
            [
              2.3498818,
              48.841693899999996
            ],
            [
              2.3495817999999997,
              48.841693899999996
            ],
            [
              2.3495817999999997,
              48.8413939
            ]
          ]
        ]
      }
    },
    {
      "type": "Feature",
      "properties": {
        "color": "#2ecc71",
        "height": 20
      },
      "geometry": {
        "type": "Polygon",
        "coordinates": [
          [
            [
              2.3563476,
              48.839948
            ],
            [
              2.3566476,
              48.839948
            ],
            [
              2.3566476,
              48.840247999999995
            ],
            [
              2.3563476,
              48.840247999999995
            ],
            [
              2.3563476,
              48.839948
            ]
          ]
        ]
      }
    },
    {
      "type": "Feature",
      "properties": {
        "color": "#2ecc71",
        "height": 20
      },
      "geometry": {
        "type": "Polygon",
        "coordinates": [
          [
            [
              2.3501316,
              48.8363709
            ],
            [
              2.3504316000000003,
              48.8363709
            ],
            [
              2.3504316000000003,
              48.836670899999994
            ],
            [
              2.3501316,
              48.836670899999994
            ],
            [
              2.3501316,
              48.8363709
            ]
          ]
        ]
      }
    },
    {
      "type": "Feature",
      "properties": {
        "color": "#2ecc71",
        "height": 20
      },
      "geometry": {
        "type": "Polygon",
        "coordinates": [
          [
            [
              2.3508294,
              48.836922900000005
            ],
            [
              2.3511294,
              48.836922900000005
            ],
            [
              2.3511294,
              48.8372229
            ],
            [
              2.3508294,
              48.8372229
            ],
            [
              2.3508294,
              48.836922900000005
            ]
          ]
        ]
      }
    },
    {
      "type": "Feature",
      "properties": {
        "color": "#2ecc71",
        "height": 20
      },
      "geometry": {
        "type": "Polygon",
        "coordinates": [
          [
            [
              2.3730905,
              48.8375043
            ],
            [
              2.3733905,
              48.8375043
            ],
            [
              2.3733905,
              48.837804299999995
            ],
            [
              2.3730905,
              48.837804299999995
            ],
            [
              2.3730905,
              48.8375043
            ]
          ]
        ]
      }
    },
    {
      "type": "Feature",
      "properties": {
        "color": "#2ecc71",
        "height": 20
      },
      "geometry": {
        "type": "Polygon",
        "coordinates": [
          [
            [
              2.3004404,
              48.873963100000005
            ],
            [
              2.3007404,
              48.873963100000005
            ],
            [
              2.3007404,
              48.8742631
            ],
            [
              2.3004404,
              48.8742631
            ],
            [
              2.3004404,
              48.873963100000005
            ]
          ]
        ]
      }
    },
    {
      "type": "Feature",
      "properties": {
        "color": "#2ecc71",
        "height": 20
      },
      "geometry": {
        "type": "Polygon",
        "coordinates": [
          [
            [
              2.3133512,
              48.8719395
            ],
            [
              2.3136512000000002,
              48.8719395
            ],
            [
              2.3136512000000002,
              48.8722395
            ],
            [
              2.3133512,
              48.8722395
            ],
            [
              2.3133512,
              48.8719395
            ]
          ]
        ]
      }
    },
    {
      "type": "Feature",
      "properties": {
        "color": "#2ecc71",
        "height": 20
      },
      "geometry": {
        "type": "Polygon",
        "coordinates": [
          [
            [
              2.3057509,
              48.8773423
            ],
            [
              2.3060509000000002,
              48.8773423
            ],
            [
              2.3060509000000002,
              48.8776423
            ],
            [
              2.3057509,
              48.8776423
            ],
            [
              2.3057509,
              48.8773423
            ]
          ]
        ]
      }
    },
    {
      "type": "Feature",
      "properties": {
        "color": "#2ecc71",
        "height": 20
      },
      "geometry": {
        "type": "Polygon",
        "coordinates": [
          [
            [
              2.3151368999999997,
              48.8768527
            ],
            [
              2.3154369,
              48.8768527
            ],
            [
              2.3154369,
              48.877152699999996
            ],
            [
              2.3151368999999997,
              48.877152699999996
            ],
            [
              2.3151368999999997,
              48.8768527
            ]
          ]
        ]
      }
    },
    {
      "type": "Feature",
      "properties": {
        "color": "#2ecc71",
        "height": 20
      },
      "geometry": {
        "type": "Polygon",
        "coordinates": [
          [
            [
              2.3157776,
              48.8749334
            ],
            [
              2.3160776000000003,
              48.8749334
            ],
            [
              2.3160776000000003,
              48.8752334
            ],
            [
              2.3157776,
              48.8752334
            ],
            [
              2.3157776,
              48.8749334
            ]
          ]
        ]
      }
    },
    {
      "type": "Feature",
      "properties": {
        "color": "#2ecc71",
        "height": 20
      },
      "geometry": {
        "type": "Polygon",
        "coordinates": [
          [
            [
              2.3142055,
              48.8753874
            ],
            [
              2.3145055,
              48.8753874
            ],
            [
              2.3145055,
              48.8756874
            ],
            [
              2.3142055,
              48.8756874
            ],
            [
              2.3142055,
              48.8753874
            ]
          ]
        ]
      }
    },
    {
      "type": "Feature",
      "properties": {
        "color": "#2ecc71",
        "height": 20
      },
      "geometry": {
        "type": "Polygon",
        "coordinates": [
          [
            [
              2.3188388,
              48.8748455
            ],
            [
              2.3191388,
              48.8748455
            ],
            [
              2.3191388,
              48.875145499999995
            ],
            [
              2.3188388,
              48.875145499999995
            ],
            [
              2.3188388,
              48.8748455
            ]
          ]
        ]
      }
    },
    {
      "type": "Feature",
      "properties": {
        "color": "#2ecc71",
        "height": 20
      },
      "geometry": {
        "type": "Polygon",
        "coordinates": [
          [
            [
              2.3176807,
              48.8760476
            ],
            [
              2.3179807,
              48.8760476
            ],
            [
              2.3179807,
              48.876347599999995
            ],
            [
              2.3176807,
              48.876347599999995
            ],
            [
              2.3176807,
              48.8760476
            ]
          ]
        ]
      }
    },
    {
      "type": "Feature",
      "properties": {
        "color": "#2ecc71",
        "height": 20
      },
      "geometry": {
        "type": "Polygon",
        "coordinates": [
          [
            [
              2.3312136,
              48.8709842
            ],
            [
              2.3315136,
              48.8709842
            ],
            [
              2.3315136,
              48.8712842
            ],
            [
              2.3312136,
              48.8712842
            ],
            [
              2.3312136,
              48.8709842
            ]
          ]
        ]
      }
    },
    {
      "type": "Feature",
      "properties": {
        "color": "#2ecc71",
        "height": 20
      },
      "geometry": {
        "type": "Polygon",
        "coordinates": [
          [
            [
              2.3281793,
              48.8717051
            ],
            [
              2.3284793,
              48.8717051
            ],
            [
              2.3284793,
              48.872005099999996
            ],
            [
              2.3281793,
              48.872005099999996
            ],
            [
              2.3281793,
              48.8717051
            ]
          ]
        ]
      }
    },
    {
      "type": "Feature",
      "properties": {
        "color": "#2ecc71",
        "height": 20
      },
      "geometry": {
        "type": "Polygon",
        "coordinates": [
          [
            [
              2.3354863999999997,
              48.8736829
            ],
            [
              2.3357864,
              48.8736829
            ],
            [
              2.3357864,
              48.873982899999994
            ],
            [
              2.3354863999999997,
              48.873982899999994
            ],
            [
              2.3354863999999997,
              48.8736829
            ]
          ]
        ]
      }
    },
    {
      "type": "Feature",
      "properties": {
        "color": "#2ecc71",
        "height": 20
      },
      "geometry": {
        "type": "Polygon",
        "coordinates": [
          [
            [
              2.3342294999999997,
              48.8730932
            ],
            [
              2.3345295,
              48.8730932
            ],
            [
              2.3345295,
              48.873393199999995
            ],
            [
              2.3342294999999997,
              48.873393199999995
            ],
            [
              2.3342294999999997,
              48.8730932
            ]
          ]
        ]
      }
    },
    {
      "type": "Feature",
      "properties": {
        "color": "#2ecc71",
        "height": 20
      },
      "geometry": {
        "type": "Polygon",
        "coordinates": [
          [
            [
              2.3341613,
              48.8724611
            ],
            [
              2.3344613,
              48.8724611
            ],
            [
              2.3344613,
              48.8727611
            ],
            [
              2.3341613,
              48.8727611
            ],
            [
              2.3341613,
              48.8724611
            ]
          ]
        ]
      }
    },
    {
      "type": "Feature",
      "properties": {
        "color": "#2ecc71",
        "height": 20
      },
      "geometry": {
        "type": "Polygon",
        "coordinates": [
          [
            [
              2.3328344999999997,
              48.8675967
            ],
            [
              2.3331345,
              48.8675967
            ],
            [
              2.3331345,
              48.867896699999996
            ],
            [
              2.3328344999999997,
              48.867896699999996
            ],
            [
              2.3328344999999997,
              48.8675967
            ]
          ]
        ]
      }
    },
    {
      "type": "Feature",
      "properties": {
        "color": "#2ecc71",
        "height": 20
      },
      "geometry": {
        "type": "Polygon",
        "coordinates": [
          [
            [
              2.3310014999999997,
              48.866025900000004
            ],
            [
              2.3313015,
              48.866025900000004
            ],
            [
              2.3313015,
              48.8663259
            ],
            [
              2.3310014999999997,
              48.8663259
            ],
            [
              2.3310014999999997,
              48.866025900000004
            ]
          ]
        ]
      }
    },
    {
      "type": "Feature",
      "properties": {
        "color": "#2ecc71",
        "height": 20
      },
      "geometry": {
        "type": "Polygon",
        "coordinates": [
          [
            [
              2.3390578,
              48.8688073
            ],
            [
              2.3393578,
              48.8688073
            ],
            [
              2.3393578,
              48.869107299999996
            ],
            [
              2.3390578,
              48.869107299999996
            ],
            [
              2.3390578,
              48.8688073
            ]
          ]
        ]
      }
    },
    {
      "type": "Feature",
      "properties": {
        "color": "#2ecc71",
        "height": 20
      },
      "geometry": {
        "type": "Polygon",
        "coordinates": [
          [
            [
              2.3296164999999998,
              48.8686085
            ],
            [
              2.3299165,
              48.8686085
            ],
            [
              2.3299165,
              48.868908499999996
            ],
            [
              2.3296164999999998,
              48.868908499999996
            ],
            [
              2.3296164999999998,
              48.8686085
            ]
          ]
        ]
      }
    },
    {
      "type": "Feature",
      "properties": {
        "color": "#2ecc71",
        "height": 20
      },
      "geometry": {
        "type": "Polygon",
        "coordinates": [
          [
            [
              2.3419958999999997,
              48.8612863
            ],
            [
              2.3422959,
              48.8612863
            ],
            [
              2.3422959,
              48.8615863
            ],
            [
              2.3419958999999997,
              48.8615863
            ],
            [
              2.3419958999999997,
              48.8612863
            ]
          ]
        ]
      }
    },
    {
      "type": "Feature",
      "properties": {
        "color": "#2ecc71",
        "height": 20
      },
      "geometry": {
        "type": "Polygon",
        "coordinates": [
          [
            [
              2.3397894,
              48.8787018
            ],
            [
              2.3400894,
              48.8787018
            ],
            [
              2.3400894,
              48.8790018
            ],
            [
              2.3397894,
              48.8790018
            ],
            [
              2.3397894,
              48.8787018
            ]
          ]
        ]
      }
    },
    {
      "type": "Feature",
      "properties": {
        "color": "#2ecc71",
        "height": 20
      },
      "geometry": {
        "type": "Polygon",
        "coordinates": [
          [
            [
              2.3422701,
              48.877793100000005
            ],
            [
              2.3425701,
              48.877793100000005
            ],
            [
              2.3425701,
              48.8780931
            ],
            [
              2.3422701,
              48.8780931
            ],
            [
              2.3422701,
              48.877793100000005
            ]
          ]
        ]
      }
    },
    {
      "type": "Feature",
      "properties": {
        "color": "#2ecc71",
        "height": 20
      },
      "geometry": {
        "type": "Polygon",
        "coordinates": [
          [
            [
              2.3368368,
              48.8788727
            ],
            [
              2.3371368,
              48.8788727
            ],
            [
              2.3371368,
              48.8791727
            ],
            [
              2.3368368,
              48.8791727
            ],
            [
              2.3368368,
              48.8788727
            ]
          ]
        ]
      }
    },
    {
      "type": "Feature",
      "properties": {
        "color": "#2ecc71",
        "height": 20
      },
      "geometry": {
        "type": "Polygon",
        "coordinates": [
          [
            [
              2.3478667,
              48.8721082
            ],
            [
              2.3481667,
              48.8721082
            ],
            [
              2.3481667,
              48.872408199999995
            ],
            [
              2.3478667,
              48.872408199999995
            ],
            [
              2.3478667,
              48.8721082
            ]
          ]
        ]
      }
    },
    {
      "type": "Feature",
      "properties": {
        "color": "#2ecc71",
        "height": 20
      },
      "geometry": {
        "type": "Polygon",
        "coordinates": [
          [
            [
              2.3405905,
              48.8746309
            ],
            [
              2.3408905,
              48.8746309
            ],
            [
              2.3408905,
              48.874930899999995
            ],
            [
              2.3405905,
              48.874930899999995
            ],
            [
              2.3405905,
              48.8746309
            ]
          ]
        ]
      }
    },
    {
      "type": "Feature",
      "properties": {
        "color": "#2ecc71",
        "height": 20
      },
      "geometry": {
        "type": "Polygon",
        "coordinates": [
          [
            [
              2.3469409999999997,
              48.8665773
            ],
            [
              2.347241,
              48.8665773
            ],
            [
              2.347241,
              48.8668773
            ],
            [
              2.3469409999999997,
              48.8668773
            ],
            [
              2.3469409999999997,
              48.8665773
            ]
          ]
        ]
      }
    },
    {
      "type": "Feature",
      "properties": {
        "color": "#2ecc71",
        "height": 20
      },
      "geometry": {
        "type": "Polygon",
        "coordinates": [
          [
            [
              2.3468049,
              48.8657932
            ],
            [
              2.3471049,
              48.8657932
            ],
            [
              2.3471049,
              48.866093199999995
            ],
            [
              2.3468049,
              48.866093199999995
            ],
            [
              2.3468049,
              48.8657932
            ]
          ]
        ]
      }
    },
    {
      "type": "Feature",
      "properties": {
        "color": "#e74c3c",
        "height": 40
      },
      "geometry": {
        "type": "Polygon",
        "coordinates": [
          [
            [
              2.3750947,
              48.876141100000005
            ],
            [
              2.3753947,
              48.876141100000005
            ],
            [
              2.3753947,
              48.8764411
            ],
            [
              2.3750947,
              48.8764411
            ],
            [
              2.3750947,
              48.876141100000005
            ]
          ]
        ]
      }
    },
    {
      "type": "Feature",
      "properties": {
        "color": "#2ecc71",
        "height": 20
      },
      "geometry": {
        "type": "Polygon",
        "coordinates": [
          [
            [
              2.3543632999999997,
              48.870051700000005
            ],
            [
              2.3546633,
              48.870051700000005
            ],
            [
              2.3546633,
              48.8703517
            ],
            [
              2.3543632999999997,
              48.8703517
            ],
            [
              2.3543632999999997,
              48.870051700000005
            ]
          ]
        ]
      }
    },
    {
      "type": "Feature",
      "properties": {
        "color": "#2ecc71",
        "height": 20
      },
      "geometry": {
        "type": "Polygon",
        "coordinates": [
          [
            [
              2.3532669999999998,
              48.8713688
            ],
            [
              2.353567,
              48.8713688
            ],
            [
              2.353567,
              48.871668799999995
            ],
            [
              2.3532669999999998,
              48.871668799999995
            ],
            [
              2.3532669999999998,
              48.8713688
            ]
          ]
        ]
      }
    },
    {
      "type": "Feature",
      "properties": {
        "color": "#2ecc71",
        "height": 20
      },
      "geometry": {
        "type": "Polygon",
        "coordinates": [
          [
            [
              2.354879,
              48.8725542
            ],
            [
              2.355179,
              48.8725542
            ],
            [
              2.355179,
              48.8728542
            ],
            [
              2.354879,
              48.8728542
            ],
            [
              2.354879,
              48.8725542
            ]
          ]
        ]
      }
    },
    {
      "type": "Feature",
      "properties": {
        "color": "#2ecc71",
        "height": 20
      },
      "geometry": {
        "type": "Polygon",
        "coordinates": [
          [
            [
              2.3492379999999997,
              48.877019100000005
            ],
            [
              2.349538,
              48.877019100000005
            ],
            [
              2.349538,
              48.8773191
            ],
            [
              2.3492379999999997,
              48.8773191
            ],
            [
              2.3492379999999997,
              48.877019100000005
            ]
          ]
        ]
      }
    },
    {
      "type": "Feature",
      "properties": {
        "color": "#2ecc71",
        "height": 20
      },
      "geometry": {
        "type": "Polygon",
        "coordinates": [
          [
            [
              2.3647215,
              48.8519014
            ],
            [
              2.3650215,
              48.8519014
            ],
            [
              2.3650215,
              48.8522014
            ],
            [
              2.3647215,
              48.8522014
            ],
            [
              2.3647215,
              48.8519014
            ]
          ]
        ]
      }
    },
    {
      "type": "Feature",
      "properties": {
        "color": "#2ecc71",
        "height": 20
      },
      "geometry": {
        "type": "Polygon",
        "coordinates": [
          [
            [
              2.34653,
              48.878551300000005
            ],
            [
              2.34683,
              48.878551300000005
            ],
            [
              2.34683,
              48.8788513
            ],
            [
              2.34653,
              48.8788513
            ],
            [
              2.34653,
              48.878551300000005
            ]
          ]
        ]
      }
    },
    {
      "type": "Feature",
      "properties": {
        "color": "#2ecc71",
        "height": 20
      },
      "geometry": {
        "type": "Polygon",
        "coordinates": [
          [
            [
              2.3548014,
              48.873276100000005
            ],
            [
              2.3551014,
              48.873276100000005
            ],
            [
              2.3551014,
              48.8735761
            ],
            [
              2.3548014,
              48.8735761
            ],
            [
              2.3548014,
              48.873276100000005
            ]
          ]
        ]
      }
    },
    {
      "type": "Feature",
      "properties": {
        "color": "#2ecc71",
        "height": 20
      },
      "geometry": {
        "type": "Polygon",
        "coordinates": [
          [
            [
              2.357793,
              48.8726493
            ],
            [
              2.358093,
              48.8726493
            ],
            [
              2.358093,
              48.872949299999995
            ],
            [
              2.357793,
              48.872949299999995
            ],
            [
              2.357793,
              48.8726493
            ]
          ]
        ]
      }
    },
    {
      "type": "Feature",
      "properties": {
        "color": "#2ecc71",
        "height": 20
      },
      "geometry": {
        "type": "Polygon",
        "coordinates": [
          [
            [
              2.3578361,
              48.8555198
            ],
            [
              2.3581361000000003,
              48.8555198
            ],
            [
              2.3581361000000003,
              48.8558198
            ],
            [
              2.3578361,
              48.8558198
            ],
            [
              2.3578361,
              48.8555198
            ]
          ]
        ]
      }
    },
    {
      "type": "Feature",
      "properties": {
        "color": "#2ecc71",
        "height": 20
      },
      "geometry": {
        "type": "Polygon",
        "coordinates": [
          [
            [
              2.3508192,
              48.8749588
            ],
            [
              2.3511192000000003,
              48.8749588
            ],
            [
              2.3511192000000003,
              48.8752588
            ],
            [
              2.3508192,
              48.8752588
            ],
            [
              2.3508192,
              48.8749588
            ]
          ]
        ]
      }
    },
    {
      "type": "Feature",
      "properties": {
        "color": "#2ecc71",
        "height": 20
      },
      "geometry": {
        "type": "Polygon",
        "coordinates": [
          [
            [
              2.3550052,
              48.8702497
            ],
            [
              2.3553052,
              48.8702497
            ],
            [
              2.3553052,
              48.8705497
            ],
            [
              2.3550052,
              48.8705497
            ],
            [
              2.3550052,
              48.8702497
            ]
          ]
        ]
      }
    },
    {
      "type": "Feature",
      "properties": {
        "color": "#2ecc71",
        "height": 20
      },
      "geometry": {
        "type": "Polygon",
        "coordinates": [
          [
            [
              2.3557693,
              48.8686092
            ],
            [
              2.3560693,
              48.8686092
            ],
            [
              2.3560693,
              48.8689092
            ],
            [
              2.3557693,
              48.8689092
            ],
            [
              2.3557693,
              48.8686092
            ]
          ]
        ]
      }
    },
    {
      "type": "Feature",
      "properties": {
        "color": "#2ecc71",
        "height": 20
      },
      "geometry": {
        "type": "Polygon",
        "coordinates": [
          [
            [
              2.3604843,
              48.8656905
            ],
            [
              2.3607843,
              48.8656905
            ],
            [
              2.3607843,
              48.865990499999995
            ],
            [
              2.3604843,
              48.865990499999995
            ],
            [
              2.3604843,
              48.8656905
            ]
          ]
        ]
      }
    },
    {
      "type": "Feature",
      "properties": {
        "color": "#2ecc71",
        "height": 20
      },
      "geometry": {
        "type": "Polygon",
        "coordinates": [
          [
            [
              2.3563885,
              48.855756
            ],
            [
              2.3566885,
              48.855756
            ],
            [
              2.3566885,
              48.856055999999995
            ],
            [
              2.3563885,
              48.856055999999995
            ],
            [
              2.3563885,
              48.855756
            ]
          ]
        ]
      }
    },
    {
      "type": "Feature",
      "properties": {
        "color": "#2ecc71",
        "height": 20
      },
      "geometry": {
        "type": "Polygon",
        "coordinates": [
          [
            [
              2.3567081,
              48.874349200000005
            ],
            [
              2.3570081000000003,
              48.874349200000005
            ],
            [
              2.3570081000000003,
              48.8746492
            ],
            [
              2.3567081,
              48.8746492
            ],
            [
              2.3567081,
              48.874349200000005
            ]
          ]
        ]
      }
    },
    {
      "type": "Feature",
      "properties": {
        "color": "#2ecc71",
        "height": 20
      },
      "geometry": {
        "type": "Polygon",
        "coordinates": [
          [
            [
              2.3583655,
              48.8636405
            ],
            [
              2.3586655000000003,
              48.8636405
            ],
            [
              2.3586655000000003,
              48.8639405
            ],
            [
              2.3583655,
              48.8639405
            ],
            [
              2.3583655,
              48.8636405
            ]
          ]
        ]
      }
    },
    {
      "type": "Feature",
      "properties": {
        "color": "#2ecc71",
        "height": 20
      },
      "geometry": {
        "type": "Polygon",
        "coordinates": [
          [
            [
              2.3534039,
              48.879407900000004
            ],
            [
              2.3537039,
              48.879407900000004
            ],
            [
              2.3537039,
              48.8797079
            ],
            [
              2.3534039,
              48.8797079
            ],
            [
              2.3534039,
              48.879407900000004
            ]
          ]
        ]
      }
    },
    {
      "type": "Feature",
      "properties": {
        "color": "#2ecc71",
        "height": 20
      },
      "geometry": {
        "type": "Polygon",
        "coordinates": [
          [
            [
              2.3487289,
              48.8794692
            ],
            [
              2.3490289,
              48.8794692
            ],
            [
              2.3490289,
              48.8797692
            ],
            [
              2.3487289,
              48.8797692
            ],
            [
              2.3487289,
              48.8794692
            ]
          ]
        ]
      }
    },
    {
      "type": "Feature",
      "properties": {
        "color": "#2ecc71",
        "height": 20
      },
      "geometry": {
        "type": "Polygon",
        "coordinates": [
          [
            [
              2.3494688999999997,
              48.879397700000005
            ],
            [
              2.3497689,
              48.879397700000005
            ],
            [
              2.3497689,
              48.8796977
            ],
            [
              2.3494688999999997,
              48.8796977
            ],
            [
              2.3494688999999997,
              48.879397700000005
            ]
          ]
        ]
      }
    },
    {
      "type": "Feature",
      "properties": {
        "color": "#2ecc71",
        "height": 20
      },
      "geometry": {
        "type": "Polygon",
        "coordinates": [
          [
            [
              2.3607888999999997,
              48.870383700000005
            ],
            [
              2.3610889,
              48.870383700000005
            ],
            [
              2.3610889,
              48.8706837
            ],
            [
              2.3607888999999997,
              48.8706837
            ],
            [
              2.3607888999999997,
              48.870383700000005
            ]
          ]
        ]
      }
    },
    {
      "type": "Feature",
      "properties": {
        "color": "#2ecc71",
        "height": 20
      },
      "geometry": {
        "type": "Polygon",
        "coordinates": [
          [
            [
              2.3615624,
              48.873093100000006
            ],
            [
              2.3618624,
              48.873093100000006
            ],
            [
              2.3618624,
              48.8733931
            ],
            [
              2.3615624,
              48.8733931
            ],
            [
              2.3615624,
              48.873093100000006
            ]
          ]
        ]
      }
    },
    {
      "type": "Feature",
      "properties": {
        "color": "#2ecc71",
        "height": 20
      },
      "geometry": {
        "type": "Polygon",
        "coordinates": [
          [
            [
              2.36666,
              48.8683716
            ],
            [
              2.36696,
              48.8683716
            ],
            [
              2.36696,
              48.8686716
            ],
            [
              2.36666,
              48.8686716
            ],
            [
              2.36666,
              48.8683716
            ]
          ]
        ]
      }
    },
    {
      "type": "Feature",
      "properties": {
        "color": "#2ecc71",
        "height": 20
      },
      "geometry": {
        "type": "Polygon",
        "coordinates": [
          [
            [
              2.3744088999999997,
              48.8737553
            ],
            [
              2.3747089,
              48.8737553
            ],
            [
              2.3747089,
              48.874055299999995
            ],
            [
              2.3744088999999997,
              48.874055299999995
            ],
            [
              2.3744088999999997,
              48.8737553
            ]
          ]
        ]
      }
    },
    {
      "type": "Feature",
      "properties": {
        "color": "#2ecc71",
        "height": 20
      },
      "geometry": {
        "type": "Polygon",
        "coordinates": [
          [
            [
              2.3751243,
              48.873110700000005
            ],
            [
              2.3754243,
              48.873110700000005
            ],
            [
              2.3754243,
              48.8734107
            ],
            [
              2.3751243,
              48.8734107
            ],
            [
              2.3751243,
              48.873110700000005
            ]
          ]
        ]
      }
    },
    {
      "type": "Feature",
      "properties": {
        "color": "#2ecc71",
        "height": 20
      },
      "geometry": {
        "type": "Polygon",
        "coordinates": [
          [
            [
              2.3689587999999997,
              48.869131700000004
            ],
            [
              2.3692588,
              48.869131700000004
            ],
            [
              2.3692588,
              48.8694317
            ],
            [
              2.3689587999999997,
              48.8694317
            ],
            [
              2.3689587999999997,
              48.869131700000004
            ]
          ]
        ]
      }
    },
    {
      "type": "Feature",
      "properties": {
        "color": "#2ecc71",
        "height": 20
      },
      "geometry": {
        "type": "Polygon",
        "coordinates": [
          [
            [
              2.372243,
              48.8683112
            ],
            [
              2.3725430000000003,
              48.8683112
            ],
            [
              2.3725430000000003,
              48.8686112
            ],
            [
              2.372243,
              48.8686112
            ],
            [
              2.372243,
              48.8683112
            ]
          ]
        ]
      }
    },
    {
      "type": "Feature",
      "properties": {
        "color": "#2ecc71",
        "height": 20
      },
      "geometry": {
        "type": "Polygon",
        "coordinates": [
          [
            [
              2.3700531,
              48.8655689
            ],
            [
              2.3703531,
              48.8655689
            ],
            [
              2.3703531,
              48.865868899999995
            ],
            [
              2.3700531,
              48.865868899999995
            ],
            [
              2.3700531,
              48.8655689
            ]
          ]
        ]
      }
    },
    {
      "type": "Feature",
      "properties": {
        "color": "#2ecc71",
        "height": 20
      },
      "geometry": {
        "type": "Polygon",
        "coordinates": [
          [
            [
              2.3873542999999997,
              48.8631212
            ],
            [
              2.3876543,
              48.8631212
            ],
            [
              2.3876543,
              48.8634212
            ],
            [
              2.3873542999999997,
              48.8634212
            ],
            [
              2.3873542999999997,
              48.8631212
            ]
          ]
        ]
      }
    },
    {
      "type": "Feature",
      "properties": {
        "color": "#2ecc71",
        "height": 20
      },
      "geometry": {
        "type": "Polygon",
        "coordinates": [
          [
            [
              2.379292,
              48.8564693
            ],
            [
              2.379592,
              48.8564693
            ],
            [
              2.379592,
              48.856769299999996
            ],
            [
              2.379292,
              48.856769299999996
            ],
            [
              2.379292,
              48.8564693
            ]
          ]
        ]
      }
    },
    {
      "type": "Feature",
      "properties": {
        "color": "#2ecc71",
        "height": 20
      },
      "geometry": {
        "type": "Polygon",
        "coordinates": [
          [
            [
              2.3987779,
              48.850768
            ],
            [
              2.3990779,
              48.850768
            ],
            [
              2.3990779,
              48.851068
            ],
            [
              2.3987779,
              48.851068
            ],
            [
              2.3987779,
              48.850768
            ]
          ]
        ]
      }
    },
    {
      "type": "Feature",
      "properties": {
        "color": "#2ecc71",
        "height": 20
      },
      "geometry": {
        "type": "Polygon",
        "coordinates": [
          [
            [
              2.3762762,
              48.852018900000004
            ],
            [
              2.3765762,
              48.852018900000004
            ],
            [
              2.3765762,
              48.8523189
            ],
            [
              2.3762762,
              48.8523189
            ],
            [
              2.3762762,
              48.852018900000004
            ]
          ]
        ]
      }
    },
    {
      "type": "Feature",
      "properties": {
        "color": "#2ecc71",
        "height": 20
      },
      "geometry": {
        "type": "Polygon",
        "coordinates": [
          [
            [
              2.3852146,
              48.856875800000005
            ],
            [
              2.3855146,
              48.856875800000005
            ],
            [
              2.3855146,
              48.8571758
            ],
            [
              2.3852146,
              48.8571758
            ],
            [
              2.3852146,
              48.856875800000005
            ]
          ]
        ]
      }
    },
    {
      "type": "Feature",
      "properties": {
        "color": "#2ecc71",
        "height": 20
      },
      "geometry": {
        "type": "Polygon",
        "coordinates": [
          [
            [
              2.3771747,
              48.8528381
            ],
            [
              2.3774747,
              48.8528381
            ],
            [
              2.3774747,
              48.853138099999995
            ],
            [
              2.3771747,
              48.853138099999995
            ],
            [
              2.3771747,
              48.8528381
            ]
          ]
        ]
      }
    },
    {
      "type": "Feature",
      "properties": {
        "color": "#2ecc71",
        "height": 20
      },
      "geometry": {
        "type": "Polygon",
        "coordinates": [
          [
            [
              2.389078,
              48.8581432
            ],
            [
              2.3893780000000002,
              48.8581432
            ],
            [
              2.3893780000000002,
              48.858443199999996
            ],
            [
              2.389078,
              48.858443199999996
            ],
            [
              2.389078,
              48.8581432
            ]
          ]
        ]
      }
    },
    {
      "type": "Feature",
      "properties": {
        "color": "#2ecc71",
        "height": 20
      },
      "geometry": {
        "type": "Polygon",
        "coordinates": [
          [
            [
              2.3820810999999997,
              48.8536146
            ],
            [
              2.3823811,
              48.8536146
            ],
            [
              2.3823811,
              48.853914599999996
            ],
            [
              2.3820810999999997,
              48.853914599999996
            ],
            [
              2.3820810999999997,
              48.8536146
            ]
          ]
        ]
      }
    },
    {
      "type": "Feature",
      "properties": {
        "color": "#2ecc71",
        "height": 20
      },
      "geometry": {
        "type": "Polygon",
        "coordinates": [
          [
            [
              2.3744020999999997,
              48.852543700000005
            ],
            [
              2.3747021,
              48.852543700000005
            ],
            [
              2.3747021,
              48.8528437
            ],
            [
              2.3744020999999997,
              48.8528437
            ],
            [
              2.3744020999999997,
              48.852543700000005
            ]
          ]
        ]
      }
    },
    {
      "type": "Feature",
      "properties": {
        "color": "#2ecc71",
        "height": 20
      },
      "geometry": {
        "type": "Polygon",
        "coordinates": [
          [
            [
              2.3880029,
              48.8550358
            ],
            [
              2.3883029000000002,
              48.8550358
            ],
            [
              2.3883029000000002,
              48.8553358
            ],
            [
              2.3880029,
              48.8553358
            ],
            [
              2.3880029,
              48.8550358
            ]
          ]
        ]
      }
    },
    {
      "type": "Feature",
      "properties": {
        "color": "#2ecc71",
        "height": 20
      },
      "geometry": {
        "type": "Polygon",
        "coordinates": [
          [
            [
              2.3861697,
              48.8548555
            ],
            [
              2.3864697,
              48.8548555
            ],
            [
              2.3864697,
              48.855155499999995
            ],
            [
              2.3861697,
              48.855155499999995
            ],
            [
              2.3861697,
              48.8548555
            ]
          ]
        ]
      }
    },
    {
      "type": "Feature",
      "properties": {
        "color": "#2ecc71",
        "height": 20
      },
      "geometry": {
        "type": "Polygon",
        "coordinates": [
          [
            [
              2.3991411,
              48.8466905
            ],
            [
              2.3994411,
              48.8466905
            ],
            [
              2.3994411,
              48.8469905
            ],
            [
              2.3991411,
              48.8469905
            ],
            [
              2.3991411,
              48.8466905
            ]
          ]
        ]
      }
    },
    {
      "type": "Feature",
      "properties": {
        "color": "#2ecc71",
        "height": 20
      },
      "geometry": {
        "type": "Polygon",
        "coordinates": [
          [
            [
              2.3845727,
              48.8546896
            ],
            [
              2.3848727000000003,
              48.8546896
            ],
            [
              2.3848727000000003,
              48.854989599999996
            ],
            [
              2.3845727,
              48.854989599999996
            ],
            [
              2.3845727,
              48.8546896
            ]
          ]
        ]
      }
    },
    {
      "type": "Feature",
      "properties": {
        "color": "#2ecc71",
        "height": 20
      },
      "geometry": {
        "type": "Polygon",
        "coordinates": [
          [
            [
              2.3777983,
              48.8508155
            ],
            [
              2.3780983,
              48.8508155
            ],
            [
              2.3780983,
              48.8511155
            ],
            [
              2.3777983,
              48.8511155
            ],
            [
              2.3777983,
              48.8508155
            ]
          ]
        ]
      }
    },
    {
      "type": "Feature",
      "properties": {
        "color": "#2ecc71",
        "height": 20
      },
      "geometry": {
        "type": "Polygon",
        "coordinates": [
          [
            [
              2.3961416,
              48.854407300000005
            ],
            [
              2.3964416,
              48.854407300000005
            ],
            [
              2.3964416,
              48.8547073
            ],
            [
              2.3961416,
              48.8547073
            ],
            [
              2.3961416,
              48.854407300000005
            ]
          ]
        ]
      }
    },
    {
      "type": "Feature",
      "properties": {
        "color": "#2ecc71",
        "height": 20
      },
      "geometry": {
        "type": "Polygon",
        "coordinates": [
          [
            [
              2.3948148,
              48.8650019
            ],
            [
              2.3951148,
              48.8650019
            ],
            [
              2.3951148,
              48.8653019
            ],
            [
              2.3948148,
              48.8653019
            ],
            [
              2.3948148,
              48.8650019
            ]
          ]
        ]
      }
    },
    {
      "type": "Feature",
      "properties": {
        "color": "#2ecc71",
        "height": 20
      },
      "geometry": {
        "type": "Polygon",
        "coordinates": [
          [
            [
              2.3075145,
              48.8552965
            ],
            [
              2.3078145,
              48.8552965
            ],
            [
              2.3078145,
              48.8555965
            ],
            [
              2.3075145,
              48.8555965
            ],
            [
              2.3075145,
              48.8552965
            ]
          ]
        ]
      }
    },
    {
      "type": "Feature",
      "properties": {
        "color": "#e67e22",
        "height": 25
      },
      "geometry": {
        "type": "Polygon",
        "coordinates": [
          [
            [
              2.3276348,
              48.8309756
            ],
            [
              2.3279348,
              48.8309756
            ],
            [
              2.3279348,
              48.8312756
            ],
            [
              2.3276348,
              48.8312756
            ],
            [
              2.3276348,
              48.8309756
            ]
          ]
        ]
      }
    },
    {
      "type": "Feature",
      "properties": {
        "color": "#e67e22",
        "height": 25
      },
      "geometry": {
        "type": "Polygon",
        "coordinates": [
          [
            [
              2.3269927999999998,
              48.831153
            ],
            [
              2.3272928,
              48.831153
            ],
            [
              2.3272928,
              48.831452999999996
            ],
            [
              2.3269927999999998,
              48.831452999999996
            ],
            [
              2.3269927999999998,
              48.831153
            ]
          ]
        ]
      }
    },
    {
      "type": "Feature",
      "properties": {
        "color": "#2ecc71",
        "height": 20
      },
      "geometry": {
        "type": "Polygon",
        "coordinates": [
          [
            [
              2.3968776,
              48.839894900000004
            ],
            [
              2.3971776,
              48.839894900000004
            ],
            [
              2.3971776,
              48.8401949
            ],
            [
              2.3968776,
              48.8401949
            ],
            [
              2.3968776,
              48.839894900000004
            ]
          ]
        ]
      }
    },
    {
      "type": "Feature",
      "properties": {
        "color": "#2ecc71",
        "height": 20
      },
      "geometry": {
        "type": "Polygon",
        "coordinates": [
          [
            [
              2.392011,
              48.8393043
            ],
            [
              2.3923110000000003,
              48.8393043
            ],
            [
              2.3923110000000003,
              48.8396043
            ],
            [
              2.392011,
              48.8396043
            ],
            [
              2.392011,
              48.8393043
            ]
          ]
        ]
      }
    },
    {
      "type": "Feature",
      "properties": {
        "color": "#2ecc71",
        "height": 20
      },
      "geometry": {
        "type": "Polygon",
        "coordinates": [
          [
            [
              2.3414593999999997,
              48.852122900000005
            ],
            [
              2.3417594,
              48.852122900000005
            ],
            [
              2.3417594,
              48.8524229
            ],
            [
              2.3414593999999997,
              48.8524229
            ],
            [
              2.3414593999999997,
              48.852122900000005
            ]
          ]
        ]
      }
    },
    {
      "type": "Feature",
      "properties": {
        "color": "#e67e22",
        "height": 25
      },
      "geometry": {
        "type": "Polygon",
        "coordinates": [
          [
            [
              2.3758855999999997,
              48.851449200000005
            ],
            [
              2.3761856,
              48.851449200000005
            ],
            [
              2.3761856,
              48.8517492
            ],
            [
              2.3758855999999997,
              48.8517492
            ],
            [
              2.3758855999999997,
              48.851449200000005
            ]
          ]
        ]
      }
    },
    {
      "type": "Feature",
      "properties": {
        "color": "#e67e22",
        "height": 25
      },
      "geometry": {
        "type": "Polygon",
        "coordinates": [
          [
            [
              2.3826207999999998,
              48.8731865
            ],
            [
              2.3829208,
              48.8731865
            ],
            [
              2.3829208,
              48.8734865
            ],
            [
              2.3826207999999998,
              48.8734865
            ],
            [
              2.3826207999999998,
              48.8731865
            ]
          ]
        ]
      }
    },
    {
      "type": "Feature",
      "properties": {
        "color": "#e67e22",
        "height": 25
      },
      "geometry": {
        "type": "Polygon",
        "coordinates": [
          [
            [
              2.3706345,
              48.8603784
            ],
            [
              2.3709345,
              48.8603784
            ],
            [
              2.3709345,
              48.8606784
            ],
            [
              2.3706345,
              48.8606784
            ],
            [
              2.3706345,
              48.8603784
            ]
          ]
        ]
      }
    },
    {
      "type": "Feature",
      "properties": {
        "color": "#e67e22",
        "height": 25
      },
      "geometry": {
        "type": "Polygon",
        "coordinates": [
          [
            [
              2.3703224,
              48.8660541
            ],
            [
              2.3706224000000002,
              48.8660541
            ],
            [
              2.3706224000000002,
              48.866354099999995
            ],
            [
              2.3703224,
              48.866354099999995
            ],
            [
              2.3703224,
              48.8660541
            ]
          ]
        ]
      }
    },
    {
      "type": "Feature",
      "properties": {
        "color": "#2ecc71",
        "height": 20
      },
      "geometry": {
        "type": "Polygon",
        "coordinates": [
          [
            [
              2.3434521,
              48.8600109
            ],
            [
              2.3437521,
              48.8600109
            ],
            [
              2.3437521,
              48.860310899999995
            ],
            [
              2.3434521,
              48.860310899999995
            ],
            [
              2.3434521,
              48.8600109
            ]
          ]
        ]
      }
    },
    {
      "type": "Feature",
      "properties": {
        "color": "#e67e22",
        "height": 25
      },
      "geometry": {
        "type": "Polygon",
        "coordinates": [
          [
            [
              2.3564365,
              48.8752263
            ],
            [
              2.3567365000000002,
              48.8752263
            ],
            [
              2.3567365000000002,
              48.8755263
            ],
            [
              2.3564365,
              48.8755263
            ],
            [
              2.3564365,
              48.8752263
            ]
          ]
        ]
      }
    },
    {
      "type": "Feature",
      "properties": {
        "color": "#e74c3c",
        "height": 40
      },
      "geometry": {
        "type": "Polygon",
        "coordinates": [
          [
            [
              2.3014652,
              48.874839800000004
            ],
            [
              2.3017652,
              48.874839800000004
            ],
            [
              2.3017652,
              48.8751398
            ],
            [
              2.3014652,
              48.8751398
            ],
            [
              2.3014652,
              48.874839800000004
            ]
          ]
        ]
      }
    },
    {
      "type": "Feature",
      "properties": {
        "color": "#e67e22",
        "height": 25
      },
      "geometry": {
        "type": "Polygon",
        "coordinates": [
          [
            [
              2.3901393,
              48.8555869
            ],
            [
              2.3904393,
              48.8555869
            ],
            [
              2.3904393,
              48.855886899999994
            ],
            [
              2.3901393,
              48.855886899999994
            ],
            [
              2.3901393,
              48.8555869
            ]
          ]
        ]
      }
    },
    {
      "type": "Feature",
      "properties": {
        "color": "#e67e22",
        "height": 25
      },
      "geometry": {
        "type": "Polygon",
        "coordinates": [
          [
            [
              2.3448127999999997,
              48.8338258
            ],
            [
              2.3451128,
              48.8338258
            ],
            [
              2.3451128,
              48.834125799999995
            ],
            [
              2.3448127999999997,
              48.834125799999995
            ],
            [
              2.3448127999999997,
              48.8338258
            ]
          ]
        ]
      }
    },
    {
      "type": "Feature",
      "properties": {
        "color": "#e74c3c",
        "height": 40
      },
      "geometry": {
        "type": "Polygon",
        "coordinates": [
          [
            [
              2.3502153999999997,
              48.8724855
            ],
            [
              2.3505154,
              48.8724855
            ],
            [
              2.3505154,
              48.8727855
            ],
            [
              2.3502153999999997,
              48.8727855
            ],
            [
              2.3502153999999997,
              48.8724855
            ]
          ]
        ]
      }
    },
    {
      "type": "Feature",
      "properties": {
        "color": "#e67e22",
        "height": 25
      },
      "geometry": {
        "type": "Polygon",
        "coordinates": [
          [
            [
              2.3439812,
              48.8311921
            ],
            [
              2.3442812,
              48.8311921
            ],
            [
              2.3442812,
              48.8314921
            ],
            [
              2.3439812,
              48.8314921
            ],
            [
              2.3439812,
              48.8311921
            ]
          ]
        ]
      }
    },
    {
      "type": "Feature",
      "properties": {
        "color": "#2ecc71",
        "height": 20
      },
      "geometry": {
        "type": "Polygon",
        "coordinates": [
          [
            [
              2.3528031,
              48.8698259
            ],
            [
              2.3531031000000002,
              48.8698259
            ],
            [
              2.3531031000000002,
              48.8701259
            ],
            [
              2.3528031,
              48.8701259
            ],
            [
              2.3528031,
              48.8698259
            ]
          ]
        ]
      }
    },
    {
      "type": "Feature",
      "properties": {
        "color": "#3498db",
        "height": 30
      },
      "geometry": {
        "type": "Polygon",
        "coordinates": [
          [
            [
              2.3882879999999997,
              48.8399829
            ],
            [
              2.388588,
              48.8399829
            ],
            [
              2.388588,
              48.8402829
            ],
            [
              2.3882879999999997,
              48.8402829
            ],
            [
              2.3882879999999997,
              48.8399829
            ]
          ]
        ]
      }
    },
    {
      "type": "Feature",
      "properties": {
        "color": "#2ecc71",
        "height": 20
      },
      "geometry": {
        "type": "Polygon",
        "coordinates": [
          [
            [
              2.3500478,
              48.8386647
            ],
            [
              2.3503478,
              48.8386647
            ],
            [
              2.3503478,
              48.8389647
            ],
            [
              2.3500478,
              48.8389647
            ],
            [
              2.3500478,
              48.8386647
            ]
          ]
        ]
      }
    },
    {
      "type": "Feature",
      "properties": {
        "color": "#2ecc71",
        "height": 20
      },
      "geometry": {
        "type": "Polygon",
        "coordinates": [
          [
            [
              2.3734452,
              48.862470800000004
            ],
            [
              2.3737452,
              48.862470800000004
            ],
            [
              2.3737452,
              48.8627708
            ],
            [
              2.3734452,
              48.8627708
            ],
            [
              2.3734452,
              48.862470800000004
            ]
          ]
        ]
      }
    },
    {
      "type": "Feature",
      "properties": {
        "color": "#e67e22",
        "height": 25
      },
      "geometry": {
        "type": "Polygon",
        "coordinates": [
          [
            [
              2.3622061999999997,
              48.8694767
            ],
            [
              2.3625062,
              48.8694767
            ],
            [
              2.3625062,
              48.869776699999996
            ],
            [
              2.3622061999999997,
              48.869776699999996
            ],
            [
              2.3622061999999997,
              48.8694767
            ]
          ]
        ]
      }
    },
    {
      "type": "Feature",
      "properties": {
        "color": "#e67e22",
        "height": 25
      },
      "geometry": {
        "type": "Polygon",
        "coordinates": [
          [
            [
              2.3748229,
              48.868532300000005
            ],
            [
              2.3751229,
              48.868532300000005
            ],
            [
              2.3751229,
              48.8688323
            ],
            [
              2.3748229,
              48.8688323
            ],
            [
              2.3748229,
              48.868532300000005
            ]
          ]
        ]
      }
    },
    {
      "type": "Feature",
      "properties": {
        "color": "#2ecc71",
        "height": 20
      },
      "geometry": {
        "type": "Polygon",
        "coordinates": [
          [
            [
              2.3108364999999997,
              48.8695499
            ],
            [
              2.3111365,
              48.8695499
            ],
            [
              2.3111365,
              48.8698499
            ],
            [
              2.3108364999999997,
              48.8698499
            ],
            [
              2.3108364999999997,
              48.8695499
            ]
          ]
        ]
      }
    },
    {
      "type": "Feature",
      "properties": {
        "color": "#e67e22",
        "height": 25
      },
      "geometry": {
        "type": "Polygon",
        "coordinates": [
          [
            [
              2.3613168,
              48.866055100000004
            ],
            [
              2.3616168,
              48.866055100000004
            ],
            [
              2.3616168,
              48.8663551
            ],
            [
              2.3613168,
              48.8663551
            ],
            [
              2.3613168,
              48.866055100000004
            ]
          ]
        ]
      }
    },
    {
      "type": "Feature",
      "properties": {
        "color": "#e67e22",
        "height": 25
      },
      "geometry": {
        "type": "Polygon",
        "coordinates": [
          [
            [
              2.3733687,
              48.864784900000004
            ],
            [
              2.3736687,
              48.864784900000004
            ],
            [
              2.3736687,
              48.8650849
            ],
            [
              2.3733687,
              48.8650849
            ],
            [
              2.3733687,
              48.864784900000004
            ]
          ]
        ]
      }
    },
    {
      "type": "Feature",
      "properties": {
        "color": "#2ecc71",
        "height": 20
      },
      "geometry": {
        "type": "Polygon",
        "coordinates": [
          [
            [
              2.3774058,
              48.8647124
            ],
            [
              2.3777058,
              48.8647124
            ],
            [
              2.3777058,
              48.8650124
            ],
            [
              2.3774058,
              48.8650124
            ],
            [
              2.3774058,
              48.8647124
            ]
          ]
        ]
      }
    },
    {
      "type": "Feature",
      "properties": {
        "color": "#2ecc71",
        "height": 20
      },
      "geometry": {
        "type": "Polygon",
        "coordinates": [
          [
            [
              2.3352531,
              48.873611000000004
            ],
            [
              2.3355531000000003,
              48.873611000000004
            ],
            [
              2.3355531000000003,
              48.873911
            ],
            [
              2.3352531,
              48.873911
            ],
            [
              2.3352531,
              48.873611000000004
            ]
          ]
        ]
      }
    },
    {
      "type": "Feature",
      "properties": {
        "color": "#e67e22",
        "height": 25
      },
      "geometry": {
        "type": "Polygon",
        "coordinates": [
          [
            [
              2.3782506999999997,
              48.8300703
            ],
            [
              2.3785507,
              48.8300703
            ],
            [
              2.3785507,
              48.8303703
            ],
            [
              2.3782506999999997,
              48.8303703
            ],
            [
              2.3782506999999997,
              48.8300703
            ]
          ]
        ]
      }
    },
    {
      "type": "Feature",
      "properties": {
        "color": "#e67e22",
        "height": 25
      },
      "geometry": {
        "type": "Polygon",
        "coordinates": [
          [
            [
              2.3751377,
              48.830230900000004
            ],
            [
              2.3754377,
              48.830230900000004
            ],
            [
              2.3754377,
              48.8305309
            ],
            [
              2.3751377,
              48.8305309
            ],
            [
              2.3751377,
              48.830230900000004
            ]
          ]
        ]
      }
    },
    {
      "type": "Feature",
      "properties": {
        "color": "#e67e22",
        "height": 25
      },
      "geometry": {
        "type": "Polygon",
        "coordinates": [
          [
            [
              2.3052381,
              48.847924
            ],
            [
              2.3055381,
              48.847924
            ],
            [
              2.3055381,
              48.848223999999995
            ],
            [
              2.3052381,
              48.848223999999995
            ],
            [
              2.3052381,
              48.847924
            ]
          ]
        ]
      }
    },
    {
      "type": "Feature",
      "properties": {
        "color": "#e67e22",
        "height": 25
      },
      "geometry": {
        "type": "Polygon",
        "coordinates": [
          [
            [
              2.3514933,
              48.874915900000005
            ],
            [
              2.3517933,
              48.874915900000005
            ],
            [
              2.3517933,
              48.8752159
            ],
            [
              2.3514933,
              48.8752159
            ],
            [
              2.3514933,
              48.874915900000005
            ]
          ]
        ]
      }
    },
    {
      "type": "Feature",
      "properties": {
        "color": "#e67e22",
        "height": 25
      },
      "geometry": {
        "type": "Polygon",
        "coordinates": [
          [
            [
              2.37866,
              48.8481295
            ],
            [
              2.37896,
              48.8481295
            ],
            [
              2.37896,
              48.848429499999995
            ],
            [
              2.37866,
              48.848429499999995
            ],
            [
              2.37866,
              48.8481295
            ]
          ]
        ]
      }
    },
    {
      "type": "Feature",
      "properties": {
        "color": "#e67e22",
        "height": 25
      },
      "geometry": {
        "type": "Polygon",
        "coordinates": [
          [
            [
              2.3785263,
              48.849317500000005
            ],
            [
              2.3788263,
              48.849317500000005
            ],
            [
              2.3788263,
              48.8496175
            ],
            [
              2.3785263,
              48.8496175
            ],
            [
              2.3785263,
              48.849317500000005
            ]
          ]
        ]
      }
    },
    {
      "type": "Feature",
      "properties": {
        "color": "#e67e22",
        "height": 25
      },
      "geometry": {
        "type": "Polygon",
        "coordinates": [
          [
            [
              2.353844,
              48.8780802
            ],
            [
              2.3541440000000002,
              48.8780802
            ],
            [
              2.3541440000000002,
              48.878380199999995
            ],
            [
              2.353844,
              48.878380199999995
            ],
            [
              2.353844,
              48.8780802
            ]
          ]
        ]
      }
    },
    {
      "type": "Feature",
      "properties": {
        "color": "#2ecc71",
        "height": 20
      },
      "geometry": {
        "type": "Polygon",
        "coordinates": [
          [
            [
              2.3535583,
              48.878145100000005
            ],
            [
              2.3538583,
              48.878145100000005
            ],
            [
              2.3538583,
              48.8784451
            ],
            [
              2.3535583,
              48.8784451
            ],
            [
              2.3535583,
              48.878145100000005
            ]
          ]
        ]
      }
    },
    {
      "type": "Feature",
      "properties": {
        "color": "#e67e22",
        "height": 25
      },
      "geometry": {
        "type": "Polygon",
        "coordinates": [
          [
            [
              2.351024,
              48.857573200000004
            ],
            [
              2.351324,
              48.857573200000004
            ],
            [
              2.351324,
              48.8578732
            ],
            [
              2.351024,
              48.8578732
            ],
            [
              2.351024,
              48.857573200000004
            ]
          ]
        ]
      }
    },
    {
      "type": "Feature",
      "properties": {
        "color": "#e67e22",
        "height": 25
      },
      "geometry": {
        "type": "Polygon",
        "coordinates": [
          [
            [
              2.3429012,
              48.861291300000005
            ],
            [
              2.3432012,
              48.861291300000005
            ],
            [
              2.3432012,
              48.8615913
            ],
            [
              2.3429012,
              48.8615913
            ],
            [
              2.3429012,
              48.861291300000005
            ]
          ]
        ]
      }
    },
    {
      "type": "Feature",
      "properties": {
        "color": "#2ecc71",
        "height": 20
      },
      "geometry": {
        "type": "Polygon",
        "coordinates": [
          [
            [
              2.3991715,
              48.870729700000005
            ],
            [
              2.3994715,
              48.870729700000005
            ],
            [
              2.3994715,
              48.8710297
            ],
            [
              2.3991715,
              48.8710297
            ],
            [
              2.3991715,
              48.870729700000005
            ]
          ]
        ]
      }
    },
    {
      "type": "Feature",
      "properties": {
        "color": "#2ecc71",
        "height": 20
      },
      "geometry": {
        "type": "Polygon",
        "coordinates": [
          [
            [
              2.3749387,
              48.8512684
            ],
            [
              2.3752387,
              48.8512684
            ],
            [
              2.3752387,
              48.8515684
            ],
            [
              2.3749387,
              48.8515684
            ],
            [
              2.3749387,
              48.8512684
            ]
          ]
        ]
      }
    },
    {
      "type": "Feature",
      "properties": {
        "color": "#2ecc71",
        "height": 20
      },
      "geometry": {
        "type": "Polygon",
        "coordinates": [
          [
            [
              2.3458462,
              48.8793645
            ],
            [
              2.3461462,
              48.8793645
            ],
            [
              2.3461462,
              48.8796645
            ],
            [
              2.3458462,
              48.8796645
            ],
            [
              2.3458462,
              48.8793645
            ]
          ]
        ]
      }
    },
    {
      "type": "Feature",
      "properties": {
        "color": "#e67e22",
        "height": 25
      },
      "geometry": {
        "type": "Polygon",
        "coordinates": [
          [
            [
              2.3715642999999997,
              48.876233500000005
            ],
            [
              2.3718643,
              48.876233500000005
            ],
            [
              2.3718643,
              48.8765335
            ],
            [
              2.3715642999999997,
              48.8765335
            ],
            [
              2.3715642999999997,
              48.876233500000005
            ]
          ]
        ]
      }
    },
    {
      "type": "Feature",
      "properties": {
        "color": "#e67e22",
        "height": 25
      },
      "geometry": {
        "type": "Polygon",
        "coordinates": [
          [
            [
              2.3056666,
              48.840622800000006
            ],
            [
              2.3059666,
              48.840622800000006
            ],
            [
              2.3059666,
              48.8409228
            ],
            [
              2.3056666,
              48.8409228
            ],
            [
              2.3056666,
              48.840622800000006
            ]
          ]
        ]
      }
    },
    {
      "type": "Feature",
      "properties": {
        "color": "#e74c3c",
        "height": 40
      },
      "geometry": {
        "type": "Polygon",
        "coordinates": [
          [
            [
              2.320553,
              48.8749157
            ],
            [
              2.320853,
              48.8749157
            ],
            [
              2.320853,
              48.8752157
            ],
            [
              2.320553,
              48.8752157
            ],
            [
              2.320553,
              48.8749157
            ]
          ]
        ]
      }
    },
    {
      "type": "Feature",
      "properties": {
        "color": "#2ecc71",
        "height": 20
      },
      "geometry": {
        "type": "Polygon",
        "coordinates": [
          [
            [
              2.3157143,
              48.8753533
            ],
            [
              2.3160143,
              48.8753533
            ],
            [
              2.3160143,
              48.875653299999996
            ],
            [
              2.3157143,
              48.875653299999996
            ],
            [
              2.3157143,
              48.8753533
            ]
          ]
        ]
      }
    },
    {
      "type": "Feature",
      "properties": {
        "color": "#3498db",
        "height": 30
      },
      "geometry": {
        "type": "Polygon",
        "coordinates": [
          [
            [
              2.31828,
              48.8407853
            ],
            [
              2.3185800000000003,
              48.8407853
            ],
            [
              2.3185800000000003,
              48.841085299999996
            ],
            [
              2.31828,
              48.841085299999996
            ],
            [
              2.31828,
              48.8407853
            ]
          ]
        ]
      }
    },
    {
      "type": "Feature",
      "properties": {
        "color": "#e67e22",
        "height": 25
      },
      "geometry": {
        "type": "Polygon",
        "coordinates": [
          [
            [
              2.319125,
              48.8360599
            ],
            [
              2.3194250000000003,
              48.8360599
            ],
            [
              2.3194250000000003,
              48.8363599
            ],
            [
              2.319125,
              48.8363599
            ],
            [
              2.319125,
              48.8360599
            ]
          ]
        ]
      }
    },
    {
      "type": "Feature",
      "properties": {
        "color": "#e67e22",
        "height": 25
      },
      "geometry": {
        "type": "Polygon",
        "coordinates": [
          [
            [
              2.3919319999999997,
              48.871477500000005
            ],
            [
              2.392232,
              48.871477500000005
            ],
            [
              2.392232,
              48.8717775
            ],
            [
              2.3919319999999997,
              48.8717775
            ],
            [
              2.3919319999999997,
              48.871477500000005
            ]
          ]
        ]
      }
    },
    {
      "type": "Feature",
      "properties": {
        "color": "#e67e22",
        "height": 25
      },
      "geometry": {
        "type": "Polygon",
        "coordinates": [
          [
            [
              2.303342,
              48.8328987
            ],
            [
              2.303642,
              48.8328987
            ],
            [
              2.303642,
              48.8331987
            ],
            [
              2.303342,
              48.8331987
            ],
            [
              2.303342,
              48.8328987
            ]
          ]
        ]
      }
    },
    {
      "type": "Feature",
      "properties": {
        "color": "#e67e22",
        "height": 25
      },
      "geometry": {
        "type": "Polygon",
        "coordinates": [
          [
            [
              2.3473278,
              48.868310300000005
            ],
            [
              2.3476278,
              48.868310300000005
            ],
            [
              2.3476278,
              48.8686103
            ],
            [
              2.3473278,
              48.8686103
            ],
            [
              2.3473278,
              48.868310300000005
            ]
          ]
        ]
      }
    },
    {
      "type": "Feature",
      "properties": {
        "color": "#e67e22",
        "height": 25
      },
      "geometry": {
        "type": "Polygon",
        "coordinates": [
          [
            [
              2.3480832,
              48.8759286
            ],
            [
              2.3483832000000002,
              48.8759286
            ],
            [
              2.3483832000000002,
              48.8762286
            ],
            [
              2.3480832,
              48.8762286
            ],
            [
              2.3480832,
              48.8759286
            ]
          ]
        ]
      }
    },
    {
      "type": "Feature",
      "properties": {
        "color": "#e67e22",
        "height": 25
      },
      "geometry": {
        "type": "Polygon",
        "coordinates": [
          [
            [
              2.3570824,
              48.871319
            ],
            [
              2.3573824,
              48.871319
            ],
            [
              2.3573824,
              48.871618999999995
            ],
            [
              2.3570824,
              48.871618999999995
            ],
            [
              2.3570824,
              48.871319
            ]
          ]
        ]
      }
    },
    {
      "type": "Feature",
      "properties": {
        "color": "#2ecc71",
        "height": 20
      },
      "geometry": {
        "type": "Polygon",
        "coordinates": [
          [
            [
              2.3250094999999997,
              48.8684579
            ],
            [
              2.3253095,
              48.8684579
            ],
            [
              2.3253095,
              48.8687579
            ],
            [
              2.3250094999999997,
              48.8687579
            ],
            [
              2.3250094999999997,
              48.8684579
            ]
          ]
        ]
      }
    },
    {
      "type": "Feature",
      "properties": {
        "color": "#e67e22",
        "height": 25
      },
      "geometry": {
        "type": "Polygon",
        "coordinates": [
          [
            [
              2.3932793,
              48.8704391
            ],
            [
              2.3935793000000003,
              48.8704391
            ],
            [
              2.3935793000000003,
              48.870739099999994
            ],
            [
              2.3932793,
              48.870739099999994
            ],
            [
              2.3932793,
              48.8704391
            ]
          ]
        ]
      }
    },
    {
      "type": "Feature",
      "properties": {
        "color": "#e67e22",
        "height": 25
      },
      "geometry": {
        "type": "Polygon",
        "coordinates": [
          [
            [
              2.3997264,
              48.872639400000004
            ],
            [
              2.4000264000000002,
              48.872639400000004
            ],
            [
              2.4000264000000002,
              48.8729394
            ],
            [
              2.3997264,
              48.8729394
            ],
            [
              2.3997264,
              48.872639400000004
            ]
          ]
        ]
      }
    },
    {
      "type": "Feature",
      "properties": {
        "color": "#2ecc71",
        "height": 20
      },
      "geometry": {
        "type": "Polygon",
        "coordinates": [
          [
            [
              2.3217006,
              48.8407816
            ],
            [
              2.3220006,
              48.8407816
            ],
            [
              2.3220006,
              48.841081599999995
            ],
            [
              2.3217006,
              48.841081599999995
            ],
            [
              2.3217006,
              48.8407816
            ]
          ]
        ]
      }
    },
    {
      "type": "Feature",
      "properties": {
        "color": "#e74c3c",
        "height": 40
      },
      "geometry": {
        "type": "Polygon",
        "coordinates": [
          [
            [
              2.3398061,
              48.8353835
            ],
            [
              2.3401061000000003,
              48.8353835
            ],
            [
              2.3401061000000003,
              48.835683499999995
            ],
            [
              2.3398061,
              48.835683499999995
            ],
            [
              2.3398061,
              48.8353835
            ]
          ]
        ]
      }
    },
    {
      "type": "Feature",
      "properties": {
        "color": "#e67e22",
        "height": 25
      },
      "geometry": {
        "type": "Polygon",
        "coordinates": [
          [
            [
              2.3219134,
              48.8755693
            ],
            [
              2.3222134000000003,
              48.8755693
            ],
            [
              2.3222134000000003,
              48.8758693
            ],
            [
              2.3219134,
              48.8758693
            ],
            [
              2.3219134,
              48.8755693
            ]
          ]
        ]
      }
    },
    {
      "type": "Feature",
      "properties": {
        "color": "#e67e22",
        "height": 25
      },
      "geometry": {
        "type": "Polygon",
        "coordinates": [
          [
            [
              2.3349515,
              48.873538100000005
            ],
            [
              2.3352515,
              48.873538100000005
            ],
            [
              2.3352515,
              48.8738381
            ],
            [
              2.3349515,
              48.8738381
            ],
            [
              2.3349515,
              48.873538100000005
            ]
          ]
        ]
      }
    },
    {
      "type": "Feature",
      "properties": {
        "color": "#e67e22",
        "height": 25
      },
      "geometry": {
        "type": "Polygon",
        "coordinates": [
          [
            [
              2.3932588,
              48.8739543
            ],
            [
              2.3935588,
              48.8739543
            ],
            [
              2.3935588,
              48.8742543
            ],
            [
              2.3932588,
              48.8742543
            ],
            [
              2.3932588,
              48.8739543
            ]
          ]
        ]
      }
    },
    {
      "type": "Feature",
      "properties": {
        "color": "#e67e22",
        "height": 25
      },
      "geometry": {
        "type": "Polygon",
        "coordinates": [
          [
            [
              2.3708513,
              48.8702087
            ],
            [
              2.3711513,
              48.8702087
            ],
            [
              2.3711513,
              48.870508699999995
            ],
            [
              2.3708513,
              48.870508699999995
            ],
            [
              2.3708513,
              48.8702087
            ]
          ]
        ]
      }
    },
    {
      "type": "Feature",
      "properties": {
        "color": "#e67e22",
        "height": 25
      },
      "geometry": {
        "type": "Polygon",
        "coordinates": [
          [
            [
              2.3352775,
              48.851774500000005
            ],
            [
              2.3355775000000003,
              48.851774500000005
            ],
            [
              2.3355775000000003,
              48.8520745
            ],
            [
              2.3352775,
              48.8520745
            ],
            [
              2.3352775,
              48.851774500000005
            ]
          ]
        ]
      }
    },
    {
      "type": "Feature",
      "properties": {
        "color": "#e67e22",
        "height": 25
      },
      "geometry": {
        "type": "Polygon",
        "coordinates": [
          [
            [
              2.3795278,
              48.86616
            ],
            [
              2.3798278,
              48.86616
            ],
            [
              2.3798278,
              48.86646
            ],
            [
              2.3795278,
              48.86646
            ],
            [
              2.3795278,
              48.86616
            ]
          ]
        ]
      }
    },
    {
      "type": "Feature",
      "properties": {
        "color": "#3498db",
        "height": 30
      },
      "geometry": {
        "type": "Polygon",
        "coordinates": [
          [
            [
              2.3396379,
              48.873333200000005
            ],
            [
              2.3399379000000002,
              48.873333200000005
            ],
            [
              2.3399379000000002,
              48.8736332
            ],
            [
              2.3396379,
              48.8736332
            ],
            [
              2.3396379,
              48.873333200000005
            ]
          ]
        ]
      }
    },
    {
      "type": "Feature",
      "properties": {
        "color": "#e67e22",
        "height": 25
      },
      "geometry": {
        "type": "Polygon",
        "coordinates": [
          [
            [
              2.3620525999999997,
              48.8627635
            ],
            [
              2.3623526,
              48.8627635
            ],
            [
              2.3623526,
              48.863063499999996
            ],
            [
              2.3620525999999997,
              48.863063499999996
            ],
            [
              2.3620525999999997,
              48.8627635
            ]
          ]
        ]
      }
    },
    {
      "type": "Feature",
      "properties": {
        "color": "#e67e22",
        "height": 25
      },
      "geometry": {
        "type": "Polygon",
        "coordinates": [
          [
            [
              2.3498902,
              48.8355562
            ],
            [
              2.3501902,
              48.8355562
            ],
            [
              2.3501902,
              48.835856199999995
            ],
            [
              2.3498902,
              48.835856199999995
            ],
            [
              2.3498902,
              48.8355562
            ]
          ]
        ]
      }
    },
    {
      "type": "Feature",
      "properties": {
        "color": "#2ecc71",
        "height": 20
      },
      "geometry": {
        "type": "Polygon",
        "coordinates": [
          [
            [
              2.3567559,
              48.8763372
            ],
            [
              2.3570559,
              48.8763372
            ],
            [
              2.3570559,
              48.8766372
            ],
            [
              2.3567559,
              48.8766372
            ],
            [
              2.3567559,
              48.8763372
            ]
          ]
        ]
      }
    },
    {
      "type": "Feature",
      "properties": {
        "color": "#e67e22",
        "height": 25
      },
      "geometry": {
        "type": "Polygon",
        "coordinates": [
          [
            [
              2.346889,
              48.878664900000004
            ],
            [
              2.347189,
              48.878664900000004
            ],
            [
              2.347189,
              48.8789649
            ],
            [
              2.346889,
              48.8789649
            ],
            [
              2.346889,
              48.878664900000004
            ]
          ]
        ]
      }
    },
    {
      "type": "Feature",
      "properties": {
        "color": "#e67e22",
        "height": 25
      },
      "geometry": {
        "type": "Polygon",
        "coordinates": [
          [
            [
              2.3294623,
              48.843052400000005
            ],
            [
              2.3297623,
              48.843052400000005
            ],
            [
              2.3297623,
              48.8433524
            ],
            [
              2.3294623,
              48.8433524
            ],
            [
              2.3294623,
              48.843052400000005
            ]
          ]
        ]
      }
    },
    {
      "type": "Feature",
      "properties": {
        "color": "#e74c3c",
        "height": 40
      },
      "geometry": {
        "type": "Polygon",
        "coordinates": [
          [
            [
              2.3902848,
              48.857495300000004
            ],
            [
              2.3905848,
              48.857495300000004
            ],
            [
              2.3905848,
              48.8577953
            ],
            [
              2.3902848,
              48.8577953
            ],
            [
              2.3902848,
              48.857495300000004
            ]
          ]
        ]
      }
    },
    {
      "type": "Feature",
      "properties": {
        "color": "#2ecc71",
        "height": 20
      },
      "geometry": {
        "type": "Polygon",
        "coordinates": [
          [
            [
              2.3601318,
              48.871113300000005
            ],
            [
              2.3604318,
              48.871113300000005
            ],
            [
              2.3604318,
              48.8714133
            ],
            [
              2.3601318,
              48.8714133
            ],
            [
              2.3601318,
              48.871113300000005
            ]
          ]
        ]
      }
    },
    {
      "type": "Feature",
      "properties": {
        "color": "#2ecc71",
        "height": 20
      },
      "geometry": {
        "type": "Polygon",
        "coordinates": [
          [
            [
              2.3448245,
              48.8673596
            ],
            [
              2.3451245000000003,
              48.8673596
            ],
            [
              2.3451245000000003,
              48.867659599999996
            ],
            [
              2.3448245,
              48.867659599999996
            ],
            [
              2.3448245,
              48.8673596
            ]
          ]
        ]
      }
    },
    {
      "type": "Feature",
      "properties": {
        "color": "#e67e22",
        "height": 25
      },
      "geometry": {
        "type": "Polygon",
        "coordinates": [
          [
            [
              2.3502332999999997,
              48.836537
            ],
            [
              2.3505333,
              48.836537
            ],
            [
              2.3505333,
              48.836836999999996
            ],
            [
              2.3502332999999997,
              48.836836999999996
            ],
            [
              2.3502332999999997,
              48.836537
            ]
          ]
        ]
      }
    },
    {
      "type": "Feature",
      "properties": {
        "color": "#e67e22",
        "height": 25
      },
      "geometry": {
        "type": "Polygon",
        "coordinates": [
          [
            [
              2.3708005,
              48.8483497
            ],
            [
              2.3711005000000003,
              48.8483497
            ],
            [
              2.3711005000000003,
              48.848649699999996
            ],
            [
              2.3708005,
              48.848649699999996
            ],
            [
              2.3708005,
              48.8483497
            ]
          ]
        ]
      }
    },
    {
      "type": "Feature",
      "properties": {
        "color": "#e67e22",
        "height": 25
      },
      "geometry": {
        "type": "Polygon",
        "coordinates": [
          [
            [
              2.375766,
              48.8636222
            ],
            [
              2.3760660000000002,
              48.8636222
            ],
            [
              2.3760660000000002,
              48.8639222
            ],
            [
              2.375766,
              48.8639222
            ],
            [
              2.375766,
              48.8636222
            ]
          ]
        ]
      }
    },
    {
      "type": "Feature",
      "properties": {
        "color": "#e67e22",
        "height": 25
      },
      "geometry": {
        "type": "Polygon",
        "coordinates": [
          [
            [
              2.3390926999999997,
              48.8534487
            ],
            [
              2.3393927,
              48.8534487
            ],
            [
              2.3393927,
              48.8537487
            ],
            [
              2.3390926999999997,
              48.8537487
            ],
            [
              2.3390926999999997,
              48.8534487
            ]
          ]
        ]
      }
    },
    {
      "type": "Feature",
      "properties": {
        "color": "#2ecc71",
        "height": 20
      },
      "geometry": {
        "type": "Polygon",
        "coordinates": [
          [
            [
              2.3617421,
              48.866361500000004
            ],
            [
              2.3620421,
              48.866361500000004
            ],
            [
              2.3620421,
              48.8666615
            ],
            [
              2.3617421,
              48.8666615
            ],
            [
              2.3617421,
              48.866361500000004
            ]
          ]
        ]
      }
    },
    {
      "type": "Feature",
      "properties": {
        "color": "#e67e22",
        "height": 25
      },
      "geometry": {
        "type": "Polygon",
        "coordinates": [
          [
            [
              2.3785089,
              48.8558906
            ],
            [
              2.3788089,
              48.8558906
            ],
            [
              2.3788089,
              48.8561906
            ],
            [
              2.3785089,
              48.8561906
            ],
            [
              2.3785089,
              48.8558906
            ]
          ]
        ]
      }
    },
    {
      "type": "Feature",
      "properties": {
        "color": "#e74c3c",
        "height": 40
      },
      "geometry": {
        "type": "Polygon",
        "coordinates": [
          [
            [
              2.3752968,
              48.851413900000004
            ],
            [
              2.3755968000000003,
              48.851413900000004
            ],
            [
              2.3755968000000003,
              48.8517139
            ],
            [
              2.3752968,
              48.8517139
            ],
            [
              2.3752968,
              48.851413900000004
            ]
          ]
        ]
      }
    },
    {
      "type": "Feature",
      "properties": {
        "color": "#3498db",
        "height": 30
      },
      "geometry": {
        "type": "Polygon",
        "coordinates": [
          [
            [
              2.3620913999999997,
              48.841251
            ],
            [
              2.3623914,
              48.841251
            ],
            [
              2.3623914,
              48.841550999999995
            ],
            [
              2.3620913999999997,
              48.841550999999995
            ],
            [
              2.3620913999999997,
              48.841251
            ]
          ]
        ]
      }
    },
    {
      "type": "Feature",
      "properties": {
        "color": "#2ecc71",
        "height": 20
      },
      "geometry": {
        "type": "Polygon",
        "coordinates": [
          [
            [
              2.3573895,
              48.8794273
            ],
            [
              2.3576895,
              48.8794273
            ],
            [
              2.3576895,
              48.8797273
            ],
            [
              2.3573895,
              48.8797273
            ],
            [
              2.3573895,
              48.8794273
            ]
          ]
        ]
      }
    },
    {
      "type": "Feature",
      "properties": {
        "color": "#e67e22",
        "height": 25
      },
      "geometry": {
        "type": "Polygon",
        "coordinates": [
          [
            [
              2.3074741999999997,
              48.8337449
            ],
            [
              2.3077742,
              48.8337449
            ],
            [
              2.3077742,
              48.834044899999995
            ],
            [
              2.3074741999999997,
              48.834044899999995
            ],
            [
              2.3074741999999997,
              48.8337449
            ]
          ]
        ]
      }
    },
    {
      "type": "Feature",
      "properties": {
        "color": "#e67e22",
        "height": 25
      },
      "geometry": {
        "type": "Polygon",
        "coordinates": [
          [
            [
              2.3846523,
              48.8661119
            ],
            [
              2.3849523,
              48.8661119
            ],
            [
              2.3849523,
              48.866411899999996
            ],
            [
              2.3846523,
              48.866411899999996
            ],
            [
              2.3846523,
              48.8661119
            ]
          ]
        ]
      }
    },
    {
      "type": "Feature",
      "properties": {
        "color": "#e67e22",
        "height": 25
      },
      "geometry": {
        "type": "Polygon",
        "coordinates": [
          [
            [
              2.3231325,
              48.849854
            ],
            [
              2.3234325,
              48.849854
            ],
            [
              2.3234325,
              48.850153999999996
            ],
            [
              2.3231325,
              48.850153999999996
            ],
            [
              2.3231325,
              48.849854
            ]
          ]
        ]
      }
    },
    {
      "type": "Feature",
      "properties": {
        "color": "#e67e22",
        "height": 25
      },
      "geometry": {
        "type": "Polygon",
        "coordinates": [
          [
            [
              2.387015,
              48.8410218
            ],
            [
              2.387315,
              48.8410218
            ],
            [
              2.387315,
              48.841321799999996
            ],
            [
              2.387015,
              48.841321799999996
            ],
            [
              2.387015,
              48.8410218
            ]
          ]
        ]
      }
    },
    {
      "type": "Feature",
      "properties": {
        "color": "#e67e22",
        "height": 25
      },
      "geometry": {
        "type": "Polygon",
        "coordinates": [
          [
            [
              2.3626921,
              48.871290900000005
            ],
            [
              2.3629921,
              48.871290900000005
            ],
            [
              2.3629921,
              48.8715909
            ],
            [
              2.3626921,
              48.8715909
            ],
            [
              2.3626921,
              48.871290900000005
            ]
          ]
        ]
      }
    },
    {
      "type": "Feature",
      "properties": {
        "color": "#e67e22",
        "height": 25
      },
      "geometry": {
        "type": "Polygon",
        "coordinates": [
          [
            [
              2.3639758,
              48.8538498
            ],
            [
              2.3642758,
              48.8538498
            ],
            [
              2.3642758,
              48.854149799999995
            ],
            [
              2.3639758,
              48.854149799999995
            ],
            [
              2.3639758,
              48.8538498
            ]
          ]
        ]
      }
    },
    {
      "type": "Feature",
      "properties": {
        "color": "#e67e22",
        "height": 25
      },
      "geometry": {
        "type": "Polygon",
        "coordinates": [
          [
            [
              2.3975692,
              48.852619000000004
            ],
            [
              2.3978692,
              48.852619000000004
            ],
            [
              2.3978692,
              48.852919
            ],
            [
              2.3975692,
              48.852919
            ],
            [
              2.3975692,
              48.852619000000004
            ]
          ]
        ]
      }
    },
    {
      "type": "Feature",
      "properties": {
        "color": "#e67e22",
        "height": 25
      },
      "geometry": {
        "type": "Polygon",
        "coordinates": [
          [
            [
              2.3615616999999998,
              48.8711621
            ],
            [
              2.3618617,
              48.8711621
            ],
            [
              2.3618617,
              48.871462099999995
            ],
            [
              2.3615616999999998,
              48.871462099999995
            ],
            [
              2.3615616999999998,
              48.8711621
            ]
          ]
        ]
      }
    },
    {
      "type": "Feature",
      "properties": {
        "color": "#e67e22",
        "height": 25
      },
      "geometry": {
        "type": "Polygon",
        "coordinates": [
          [
            [
              2.3936254,
              48.8754104
            ],
            [
              2.3939254,
              48.8754104
            ],
            [
              2.3939254,
              48.875710399999996
            ],
            [
              2.3936254,
              48.875710399999996
            ],
            [
              2.3936254,
              48.8754104
            ]
          ]
        ]
      }
    },
    {
      "type": "Feature",
      "properties": {
        "color": "#2ecc71",
        "height": 20
      },
      "geometry": {
        "type": "Polygon",
        "coordinates": [
          [
            [
              2.3997364,
              48.8483035
            ],
            [
              2.4000364000000003,
              48.8483035
            ],
            [
              2.4000364000000003,
              48.848603499999996
            ],
            [
              2.3997364,
              48.848603499999996
            ],
            [
              2.3997364,
              48.8483035
            ]
          ]
        ]
      }
    },
    {
      "type": "Feature",
      "properties": {
        "color": "#e67e22",
        "height": 25
      },
      "geometry": {
        "type": "Polygon",
        "coordinates": [
          [
            [
              2.3380052,
              48.8544193
            ],
            [
              2.3383052,
              48.8544193
            ],
            [
              2.3383052,
              48.8547193
            ],
            [
              2.3380052,
              48.8547193
            ],
            [
              2.3380052,
              48.8544193
            ]
          ]
        ]
      }
    },
    {
      "type": "Feature",
      "properties": {
        "color": "#e67e22",
        "height": 25
      },
      "geometry": {
        "type": "Polygon",
        "coordinates": [
          [
            [
              2.3211629,
              48.874205100000005
            ],
            [
              2.3214629,
              48.874205100000005
            ],
            [
              2.3214629,
              48.8745051
            ],
            [
              2.3211629,
              48.8745051
            ],
            [
              2.3211629,
              48.874205100000005
            ]
          ]
        ]
      }
    },
    {
      "type": "Feature",
      "properties": {
        "color": "#e67e22",
        "height": 25
      },
      "geometry": {
        "type": "Polygon",
        "coordinates": [
          [
            [
              2.3784748,
              48.8722739
            ],
            [
              2.3787748,
              48.8722739
            ],
            [
              2.3787748,
              48.8725739
            ],
            [
              2.3784748,
              48.8725739
            ],
            [
              2.3784748,
              48.8722739
            ]
          ]
        ]
      }
    },
    {
      "type": "Feature",
      "properties": {
        "color": "#e67e22",
        "height": 25
      },
      "geometry": {
        "type": "Polygon",
        "coordinates": [
          [
            [
              2.3810534999999997,
              48.870892600000005
            ],
            [
              2.3813535,
              48.870892600000005
            ],
            [
              2.3813535,
              48.8711926
            ],
            [
              2.3810534999999997,
              48.8711926
            ],
            [
              2.3810534999999997,
              48.870892600000005
            ]
          ]
        ]
      }
    },
    {
      "type": "Feature",
      "properties": {
        "color": "#e67e22",
        "height": 25
      },
      "geometry": {
        "type": "Polygon",
        "coordinates": [
          [
            [
              2.3249877,
              48.8552236
            ],
            [
              2.3252877,
              48.8552236
            ],
            [
              2.3252877,
              48.8555236
            ],
            [
              2.3249877,
              48.8555236
            ],
            [
              2.3249877,
              48.8552236
            ]
          ]
        ]
      }
    },
    {
      "type": "Feature",
      "properties": {
        "color": "#2ecc71",
        "height": 20
      },
      "geometry": {
        "type": "Polygon",
        "coordinates": [
          [
            [
              2.3240532,
              48.8732709
            ],
            [
              2.3243532,
              48.8732709
            ],
            [
              2.3243532,
              48.8735709
            ],
            [
              2.3240532,
              48.8735709
            ],
            [
              2.3240532,
              48.8732709
            ]
          ]
        ]
      }
    },
    {
      "type": "Feature",
      "properties": {
        "color": "#e67e22",
        "height": 25
      },
      "geometry": {
        "type": "Polygon",
        "coordinates": [
          [
            [
              2.3764472,
              48.851536
            ],
            [
              2.3767472,
              48.851536
            ],
            [
              2.3767472,
              48.851836
            ],
            [
              2.3764472,
              48.851836
            ],
            [
              2.3764472,
              48.851536
            ]
          ]
        ]
      }
    },
    {
      "type": "Feature",
      "properties": {
        "color": "#e67e22",
        "height": 25
      },
      "geometry": {
        "type": "Polygon",
        "coordinates": [
          [
            [
              2.3963205,
              48.8531574
            ],
            [
              2.3966205,
              48.8531574
            ],
            [
              2.3966205,
              48.853457399999996
            ],
            [
              2.3963205,
              48.853457399999996
            ],
            [
              2.3963205,
              48.8531574
            ]
          ]
        ]
      }
    },
    {
      "type": "Feature",
      "properties": {
        "color": "#e74c3c",
        "height": 40
      },
      "geometry": {
        "type": "Polygon",
        "coordinates": [
          [
            [
              2.3995205,
              48.8716517
            ],
            [
              2.3998205,
              48.8716517
            ],
            [
              2.3998205,
              48.8719517
            ],
            [
              2.3995205,
              48.8719517
            ],
            [
              2.3995205,
              48.8716517
            ]
          ]
        ]
      }
    },
    {
      "type": "Feature",
      "properties": {
        "color": "#e67e22",
        "height": 25
      },
      "geometry": {
        "type": "Polygon",
        "coordinates": [
          [
            [
              2.3005652999999997,
              48.8771062
            ],
            [
              2.3008653,
              48.8771062
            ],
            [
              2.3008653,
              48.877406199999996
            ],
            [
              2.3005652999999997,
              48.877406199999996
            ],
            [
              2.3005652999999997,
              48.8771062
            ]
          ]
        ]
      }
    },
    {
      "type": "Feature",
      "properties": {
        "color": "#e67e22",
        "height": 25
      },
      "geometry": {
        "type": "Polygon",
        "coordinates": [
          [
            [
              2.3172277,
              48.8567458
            ],
            [
              2.3175277000000003,
              48.8567458
            ],
            [
              2.3175277000000003,
              48.857045799999995
            ],
            [
              2.3172277,
              48.857045799999995
            ],
            [
              2.3172277,
              48.8567458
            ]
          ]
        ]
      }
    },
    {
      "type": "Feature",
      "properties": {
        "color": "#e67e22",
        "height": 25
      },
      "geometry": {
        "type": "Polygon",
        "coordinates": [
          [
            [
              2.3726100999999997,
              48.8534585
            ],
            [
              2.3729101,
              48.8534585
            ],
            [
              2.3729101,
              48.8537585
            ],
            [
              2.3726100999999997,
              48.8537585
            ],
            [
              2.3726100999999997,
              48.8534585
            ]
          ]
        ]
      }
    },
    {
      "type": "Feature",
      "properties": {
        "color": "#3498db",
        "height": 30
      },
      "geometry": {
        "type": "Polygon",
        "coordinates": [
          [
            [
              2.3932812,
              48.8762332
            ],
            [
              2.3935812000000003,
              48.8762332
            ],
            [
              2.3935812000000003,
              48.8765332
            ],
            [
              2.3932812,
              48.8765332
            ],
            [
              2.3932812,
              48.8762332
            ]
          ]
        ]
      }
    },
    {
      "type": "Feature",
      "properties": {
        "color": "#e67e22",
        "height": 25
      },
      "geometry": {
        "type": "Polygon",
        "coordinates": [
          [
            [
              2.3976205,
              48.856715900000005
            ],
            [
              2.3979205,
              48.856715900000005
            ],
            [
              2.3979205,
              48.8570159
            ],
            [
              2.3976205,
              48.8570159
            ],
            [
              2.3976205,
              48.856715900000005
            ]
          ]
        ]
      }
    },
    {
      "type": "Feature",
      "properties": {
        "color": "#e67e22",
        "height": 25
      },
      "geometry": {
        "type": "Polygon",
        "coordinates": [
          [
            [
              2.3819,
              48.8683591
            ],
            [
              2.3822,
              48.8683591
            ],
            [
              2.3822,
              48.868659099999995
            ],
            [
              2.3819,
              48.868659099999995
            ],
            [
              2.3819,
              48.8683591
            ]
          ]
        ]
      }
    },
    {
      "type": "Feature",
      "properties": {
        "color": "#e67e22",
        "height": 25
      },
      "geometry": {
        "type": "Polygon",
        "coordinates": [
          [
            [
              2.3277562,
              48.8316613
            ],
            [
              2.3280562000000002,
              48.8316613
            ],
            [
              2.3280562000000002,
              48.831961299999996
            ],
            [
              2.3277562,
              48.831961299999996
            ],
            [
              2.3277562,
              48.8316613
            ]
          ]
        ]
      }
    },
    {
      "type": "Feature",
      "properties": {
        "color": "#e67e22",
        "height": 25
      },
      "geometry": {
        "type": "Polygon",
        "coordinates": [
          [
            [
              2.3543179999999997,
              48.858407500000006
            ],
            [
              2.354618,
              48.858407500000006
            ],
            [
              2.354618,
              48.8587075
            ],
            [
              2.3543179999999997,
              48.8587075
            ],
            [
              2.3543179999999997,
              48.858407500000006
            ]
          ]
        ]
      }
    },
    {
      "type": "Feature",
      "properties": {
        "color": "#e67e22",
        "height": 25
      },
      "geometry": {
        "type": "Polygon",
        "coordinates": [
          [
            [
              2.3991909,
              48.8503872
            ],
            [
              2.3994909,
              48.8503872
            ],
            [
              2.3994909,
              48.850687199999996
            ],
            [
              2.3991909,
              48.850687199999996
            ],
            [
              2.3991909,
              48.8503872
            ]
          ]
        ]
      }
    },
    {
      "type": "Feature",
      "properties": {
        "color": "#e67e22",
        "height": 25
      },
      "geometry": {
        "type": "Polygon",
        "coordinates": [
          [
            [
              2.3795333,
              48.8581972
            ],
            [
              2.3798333,
              48.8581972
            ],
            [
              2.3798333,
              48.858497199999995
            ],
            [
              2.3795333,
              48.858497199999995
            ],
            [
              2.3795333,
              48.8581972
            ]
          ]
        ]
      }
    },
    {
      "type": "Feature",
      "properties": {
        "color": "#e67e22",
        "height": 25
      },
      "geometry": {
        "type": "Polygon",
        "coordinates": [
          [
            [
              2.3709881,
              48.858526000000005
            ],
            [
              2.3712881,
              48.858526000000005
            ],
            [
              2.3712881,
              48.858826
            ],
            [
              2.3709881,
              48.858826
            ],
            [
              2.3709881,
              48.858526000000005
            ]
          ]
        ]
      }
    },
    {
      "type": "Feature",
      "properties": {
        "color": "#e67e22",
        "height": 25
      },
      "geometry": {
        "type": "Polygon",
        "coordinates": [
          [
            [
              2.3320459,
              48.8773576
            ],
            [
              2.3323459,
              48.8773576
            ],
            [
              2.3323459,
              48.8776576
            ],
            [
              2.3320459,
              48.8776576
            ],
            [
              2.3320459,
              48.8773576
            ]
          ]
        ]
      }
    },
    {
      "type": "Feature",
      "properties": {
        "color": "#e67e22",
        "height": 25
      },
      "geometry": {
        "type": "Polygon",
        "coordinates": [
          [
            [
              2.3848773999999997,
              48.8672856
            ],
            [
              2.3851774,
              48.8672856
            ],
            [
              2.3851774,
              48.8675856
            ],
            [
              2.3848773999999997,
              48.8675856
            ],
            [
              2.3848773999999997,
              48.8672856
            ]
          ]
        ]
      }
    },
    {
      "type": "Feature",
      "properties": {
        "color": "#2ecc71",
        "height": 20
      },
      "geometry": {
        "type": "Polygon",
        "coordinates": [
          [
            [
              2.3148122,
              48.8334125
            ],
            [
              2.3151122,
              48.8334125
            ],
            [
              2.3151122,
              48.8337125
            ],
            [
              2.3148122,
              48.8337125
            ],
            [
              2.3148122,
              48.8334125
            ]
          ]
        ]
      }
    },
    {
      "type": "Feature",
      "properties": {
        "color": "#e67e22",
        "height": 25
      },
      "geometry": {
        "type": "Polygon",
        "coordinates": [
          [
            [
              2.3143323,
              48.8335512
            ],
            [
              2.3146323,
              48.8335512
            ],
            [
              2.3146323,
              48.8338512
            ],
            [
              2.3143323,
              48.8338512
            ],
            [
              2.3143323,
              48.8335512
            ]
          ]
        ]
      }
    },
    {
      "type": "Feature",
      "properties": {
        "color": "#e67e22",
        "height": 25
      },
      "geometry": {
        "type": "Polygon",
        "coordinates": [
          [
            [
              2.3790096,
              48.865831
            ],
            [
              2.3793096,
              48.865831
            ],
            [
              2.3793096,
              48.866130999999996
            ],
            [
              2.3790096,
              48.866130999999996
            ],
            [
              2.3790096,
              48.865831
            ]
          ]
        ]
      }
    },
    {
      "type": "Feature",
      "properties": {
        "color": "#e67e22",
        "height": 25
      },
      "geometry": {
        "type": "Polygon",
        "coordinates": [
          [
            [
              2.3874854,
              48.8460168
            ],
            [
              2.3877854000000003,
              48.8460168
            ],
            [
              2.3877854000000003,
              48.8463168
            ],
            [
              2.3874854,
              48.8463168
            ],
            [
              2.3874854,
              48.8460168
            ]
          ]
        ]
      }
    },
    {
      "type": "Feature",
      "properties": {
        "color": "#e74c3c",
        "height": 40
      },
      "geometry": {
        "type": "Polygon",
        "coordinates": [
          [
            [
              2.3538281,
              48.8435925
            ],
            [
              2.3541281,
              48.8435925
            ],
            [
              2.3541281,
              48.843892499999995
            ],
            [
              2.3538281,
              48.843892499999995
            ],
            [
              2.3538281,
              48.8435925
            ]
          ]
        ]
      }
    },
    {
      "type": "Feature",
      "properties": {
        "color": "#e74c3c",
        "height": 40
      },
      "geometry": {
        "type": "Polygon",
        "coordinates": [
          [
            [
              2.3531692,
              48.8434522
            ],
            [
              2.3534692,
              48.8434522
            ],
            [
              2.3534692,
              48.8437522
            ],
            [
              2.3531692,
              48.8437522
            ],
            [
              2.3531692,
              48.8434522
            ]
          ]
        ]
      }
    },
    {
      "type": "Feature",
      "properties": {
        "color": "#e67e22",
        "height": 25
      },
      "geometry": {
        "type": "Polygon",
        "coordinates": [
          [
            [
              2.3390665,
              48.8404395
            ],
            [
              2.3393665,
              48.8404395
            ],
            [
              2.3393665,
              48.8407395
            ],
            [
              2.3390665,
              48.8407395
            ],
            [
              2.3390665,
              48.8404395
            ]
          ]
        ]
      }
    },
    {
      "type": "Feature",
      "properties": {
        "color": "#e67e22",
        "height": 25
      },
      "geometry": {
        "type": "Polygon",
        "coordinates": [
          [
            [
              2.3945664,
              48.8764064
            ],
            [
              2.3948664,
              48.8764064
            ],
            [
              2.3948664,
              48.876706399999996
            ],
            [
              2.3945664,
              48.876706399999996
            ],
            [
              2.3945664,
              48.8764064
            ]
          ]
        ]
      }
    },
    {
      "type": "Feature",
      "properties": {
        "color": "#e67e22",
        "height": 25
      },
      "geometry": {
        "type": "Polygon",
        "coordinates": [
          [
            [
              2.3968399,
              48.8649245
            ],
            [
              2.3971399,
              48.8649245
            ],
            [
              2.3971399,
              48.8652245
            ],
            [
              2.3968399,
              48.8652245
            ],
            [
              2.3968399,
              48.8649245
            ]
          ]
        ]
      }
    },
    {
      "type": "Feature",
      "properties": {
        "color": "#e67e22",
        "height": 25
      },
      "geometry": {
        "type": "Polygon",
        "coordinates": [
          [
            [
              2.3507058,
              48.8477061
            ],
            [
              2.3510058000000003,
              48.8477061
            ],
            [
              2.3510058000000003,
              48.8480061
            ],
            [
              2.3507058,
              48.8480061
            ],
            [
              2.3507058,
              48.8477061
            ]
          ]
        ]
      }
    },
    {
      "type": "Feature",
      "properties": {
        "color": "#e74c3c",
        "height": 40
      },
      "geometry": {
        "type": "Polygon",
        "coordinates": [
          [
            [
              2.3559162,
              48.8694389
            ],
            [
              2.3562162,
              48.8694389
            ],
            [
              2.3562162,
              48.869738899999994
            ],
            [
              2.3559162,
              48.869738899999994
            ],
            [
              2.3559162,
              48.8694389
            ]
          ]
        ]
      }
    },
    {
      "type": "Feature",
      "properties": {
        "color": "#e67e22",
        "height": 25
      },
      "geometry": {
        "type": "Polygon",
        "coordinates": [
          [
            [
              2.3927739999999997,
              48.852594700000004
            ],
            [
              2.393074,
              48.852594700000004
            ],
            [
              2.393074,
              48.8528947
            ],
            [
              2.3927739999999997,
              48.8528947
            ],
            [
              2.3927739999999997,
              48.852594700000004
            ]
          ]
        ]
      }
    },
    {
      "type": "Feature",
      "properties": {
        "color": "#e67e22",
        "height": 25
      },
      "geometry": {
        "type": "Polygon",
        "coordinates": [
          [
            [
              2.37391,
              48.8654044
            ],
            [
              2.37421,
              48.8654044
            ],
            [
              2.37421,
              48.8657044
            ],
            [
              2.37391,
              48.8657044
            ],
            [
              2.37391,
              48.8654044
            ]
          ]
        ]
      }
    },
    {
      "type": "Feature",
      "properties": {
        "color": "#2ecc71",
        "height": 20
      },
      "geometry": {
        "type": "Polygon",
        "coordinates": [
          [
            [
              2.3720871999999997,
              48.843698700000004
            ],
            [
              2.3723872,
              48.843698700000004
            ],
            [
              2.3723872,
              48.8439987
            ],
            [
              2.3720871999999997,
              48.8439987
            ],
            [
              2.3720871999999997,
              48.843698700000004
            ]
          ]
        ]
      }
    },
    {
      "type": "Feature",
      "properties": {
        "color": "#e74c3c",
        "height": 40
      },
      "geometry": {
        "type": "Polygon",
        "coordinates": [
          [
            [
              2.3978805,
              48.8415139
            ],
            [
              2.3981805,
              48.8415139
            ],
            [
              2.3981805,
              48.8418139
            ],
            [
              2.3978805,
              48.8418139
            ],
            [
              2.3978805,
              48.8415139
            ]
          ]
        ]
      }
    },
    {
      "type": "Feature",
      "properties": {
        "color": "#e67e22",
        "height": 25
      },
      "geometry": {
        "type": "Polygon",
        "coordinates": [
          [
            [
              2.3799639999999997,
              48.8572846
            ],
            [
              2.380264,
              48.8572846
            ],
            [
              2.380264,
              48.857584599999996
            ],
            [
              2.3799639999999997,
              48.857584599999996
            ],
            [
              2.3799639999999997,
              48.8572846
            ]
          ]
        ]
      }
    },
    {
      "type": "Feature",
      "properties": {
        "color": "#e74c3c",
        "height": 40
      },
      "geometry": {
        "type": "Polygon",
        "coordinates": [
          [
            [
              2.3572314999999997,
              48.864649400000005
            ],
            [
              2.3575315,
              48.864649400000005
            ],
            [
              2.3575315,
              48.8649494
            ],
            [
              2.3572314999999997,
              48.8649494
            ],
            [
              2.3572314999999997,
              48.864649400000005
            ]
          ]
        ]
      }
    },
    {
      "type": "Feature",
      "properties": {
        "color": "#e67e22",
        "height": 25
      },
      "geometry": {
        "type": "Polygon",
        "coordinates": [
          [
            [
              2.3842867,
              48.8617624
            ],
            [
              2.3845867000000003,
              48.8617624
            ],
            [
              2.3845867000000003,
              48.8620624
            ],
            [
              2.3842867,
              48.8620624
            ],
            [
              2.3842867,
              48.8617624
            ]
          ]
        ]
      }
    },
    {
      "type": "Feature",
      "properties": {
        "color": "#2ecc71",
        "height": 20
      },
      "geometry": {
        "type": "Polygon",
        "coordinates": [
          [
            [
              2.3749216,
              48.831774100000004
            ],
            [
              2.3752216,
              48.831774100000004
            ],
            [
              2.3752216,
              48.8320741
            ],
            [
              2.3749216,
              48.8320741
            ],
            [
              2.3749216,
              48.831774100000004
            ]
          ]
        ]
      }
    },
    {
      "type": "Feature",
      "properties": {
        "color": "#e74c3c",
        "height": 40
      },
      "geometry": {
        "type": "Polygon",
        "coordinates": [
          [
            [
              2.3525165,
              48.864668800000004
            ],
            [
              2.3528165000000003,
              48.864668800000004
            ],
            [
              2.3528165000000003,
              48.8649688
            ],
            [
              2.3525165,
              48.8649688
            ],
            [
              2.3525165,
              48.864668800000004
            ]
          ]
        ]
      }
    },
    {
      "type": "Feature",
      "properties": {
        "color": "#2ecc71",
        "height": 20
      },
      "geometry": {
        "type": "Polygon",
        "coordinates": [
          [
            [
              2.3579133,
              48.8556499
            ],
            [
              2.3582133,
              48.8556499
            ],
            [
              2.3582133,
              48.8559499
            ],
            [
              2.3579133,
              48.8559499
            ],
            [
              2.3579133,
              48.8556499
            ]
          ]
        ]
      }
    },
    {
      "type": "Feature",
      "properties": {
        "color": "#e74c3c",
        "height": 40
      },
      "geometry": {
        "type": "Polygon",
        "coordinates": [
          [
            [
              2.3587966,
              48.839140900000004
            ],
            [
              2.3590966,
              48.839140900000004
            ],
            [
              2.3590966,
              48.8394409
            ],
            [
              2.3587966,
              48.8394409
            ],
            [
              2.3587966,
              48.839140900000004
            ]
          ]
        ]
      }
    },
    {
      "type": "Feature",
      "properties": {
        "color": "#2ecc71",
        "height": 20
      },
      "geometry": {
        "type": "Polygon",
        "coordinates": [
          [
            [
              2.3498524,
              48.8581724
            ],
            [
              2.3501524000000003,
              48.8581724
            ],
            [
              2.3501524000000003,
              48.8584724
            ],
            [
              2.3498524,
              48.8584724
            ],
            [
              2.3498524,
              48.8581724
            ]
          ]
        ]
      }
    },
    {
      "type": "Feature",
      "properties": {
        "color": "#e67e22",
        "height": 25
      },
      "geometry": {
        "type": "Polygon",
        "coordinates": [
          [
            [
              2.3662483,
              48.8640544
            ],
            [
              2.3665483000000003,
              48.8640544
            ],
            [
              2.3665483000000003,
              48.864354399999996
            ],
            [
              2.3662483,
              48.864354399999996
            ],
            [
              2.3662483,
              48.8640544
            ]
          ]
        ]
      }
    },
    {
      "type": "Feature",
      "properties": {
        "color": "#2ecc71",
        "height": 20
      },
      "geometry": {
        "type": "Polygon",
        "coordinates": [
          [
            [
              2.35365,
              48.8528906
            ],
            [
              2.35395,
              48.8528906
            ],
            [
              2.35395,
              48.8531906
            ],
            [
              2.35365,
              48.8531906
            ],
            [
              2.35365,
              48.8528906
            ]
          ]
        ]
      }
    },
    {
      "type": "Feature",
      "properties": {
        "color": "#e74c3c",
        "height": 40
      },
      "geometry": {
        "type": "Polygon",
        "coordinates": [
          [
            [
              2.3466828,
              48.8718115
            ],
            [
              2.3469828,
              48.8718115
            ],
            [
              2.3469828,
              48.872111499999995
            ],
            [
              2.3466828,
              48.872111499999995
            ],
            [
              2.3466828,
              48.8718115
            ]
          ]
        ]
      }
    },
    {
      "type": "Feature",
      "properties": {
        "color": "#2ecc71",
        "height": 20
      },
      "geometry": {
        "type": "Polygon",
        "coordinates": [
          [
            [
              2.3767891,
              48.870134
            ],
            [
              2.3770891,
              48.870134
            ],
            [
              2.3770891,
              48.870433999999996
            ],
            [
              2.3767891,
              48.870433999999996
            ],
            [
              2.3767891,
              48.870134
            ]
          ]
        ]
      }
    },
    {
      "type": "Feature",
      "properties": {
        "color": "#e67e22",
        "height": 25
      },
      "geometry": {
        "type": "Polygon",
        "coordinates": [
          [
            [
              2.3028956,
              48.8424512
            ],
            [
              2.3031956,
              48.8424512
            ],
            [
              2.3031956,
              48.842751199999995
            ],
            [
              2.3028956,
              48.842751199999995
            ],
            [
              2.3028956,
              48.8424512
            ]
          ]
        ]
      }
    },
    {
      "type": "Feature",
      "properties": {
        "color": "#e67e22",
        "height": 25
      },
      "geometry": {
        "type": "Polygon",
        "coordinates": [
          [
            [
              2.342752,
              48.8612891
            ],
            [
              2.343052,
              48.8612891
            ],
            [
              2.343052,
              48.861589099999996
            ],
            [
              2.342752,
              48.861589099999996
            ],
            [
              2.342752,
              48.8612891
            ]
          ]
        ]
      }
    },
    {
      "type": "Feature",
      "properties": {
        "color": "#e67e22",
        "height": 25
      },
      "geometry": {
        "type": "Polygon",
        "coordinates": [
          [
            [
              2.3476857,
              48.8687484
            ],
            [
              2.3479857,
              48.8687484
            ],
            [
              2.3479857,
              48.8690484
            ],
            [
              2.3476857,
              48.8690484
            ],
            [
              2.3476857,
              48.8687484
            ]
          ]
        ]
      }
    },
    {
      "type": "Feature",
      "properties": {
        "color": "#e67e22",
        "height": 25
      },
      "geometry": {
        "type": "Polygon",
        "coordinates": [
          [
            [
              2.3992356999999997,
              48.8493763
            ],
            [
              2.3995357,
              48.8493763
            ],
            [
              2.3995357,
              48.8496763
            ],
            [
              2.3992356999999997,
              48.8496763
            ],
            [
              2.3992356999999997,
              48.8493763
            ]
          ]
        ]
      }
    },
    {
      "type": "Feature",
      "properties": {
        "color": "#e74c3c",
        "height": 40
      },
      "geometry": {
        "type": "Polygon",
        "coordinates": [
          [
            [
              2.3573455,
              48.8324623
            ],
            [
              2.3576455000000003,
              48.8324623
            ],
            [
              2.3576455000000003,
              48.8327623
            ],
            [
              2.3573455,
              48.8327623
            ],
            [
              2.3573455,
              48.8324623
            ]
          ]
        ]
      }
    },
    {
      "type": "Feature",
      "properties": {
        "color": "#e74c3c",
        "height": 40
      },
      "geometry": {
        "type": "Polygon",
        "coordinates": [
          [
            [
              2.3090199,
              48.8445638
            ],
            [
              2.3093199,
              48.8445638
            ],
            [
              2.3093199,
              48.8448638
            ],
            [
              2.3090199,
              48.8448638
            ],
            [
              2.3090199,
              48.8445638
            ]
          ]
        ]
      }
    },
    {
      "type": "Feature",
      "properties": {
        "color": "#3498db",
        "height": 30
      },
      "geometry": {
        "type": "Polygon",
        "coordinates": [
          [
            [
              2.3462183,
              48.854893700000005
            ],
            [
              2.3465183,
              48.854893700000005
            ],
            [
              2.3465183,
              48.8551937
            ],
            [
              2.3462183,
              48.8551937
            ],
            [
              2.3462183,
              48.854893700000005
            ]
          ]
        ]
      }
    },
    {
      "type": "Feature",
      "properties": {
        "color": "#e74c3c",
        "height": 40
      },
      "geometry": {
        "type": "Polygon",
        "coordinates": [
          [
            [
              2.3080438,
              48.860857700000004
            ],
            [
              2.3083438000000003,
              48.860857700000004
            ],
            [
              2.3083438000000003,
              48.8611577
            ],
            [
              2.3080438,
              48.8611577
            ],
            [
              2.3080438,
              48.860857700000004
            ]
          ]
        ]
      }
    },
    {
      "type": "Feature",
      "properties": {
        "color": "#e67e22",
        "height": 25
      },
      "geometry": {
        "type": "Polygon",
        "coordinates": [
          [
            [
              2.3782606,
              48.8637734
            ],
            [
              2.3785606,
              48.8637734
            ],
            [
              2.3785606,
              48.864073399999995
            ],
            [
              2.3782606,
              48.864073399999995
            ],
            [
              2.3782606,
              48.8637734
            ]
          ]
        ]
      }
    },
    {
      "type": "Feature",
      "properties": {
        "color": "#e74c3c",
        "height": 40
      },
      "geometry": {
        "type": "Polygon",
        "coordinates": [
          [
            [
              2.3053315999999997,
              48.874950000000005
            ],
            [
              2.3056316,
              48.874950000000005
            ],
            [
              2.3056316,
              48.87525
            ],
            [
              2.3053315999999997,
              48.87525
            ],
            [
              2.3053315999999997,
              48.874950000000005
            ]
          ]
        ]
      }
    },
    {
      "type": "Feature",
      "properties": {
        "color": "#e67e22",
        "height": 25
      },
      "geometry": {
        "type": "Polygon",
        "coordinates": [
          [
            [
              2.370619,
              48.8327398
            ],
            [
              2.370919,
              48.8327398
            ],
            [
              2.370919,
              48.833039799999995
            ],
            [
              2.370619,
              48.833039799999995
            ],
            [
              2.370619,
              48.8327398
            ]
          ]
        ]
      }
    },
    {
      "type": "Feature",
      "properties": {
        "color": "#e74c3c",
        "height": 40
      },
      "geometry": {
        "type": "Polygon",
        "coordinates": [
          [
            [
              2.3067149,
              48.871467800000005
            ],
            [
              2.3070149,
              48.871467800000005
            ],
            [
              2.3070149,
              48.8717678
            ],
            [
              2.3067149,
              48.8717678
            ],
            [
              2.3067149,
              48.871467800000005
            ]
          ]
        ]
      }
    },
    {
      "type": "Feature",
      "properties": {
        "color": "#e74c3c",
        "height": 40
      },
      "geometry": {
        "type": "Polygon",
        "coordinates": [
          [
            [
              2.3522176999999997,
              48.864595200000004
            ],
            [
              2.3525177,
              48.864595200000004
            ],
            [
              2.3525177,
              48.8648952
            ],
            [
              2.3522176999999997,
              48.8648952
            ],
            [
              2.3522176999999997,
              48.864595200000004
            ]
          ]
        ]
      }
    },
    {
      "type": "Feature",
      "properties": {
        "color": "#e74c3c",
        "height": 40
      },
      "geometry": {
        "type": "Polygon",
        "coordinates": [
          [
            [
              2.3554627999999997,
              48.877516
            ],
            [
              2.3557628,
              48.877516
            ],
            [
              2.3557628,
              48.877815999999996
            ],
            [
              2.3554627999999997,
              48.877815999999996
            ],
            [
              2.3554627999999997,
              48.877516
            ]
          ]
        ]
      }
    },
    {
      "type": "Feature",
      "properties": {
        "color": "#e67e22",
        "height": 25
      },
      "geometry": {
        "type": "Polygon",
        "coordinates": [
          [
            [
              2.3492658,
              48.863938600000004
            ],
            [
              2.3495658,
              48.863938600000004
            ],
            [
              2.3495658,
              48.8642386
            ],
            [
              2.3492658,
              48.8642386
            ],
            [
              2.3492658,
              48.863938600000004
            ]
          ]
        ]
      }
    },
    {
      "type": "Feature",
      "properties": {
        "color": "#e67e22",
        "height": 25
      },
      "geometry": {
        "type": "Polygon",
        "coordinates": [
          [
            [
              2.3515299,
              48.8458272
            ],
            [
              2.3518299000000003,
              48.8458272
            ],
            [
              2.3518299000000003,
              48.8461272
            ],
            [
              2.3515299,
              48.8461272
            ],
            [
              2.3515299,
              48.8458272
            ]
          ]
        ]
      }
    },
    {
      "type": "Feature",
      "properties": {
        "color": "#e67e22",
        "height": 25
      },
      "geometry": {
        "type": "Polygon",
        "coordinates": [
          [
            [
              2.3465594,
              48.8624766
            ],
            [
              2.3468594,
              48.8624766
            ],
            [
              2.3468594,
              48.8627766
            ],
            [
              2.3465594,
              48.8627766
            ],
            [
              2.3465594,
              48.8624766
            ]
          ]
        ]
      }
    },
    {
      "type": "Feature",
      "properties": {
        "color": "#2ecc71",
        "height": 20
      },
      "geometry": {
        "type": "Polygon",
        "coordinates": [
          [
            [
              2.3837191,
              48.8447708
            ],
            [
              2.3840191,
              48.8447708
            ],
            [
              2.3840191,
              48.845070799999995
            ],
            [
              2.3837191,
              48.845070799999995
            ],
            [
              2.3837191,
              48.8447708
            ]
          ]
        ]
      }
    },
    {
      "type": "Feature",
      "properties": {
        "color": "#e74c3c",
        "height": 40
      },
      "geometry": {
        "type": "Polygon",
        "coordinates": [
          [
            [
              2.3667217,
              48.8576964
            ],
            [
              2.3670217,
              48.8576964
            ],
            [
              2.3670217,
              48.8579964
            ],
            [
              2.3667217,
              48.8579964
            ],
            [
              2.3667217,
              48.8576964
            ]
          ]
        ]
      }
    },
    {
      "type": "Feature",
      "properties": {
        "color": "#2ecc71",
        "height": 20
      },
      "geometry": {
        "type": "Polygon",
        "coordinates": [
          [
            [
              2.360726,
              48.8397397
            ],
            [
              2.3610260000000003,
              48.8397397
            ],
            [
              2.3610260000000003,
              48.8400397
            ],
            [
              2.360726,
              48.8400397
            ],
            [
              2.360726,
              48.8397397
            ]
          ]
        ]
      }
    },
    {
      "type": "Feature",
      "properties": {
        "color": "#e74c3c",
        "height": 40
      },
      "geometry": {
        "type": "Polygon",
        "coordinates": [
          [
            [
              2.3670253,
              48.8569642
            ],
            [
              2.3673253,
              48.8569642
            ],
            [
              2.3673253,
              48.857264199999996
            ],
            [
              2.3670253,
              48.857264199999996
            ],
            [
              2.3670253,
              48.8569642
            ]
          ]
        ]
      }
    },
    {
      "type": "Feature",
      "properties": {
        "color": "#e67e22",
        "height": 25
      },
      "geometry": {
        "type": "Polygon",
        "coordinates": [
          [
            [
              2.3607363,
              48.871255600000005
            ],
            [
              2.3610363000000003,
              48.871255600000005
            ],
            [
              2.3610363000000003,
              48.8715556
            ],
            [
              2.3607363,
              48.8715556
            ],
            [
              2.3607363,
              48.871255600000005
            ]
          ]
        ]
      }
    },
    {
      "type": "Feature",
      "properties": {
        "color": "#e67e22",
        "height": 25
      },
      "geometry": {
        "type": "Polygon",
        "coordinates": [
          [
            [
              2.342907,
              48.8720249
            ],
            [
              2.343207,
              48.8720249
            ],
            [
              2.343207,
              48.872324899999995
            ],
            [
              2.342907,
              48.872324899999995
            ],
            [
              2.342907,
              48.8720249
            ]
          ]
        ]
      }
    },
    {
      "type": "Feature",
      "properties": {
        "color": "#e67e22",
        "height": 25
      },
      "geometry": {
        "type": "Polygon",
        "coordinates": [
          [
            [
              2.3859471,
              48.847306100000004
            ],
            [
              2.3862471000000003,
              48.847306100000004
            ],
            [
              2.3862471000000003,
              48.8476061
            ],
            [
              2.3859471,
              48.8476061
            ],
            [
              2.3859471,
              48.847306100000004
            ]
          ]
        ]
      }
    },
    {
      "type": "Feature",
      "properties": {
        "color": "#e67e22",
        "height": 25
      },
      "geometry": {
        "type": "Polygon",
        "coordinates": [
          [
            [
              2.3456067,
              48.8382833
            ],
            [
              2.3459067,
              48.8382833
            ],
            [
              2.3459067,
              48.838583299999996
            ],
            [
              2.3456067,
              48.838583299999996
            ],
            [
              2.3456067,
              48.8382833
            ]
          ]
        ]
      }
    },
    {
      "type": "Feature",
      "properties": {
        "color": "#e74c3c",
        "height": 40
      },
      "geometry": {
        "type": "Polygon",
        "coordinates": [
          [
            [
              2.3053388999999997,
              48.8551304
            ],
            [
              2.3056389,
              48.8551304
            ],
            [
              2.3056389,
              48.855430399999996
            ],
            [
              2.3053388999999997,
              48.855430399999996
            ],
            [
              2.3053388999999997,
              48.8551304
            ]
          ]
        ]
      }
    },
    {
      "type": "Feature",
      "properties": {
        "color": "#e67e22",
        "height": 25
      },
      "geometry": {
        "type": "Polygon",
        "coordinates": [
          [
            [
              2.3196775,
              48.8346054
            ],
            [
              2.3199775000000002,
              48.8346054
            ],
            [
              2.3199775000000002,
              48.8349054
            ],
            [
              2.3196775,
              48.8349054
            ],
            [
              2.3196775,
              48.8346054
            ]
          ]
        ]
      }
    },
    {
      "type": "Feature",
      "properties": {
        "color": "#e67e22",
        "height": 25
      },
      "geometry": {
        "type": "Polygon",
        "coordinates": [
          [
            [
              2.342427,
              48.850689800000005
            ],
            [
              2.342727,
              48.850689800000005
            ],
            [
              2.342727,
              48.8509898
            ],
            [
              2.342427,
              48.8509898
            ],
            [
              2.342427,
              48.850689800000005
            ]
          ]
        ]
      }
    },
    {
      "type": "Feature",
      "properties": {
        "color": "#2ecc71",
        "height": 20
      },
      "geometry": {
        "type": "Polygon",
        "coordinates": [
          [
            [
              2.3499688,
              48.8698932
            ],
            [
              2.3502688000000003,
              48.8698932
            ],
            [
              2.3502688000000003,
              48.870193199999996
            ],
            [
              2.3499688,
              48.870193199999996
            ],
            [
              2.3499688,
              48.8698932
            ]
          ]
        ]
      }
    },
    {
      "type": "Feature",
      "properties": {
        "color": "#e74c3c",
        "height": 40
      },
      "geometry": {
        "type": "Polygon",
        "coordinates": [
          [
            [
              2.3345200999999998,
              48.833817700000004
            ],
            [
              2.3348201,
              48.833817700000004
            ],
            [
              2.3348201,
              48.8341177
            ],
            [
              2.3345200999999998,
              48.8341177
            ],
            [
              2.3345200999999998,
              48.833817700000004
            ]
          ]
        ]
      }
    },
    {
      "type": "Feature",
      "properties": {
        "color": "#e74c3c",
        "height": 40
      },
      "geometry": {
        "type": "Polygon",
        "coordinates": [
          [
            [
              2.3539581,
              48.843456200000006
            ],
            [
              2.3542581,
              48.843456200000006
            ],
            [
              2.3542581,
              48.8437562
            ],
            [
              2.3539581,
              48.8437562
            ],
            [
              2.3539581,
              48.843456200000006
            ]
          ]
        ]
      }
    },
    {
      "type": "Feature",
      "properties": {
        "color": "#e67e22",
        "height": 25
      },
      "geometry": {
        "type": "Polygon",
        "coordinates": [
          [
            [
              2.3216074,
              48.8386185
            ],
            [
              2.3219074,
              48.8386185
            ],
            [
              2.3219074,
              48.8389185
            ],
            [
              2.3216074,
              48.8389185
            ],
            [
              2.3216074,
              48.8386185
            ]
          ]
        ]
      }
    },
    {
      "type": "Feature",
      "properties": {
        "color": "#e67e22",
        "height": 25
      },
      "geometry": {
        "type": "Polygon",
        "coordinates": [
          [
            [
              2.3203147,
              48.8380813
            ],
            [
              2.3206147,
              48.8380813
            ],
            [
              2.3206147,
              48.838381299999995
            ],
            [
              2.3203147,
              48.838381299999995
            ],
            [
              2.3203147,
              48.8380813
            ]
          ]
        ]
      }
    },
    {
      "type": "Feature",
      "properties": {
        "color": "#e74c3c",
        "height": 40
      },
      "geometry": {
        "type": "Polygon",
        "coordinates": [
          [
            [
              2.3827218,
              48.8593611
            ],
            [
              2.3830218000000003,
              48.8593611
            ],
            [
              2.3830218000000003,
              48.8596611
            ],
            [
              2.3827218,
              48.8596611
            ],
            [
              2.3827218,
              48.8593611
            ]
          ]
        ]
      }
    },
    {
      "type": "Feature",
      "properties": {
        "color": "#e67e22",
        "height": 25
      },
      "geometry": {
        "type": "Polygon",
        "coordinates": [
          [
            [
              2.3286846,
              48.8434791
            ],
            [
              2.3289846,
              48.8434791
            ],
            [
              2.3289846,
              48.8437791
            ],
            [
              2.3286846,
              48.8437791
            ],
            [
              2.3286846,
              48.8434791
            ]
          ]
        ]
      }
    },
    {
      "type": "Feature",
      "properties": {
        "color": "#e67e22",
        "height": 25
      },
      "geometry": {
        "type": "Polygon",
        "coordinates": [
          [
            [
              2.3173648,
              48.857148200000005
            ],
            [
              2.3176648,
              48.857148200000005
            ],
            [
              2.3176648,
              48.8574482
            ],
            [
              2.3173648,
              48.8574482
            ],
            [
              2.3173648,
              48.857148200000005
            ]
          ]
        ]
      }
    },
    {
      "type": "Feature",
      "properties": {
        "color": "#e74c3c",
        "height": 40
      },
      "geometry": {
        "type": "Polygon",
        "coordinates": [
          [
            [
              2.3409785999999997,
              48.859060500000005
            ],
            [
              2.3412786,
              48.859060500000005
            ],
            [
              2.3412786,
              48.8593605
            ],
            [
              2.3409785999999997,
              48.8593605
            ],
            [
              2.3409785999999997,
              48.859060500000005
            ]
          ]
        ]
      }
    },
    {
      "type": "Feature",
      "properties": {
        "color": "#e67e22",
        "height": 25
      },
      "geometry": {
        "type": "Polygon",
        "coordinates": [
          [
            [
              2.3637535,
              48.8539328
            ],
            [
              2.3640535000000003,
              48.8539328
            ],
            [
              2.3640535000000003,
              48.8542328
            ],
            [
              2.3637535,
              48.8542328
            ],
            [
              2.3637535,
              48.8539328
            ]
          ]
        ]
      }
    },
    {
      "type": "Feature",
      "properties": {
        "color": "#e67e22",
        "height": 25
      },
      "geometry": {
        "type": "Polygon",
        "coordinates": [
          [
            [
              2.3818324,
              48.866532
            ],
            [
              2.3821324,
              48.866532
            ],
            [
              2.3821324,
              48.866831999999995
            ],
            [
              2.3818324,
              48.866831999999995
            ],
            [
              2.3818324,
              48.866532
            ]
          ]
        ]
      }
    },
    {
      "type": "Feature",
      "properties": {
        "color": "#2ecc71",
        "height": 20
      },
      "geometry": {
        "type": "Polygon",
        "coordinates": [
          [
            [
              2.3469489,
              48.862295
            ],
            [
              2.3472489000000003,
              48.862295
            ],
            [
              2.3472489000000003,
              48.862595
            ],
            [
              2.3469489,
              48.862595
            ],
            [
              2.3469489,
              48.862295
            ]
          ]
        ]
      }
    },
    {
      "type": "Feature",
      "properties": {
        "color": "#e67e22",
        "height": 25
      },
      "geometry": {
        "type": "Polygon",
        "coordinates": [
          [
            [
              2.3732159999999998,
              48.8539973
            ],
            [
              2.373516,
              48.8539973
            ],
            [
              2.373516,
              48.8542973
            ],
            [
              2.3732159999999998,
              48.8542973
            ],
            [
              2.3732159999999998,
              48.8539973
            ]
          ]
        ]
      }
    },
    {
      "type": "Feature",
      "properties": {
        "color": "#e74c3c",
        "height": 40
      },
      "geometry": {
        "type": "Polygon",
        "coordinates": [
          [
            [
              2.3094951,
              48.8418367
            ],
            [
              2.3097951,
              48.8418367
            ],
            [
              2.3097951,
              48.8421367
            ],
            [
              2.3094951,
              48.8421367
            ],
            [
              2.3094951,
              48.8418367
            ]
          ]
        ]
      }
    },
    {
      "type": "Feature",
      "properties": {
        "color": "#2ecc71",
        "height": 20
      },
      "geometry": {
        "type": "Polygon",
        "coordinates": [
          [
            [
              2.3470169999999997,
              48.8739501
            ],
            [
              2.347317,
              48.8739501
            ],
            [
              2.347317,
              48.8742501
            ],
            [
              2.3470169999999997,
              48.8742501
            ],
            [
              2.3470169999999997,
              48.8739501
            ]
          ]
        ]
      }
    },
    {
      "type": "Feature",
      "properties": {
        "color": "#e74c3c",
        "height": 40
      },
      "geometry": {
        "type": "Polygon",
        "coordinates": [
          [
            [
              2.3845913,
              48.8567217
            ],
            [
              2.3848913,
              48.8567217
            ],
            [
              2.3848913,
              48.8570217
            ],
            [
              2.3845913,
              48.8570217
            ],
            [
              2.3845913,
              48.8567217
            ]
          ]
        ]
      }
    },
    {
      "type": "Feature",
      "properties": {
        "color": "#3498db",
        "height": 30
      },
      "geometry": {
        "type": "Polygon",
        "coordinates": [
          [
            [
              2.3298453,
              48.8553627
            ],
            [
              2.3301453000000003,
              48.8553627
            ],
            [
              2.3301453000000003,
              48.855662699999996
            ],
            [
              2.3298453,
              48.855662699999996
            ],
            [
              2.3298453,
              48.8553627
            ]
          ]
        ]
      }
    },
    {
      "type": "Feature",
      "properties": {
        "color": "#e67e22",
        "height": 25
      },
      "geometry": {
        "type": "Polygon",
        "coordinates": [
          [
            [
              2.3145759,
              48.8771247
            ],
            [
              2.3148759,
              48.8771247
            ],
            [
              2.3148759,
              48.8774247
            ],
            [
              2.3145759,
              48.8774247
            ],
            [
              2.3145759,
              48.8771247
            ]
          ]
        ]
      }
    },
    {
      "type": "Feature",
      "properties": {
        "color": "#e74c3c",
        "height": 40
      },
      "geometry": {
        "type": "Polygon",
        "coordinates": [
          [
            [
              2.3527411,
              48.8434353
            ],
            [
              2.3530411,
              48.8434353
            ],
            [
              2.3530411,
              48.8437353
            ],
            [
              2.3527411,
              48.8437353
            ],
            [
              2.3527411,
              48.8434353
            ]
          ]
        ]
      }
    },
    {
      "type": "Feature",
      "properties": {
        "color": "#e67e22",
        "height": 25
      },
      "geometry": {
        "type": "Polygon",
        "coordinates": [
          [
            [
              2.3328925,
              48.873675500000004
            ],
            [
              2.3331925,
              48.873675500000004
            ],
            [
              2.3331925,
              48.8739755
            ],
            [
              2.3328925,
              48.8739755
            ],
            [
              2.3328925,
              48.873675500000004
            ]
          ]
        ]
      }
    },
    {
      "type": "Feature",
      "properties": {
        "color": "#e74c3c",
        "height": 40
      },
      "geometry": {
        "type": "Polygon",
        "coordinates": [
          [
            [
              2.3034950999999997,
              48.840245800000005
            ],
            [
              2.3037951,
              48.840245800000005
            ],
            [
              2.3037951,
              48.8405458
            ],
            [
              2.3034950999999997,
              48.8405458
            ],
            [
              2.3034950999999997,
              48.840245800000005
            ]
          ]
        ]
      }
    },
    {
      "type": "Feature",
      "properties": {
        "color": "#2ecc71",
        "height": 20
      },
      "geometry": {
        "type": "Polygon",
        "coordinates": [
          [
            [
              2.3514684,
              48.8424495
            ],
            [
              2.3517684,
              48.8424495
            ],
            [
              2.3517684,
              48.8427495
            ],
            [
              2.3514684,
              48.8427495
            ],
            [
              2.3514684,
              48.8424495
            ]
          ]
        ]
      }
    },
    {
      "type": "Feature",
      "properties": {
        "color": "#e67e22",
        "height": 25
      },
      "geometry": {
        "type": "Polygon",
        "coordinates": [
          [
            [
              2.3039367,
              48.858937000000005
            ],
            [
              2.3042367,
              48.858937000000005
            ],
            [
              2.3042367,
              48.859237
            ],
            [
              2.3039367,
              48.859237
            ],
            [
              2.3039367,
              48.858937000000005
            ]
          ]
        ]
      }
    },
    {
      "type": "Feature",
      "properties": {
        "color": "#e74c3c",
        "height": 40
      },
      "geometry": {
        "type": "Polygon",
        "coordinates": [
          [
            [
              2.3467591999999997,
              48.8322522
            ],
            [
              2.3470592,
              48.8322522
            ],
            [
              2.3470592,
              48.832552199999995
            ],
            [
              2.3467591999999997,
              48.832552199999995
            ],
            [
              2.3467591999999997,
              48.8322522
            ]
          ]
        ]
      }
    },
    {
      "type": "Feature",
      "properties": {
        "color": "#3498db",
        "height": 30
      },
      "geometry": {
        "type": "Polygon",
        "coordinates": [
          [
            [
              2.3870858999999998,
              48.8347258
            ],
            [
              2.3873859,
              48.8347258
            ],
            [
              2.3873859,
              48.8350258
            ],
            [
              2.3870858999999998,
              48.8350258
            ],
            [
              2.3870858999999998,
              48.8347258
            ]
          ]
        ]
      }
    },
    {
      "type": "Feature",
      "properties": {
        "color": "#e67e22",
        "height": 25
      },
      "geometry": {
        "type": "Polygon",
        "coordinates": [
          [
            [
              2.3207785,
              48.848286300000005
            ],
            [
              2.3210785,
              48.848286300000005
            ],
            [
              2.3210785,
              48.8485863
            ],
            [
              2.3207785,
              48.8485863
            ],
            [
              2.3207785,
              48.848286300000005
            ]
          ]
        ]
      }
    },
    {
      "type": "Feature",
      "properties": {
        "color": "#e74c3c",
        "height": 40
      },
      "geometry": {
        "type": "Polygon",
        "coordinates": [
          [
            [
              2.3458227,
              48.829912400000005
            ],
            [
              2.3461227,
              48.829912400000005
            ],
            [
              2.3461227,
              48.8302124
            ],
            [
              2.3458227,
              48.8302124
            ],
            [
              2.3458227,
              48.829912400000005
            ]
          ]
        ]
      }
    },
    {
      "type": "Feature",
      "properties": {
        "color": "#e74c3c",
        "height": 40
      },
      "geometry": {
        "type": "Polygon",
        "coordinates": [
          [
            [
              2.3523423,
              48.865501
            ],
            [
              2.3526423000000003,
              48.865501
            ],
            [
              2.3526423000000003,
              48.865801
            ],
            [
              2.3523423,
              48.865801
            ],
            [
              2.3523423,
              48.865501
            ]
          ]
        ]
      }
    },
    {
      "type": "Feature",
      "properties": {
        "color": "#e67e22",
        "height": 25
      },
      "geometry": {
        "type": "Polygon",
        "coordinates": [
          [
            [
              2.3924742,
              48.8493888
            ],
            [
              2.3927742000000003,
              48.8493888
            ],
            [
              2.3927742000000003,
              48.849688799999996
            ],
            [
              2.3924742,
              48.849688799999996
            ],
            [
              2.3924742,
              48.8493888
            ]
          ]
        ]
      }
    },
    {
      "type": "Feature",
      "properties": {
        "color": "#e74c3c",
        "height": 40
      },
      "geometry": {
        "type": "Polygon",
        "coordinates": [
          [
            [
              2.3589764,
              48.835042200000004
            ],
            [
              2.3592764,
              48.835042200000004
            ],
            [
              2.3592764,
              48.8353422
            ],
            [
              2.3589764,
              48.8353422
            ],
            [
              2.3589764,
              48.835042200000004
            ]
          ]
        ]
      }
    },
    {
      "type": "Feature",
      "properties": {
        "color": "#e74c3c",
        "height": 40
      },
      "geometry": {
        "type": "Polygon",
        "coordinates": [
          [
            [
              2.3101241,
              48.8299958
            ],
            [
              2.3104241,
              48.8299958
            ],
            [
              2.3104241,
              48.830295799999995
            ],
            [
              2.3101241,
              48.830295799999995
            ],
            [
              2.3101241,
              48.8299958
            ]
          ]
        ]
      }
    },
    {
      "type": "Feature",
      "properties": {
        "color": "#e74c3c",
        "height": 40
      },
      "geometry": {
        "type": "Polygon",
        "coordinates": [
          [
            [
              2.3606369,
              48.8319801
            ],
            [
              2.3609369,
              48.8319801
            ],
            [
              2.3609369,
              48.8322801
            ],
            [
              2.3606369,
              48.8322801
            ],
            [
              2.3606369,
              48.8319801
            ]
          ]
        ]
      }
    },
    {
      "type": "Feature",
      "properties": {
        "color": "#e74c3c",
        "height": 40
      },
      "geometry": {
        "type": "Polygon",
        "coordinates": [
          [
            [
              2.3204764,
              48.8746457
            ],
            [
              2.3207764,
              48.8746457
            ],
            [
              2.3207764,
              48.8749457
            ],
            [
              2.3204764,
              48.8749457
            ],
            [
              2.3204764,
              48.8746457
            ]
          ]
        ]
      }
    },
    {
      "type": "Feature",
      "properties": {
        "color": "#e67e22",
        "height": 25
      },
      "geometry": {
        "type": "Polygon",
        "coordinates": [
          [
            [
              2.3477658999999997,
              48.859086000000005
            ],
            [
              2.3480659,
              48.859086000000005
            ],
            [
              2.3480659,
              48.859386
            ],
            [
              2.3477658999999997,
              48.859386
            ],
            [
              2.3477658999999997,
              48.859086000000005
            ]
          ]
        ]
      }
    },
    {
      "type": "Feature",
      "properties": {
        "color": "#e67e22",
        "height": 25
      },
      "geometry": {
        "type": "Polygon",
        "coordinates": [
          [
            [
              2.3746651,
              48.8493056
            ],
            [
              2.3749651000000003,
              48.8493056
            ],
            [
              2.3749651000000003,
              48.8496056
            ],
            [
              2.3746651,
              48.8496056
            ],
            [
              2.3746651,
              48.8493056
            ]
          ]
        ]
      }
    },
    {
      "type": "Feature",
      "properties": {
        "color": "#e67e22",
        "height": 25
      },
      "geometry": {
        "type": "Polygon",
        "coordinates": [
          [
            [
              2.3613906,
              48.8537416
            ],
            [
              2.3616906,
              48.8537416
            ],
            [
              2.3616906,
              48.854041599999995
            ],
            [
              2.3613906,
              48.854041599999995
            ],
            [
              2.3613906,
              48.8537416
            ]
          ]
        ]
      }
    },
    {
      "type": "Feature",
      "properties": {
        "color": "#e74c3c",
        "height": 40
      },
      "geometry": {
        "type": "Polygon",
        "coordinates": [
          [
            [
              2.3171195,
              48.8498165
            ],
            [
              2.3174195,
              48.8498165
            ],
            [
              2.3174195,
              48.8501165
            ],
            [
              2.3171195,
              48.8501165
            ],
            [
              2.3171195,
              48.8498165
            ]
          ]
        ]
      }
    },
    {
      "type": "Feature",
      "properties": {
        "color": "#3498db",
        "height": 30
      },
      "geometry": {
        "type": "Polygon",
        "coordinates": [
          [
            [
              2.3181514,
              48.8676474
            ],
            [
              2.3184514000000003,
              48.8676474
            ],
            [
              2.3184514000000003,
              48.8679474
            ],
            [
              2.3181514,
              48.8679474
            ],
            [
              2.3181514,
              48.8676474
            ]
          ]
        ]
      }
    },
    {
      "type": "Feature",
      "properties": {
        "color": "#e74c3c",
        "height": 40
      },
      "geometry": {
        "type": "Polygon",
        "coordinates": [
          [
            [
              2.3856346999999998,
              48.8631521
            ],
            [
              2.3859347,
              48.8631521
            ],
            [
              2.3859347,
              48.863452099999996
            ],
            [
              2.3856346999999998,
              48.863452099999996
            ],
            [
              2.3856346999999998,
              48.8631521
            ]
          ]
        ]
      }
    },
    {
      "type": "Feature",
      "properties": {
        "color": "#e67e22",
        "height": 25
      },
      "geometry": {
        "type": "Polygon",
        "coordinates": [
          [
            [
              2.3973483,
              48.8487341
            ],
            [
              2.3976483,
              48.8487341
            ],
            [
              2.3976483,
              48.8490341
            ],
            [
              2.3973483,
              48.8490341
            ],
            [
              2.3973483,
              48.8487341
            ]
          ]
        ]
      }
    },
    {
      "type": "Feature",
      "properties": {
        "color": "#e74c3c",
        "height": 40
      },
      "geometry": {
        "type": "Polygon",
        "coordinates": [
          [
            [
              2.3073129999999997,
              48.8710894
            ],
            [
              2.307613,
              48.8710894
            ],
            [
              2.307613,
              48.8713894
            ],
            [
              2.3073129999999997,
              48.8713894
            ],
            [
              2.3073129999999997,
              48.8710894
            ]
          ]
        ]
      }
    },
    {
      "type": "Feature",
      "properties": {
        "color": "#e74c3c",
        "height": 40
      },
      "geometry": {
        "type": "Polygon",
        "coordinates": [
          [
            [
              2.3192415,
              48.8739061
            ],
            [
              2.3195415,
              48.8739061
            ],
            [
              2.3195415,
              48.874206099999995
            ],
            [
              2.3192415,
              48.874206099999995
            ],
            [
              2.3192415,
              48.8739061
            ]
          ]
        ]
      }
    },
    {
      "type": "Feature",
      "properties": {
        "color": "#e74c3c",
        "height": 40
      },
      "geometry": {
        "type": "Polygon",
        "coordinates": [
          [
            [
              2.3757539,
              48.8563818
            ],
            [
              2.3760539,
              48.8563818
            ],
            [
              2.3760539,
              48.8566818
            ],
            [
              2.3757539,
              48.8566818
            ],
            [
              2.3757539,
              48.8563818
            ]
          ]
        ]
      }
    },
    {
      "type": "Feature",
      "properties": {
        "color": "#e74c3c",
        "height": 40
      },
      "geometry": {
        "type": "Polygon",
        "coordinates": [
          [
            [
              2.3759902,
              48.8561728
            ],
            [
              2.3762902,
              48.8561728
            ],
            [
              2.3762902,
              48.8564728
            ],
            [
              2.3759902,
              48.8564728
            ],
            [
              2.3759902,
              48.8561728
            ]
          ]
        ]
      }
    },
    {
      "type": "Feature",
      "properties": {
        "color": "#e67e22",
        "height": 25
      },
      "geometry": {
        "type": "Polygon",
        "coordinates": [
          [
            [
              2.3964631,
              48.8649371
            ],
            [
              2.3967631000000003,
              48.8649371
            ],
            [
              2.3967631000000003,
              48.865237099999995
            ],
            [
              2.3964631,
              48.865237099999995
            ],
            [
              2.3964631,
              48.8649371
            ]
          ]
        ]
      }
    },
    {
      "type": "Feature",
      "properties": {
        "color": "#3498db",
        "height": 30
      },
      "geometry": {
        "type": "Polygon",
        "coordinates": [
          [
            [
              2.3870255,
              48.8346947
            ],
            [
              2.3873255,
              48.8346947
            ],
            [
              2.3873255,
              48.834994699999996
            ],
            [
              2.3870255,
              48.834994699999996
            ],
            [
              2.3870255,
              48.8346947
            ]
          ]
        ]
      }
    },
    {
      "type": "Feature",
      "properties": {
        "color": "#3498db",
        "height": 30
      },
      "geometry": {
        "type": "Polygon",
        "coordinates": [
          [
            [
              2.3899619,
              48.8424512
            ],
            [
              2.3902619,
              48.8424512
            ],
            [
              2.3902619,
              48.842751199999995
            ],
            [
              2.3899619,
              48.842751199999995
            ],
            [
              2.3899619,
              48.8424512
            ]
          ]
        ]
      }
    },
    {
      "type": "Feature",
      "properties": {
        "color": "#e67e22",
        "height": 25
      },
      "geometry": {
        "type": "Polygon",
        "coordinates": [
          [
            [
              2.3545373,
              48.8770751
            ],
            [
              2.3548373000000002,
              48.8770751
            ],
            [
              2.3548373000000002,
              48.877375099999995
            ],
            [
              2.3545373,
              48.877375099999995
            ],
            [
              2.3545373,
              48.8770751
            ]
          ]
        ]
      }
    },
    {
      "type": "Feature",
      "properties": {
        "color": "#2ecc71",
        "height": 20
      },
      "geometry": {
        "type": "Polygon",
        "coordinates": [
          [
            [
              2.3979458,
              48.835306800000005
            ],
            [
              2.3982458,
              48.835306800000005
            ],
            [
              2.3982458,
              48.8356068
            ],
            [
              2.3979458,
              48.8356068
            ],
            [
              2.3979458,
              48.835306800000005
            ]
          ]
        ]
      }
    },
    {
      "type": "Feature",
      "properties": {
        "color": "#2ecc71",
        "height": 20
      },
      "geometry": {
        "type": "Polygon",
        "coordinates": [
          [
            [
              2.338983,
              48.851926500000005
            ],
            [
              2.339283,
              48.851926500000005
            ],
            [
              2.339283,
              48.8522265
            ],
            [
              2.338983,
              48.8522265
            ],
            [
              2.338983,
              48.851926500000005
            ]
          ]
        ]
      }
    },
    {
      "type": "Feature",
      "properties": {
        "color": "#2ecc71",
        "height": 20
      },
      "geometry": {
        "type": "Polygon",
        "coordinates": [
          [
            [
              2.3641953,
              48.857679700000006
            ],
            [
              2.3644953,
              48.857679700000006
            ],
            [
              2.3644953,
              48.8579797
            ],
            [
              2.3641953,
              48.8579797
            ],
            [
              2.3641953,
              48.857679700000006
            ]
          ]
        ]
      }
    },
    {
      "type": "Feature",
      "properties": {
        "color": "#e67e22",
        "height": 25
      },
      "geometry": {
        "type": "Polygon",
        "coordinates": [
          [
            [
              2.3124729,
              48.875210800000005
            ],
            [
              2.3127729,
              48.875210800000005
            ],
            [
              2.3127729,
              48.8755108
            ],
            [
              2.3124729,
              48.8755108
            ],
            [
              2.3124729,
              48.875210800000005
            ]
          ]
        ]
      }
    },
    {
      "type": "Feature",
      "properties": {
        "color": "#e74c3c",
        "height": 40
      },
      "geometry": {
        "type": "Polygon",
        "coordinates": [
          [
            [
              2.3086976,
              48.8405131
            ],
            [
              2.3089976,
              48.8405131
            ],
            [
              2.3089976,
              48.8408131
            ],
            [
              2.3086976,
              48.8408131
            ],
            [
              2.3086976,
              48.8405131
            ]
          ]
        ]
      }
    },
    {
      "type": "Feature",
      "properties": {
        "color": "#e74c3c",
        "height": 40
      },
      "geometry": {
        "type": "Polygon",
        "coordinates": [
          [
            [
              2.3900513,
              48.8520622
            ],
            [
              2.3903513000000003,
              48.8520622
            ],
            [
              2.3903513000000003,
              48.852362199999995
            ],
            [
              2.3900513,
              48.852362199999995
            ],
            [
              2.3900513,
              48.8520622
            ]
          ]
        ]
      }
    },
    {
      "type": "Feature",
      "properties": {
        "color": "#e74c3c",
        "height": 40
      },
      "geometry": {
        "type": "Polygon",
        "coordinates": [
          [
            [
              2.376264,
              48.8616678
            ],
            [
              2.376564,
              48.8616678
            ],
            [
              2.376564,
              48.861967799999995
            ],
            [
              2.376264,
              48.861967799999995
            ],
            [
              2.376264,
              48.8616678
            ]
          ]
        ]
      }
    },
    {
      "type": "Feature",
      "properties": {
        "color": "#e74c3c",
        "height": 40
      },
      "geometry": {
        "type": "Polygon",
        "coordinates": [
          [
            [
              2.3770336,
              48.862011100000004
            ],
            [
              2.3773336,
              48.862011100000004
            ],
            [
              2.3773336,
              48.8623111
            ],
            [
              2.3770336,
              48.8623111
            ],
            [
              2.3770336,
              48.862011100000004
            ]
          ]
        ]
      }
    },
    {
      "type": "Feature",
      "properties": {
        "color": "#e67e22",
        "height": 25
      },
      "geometry": {
        "type": "Polygon",
        "coordinates": [
          [
            [
              2.3806327,
              48.8503956
            ],
            [
              2.3809327000000002,
              48.8503956
            ],
            [
              2.3809327000000002,
              48.850695599999995
            ],
            [
              2.3806327,
              48.850695599999995
            ],
            [
              2.3806327,
              48.8503956
            ]
          ]
        ]
      }
    },
    {
      "type": "Feature",
      "properties": {
        "color": "#3498db",
        "height": 30
      },
      "geometry": {
        "type": "Polygon",
        "coordinates": [
          [
            [
              2.3427404,
              48.8729989
            ],
            [
              2.3430404,
              48.8729989
            ],
            [
              2.3430404,
              48.873298899999995
            ],
            [
              2.3427404,
              48.873298899999995
            ],
            [
              2.3427404,
              48.8729989
            ]
          ]
        ]
      }
    },
    {
      "type": "Feature",
      "properties": {
        "color": "#2ecc71",
        "height": 20
      },
      "geometry": {
        "type": "Polygon",
        "coordinates": [
          [
            [
              2.3344076,
              48.8658608
            ],
            [
              2.3347076,
              48.8658608
            ],
            [
              2.3347076,
              48.866160799999996
            ],
            [
              2.3344076,
              48.866160799999996
            ],
            [
              2.3344076,
              48.8658608
            ]
          ]
        ]
      }
    },
    {
      "type": "Feature",
      "properties": {
        "color": "#e74c3c",
        "height": 40
      },
      "geometry": {
        "type": "Polygon",
        "coordinates": [
          [
            [
              2.312423,
              48.8310564
            ],
            [
              2.312723,
              48.8310564
            ],
            [
              2.312723,
              48.8313564
            ],
            [
              2.312423,
              48.8313564
            ],
            [
              2.312423,
              48.8310564
            ]
          ]
        ]
      }
    },
    {
      "type": "Feature",
      "properties": {
        "color": "#e74c3c",
        "height": 40
      },
      "geometry": {
        "type": "Polygon",
        "coordinates": [
          [
            [
              2.3757109,
              48.8744174
            ],
            [
              2.3760109000000003,
              48.8744174
            ],
            [
              2.3760109000000003,
              48.874717399999994
            ],
            [
              2.3757109,
              48.874717399999994
            ],
            [
              2.3757109,
              48.8744174
            ]
          ]
        ]
      }
    },
    {
      "type": "Feature",
      "properties": {
        "color": "#e67e22",
        "height": 25
      },
      "geometry": {
        "type": "Polygon",
        "coordinates": [
          [
            [
              2.3056723,
              48.8561931
            ],
            [
              2.3059723,
              48.8561931
            ],
            [
              2.3059723,
              48.856493099999994
            ],
            [
              2.3056723,
              48.856493099999994
            ],
            [
              2.3056723,
              48.8561931
            ]
          ]
        ]
      }
    },
    {
      "type": "Feature",
      "properties": {
        "color": "#e74c3c",
        "height": 40
      },
      "geometry": {
        "type": "Polygon",
        "coordinates": [
          [
            [
              2.3367667,
              48.8302805
            ],
            [
              2.3366035,
              48.8278192
            ],
            [
              2.336747,
              48.8273492
            ],
            [
              2.3368802,
              48.8273291
            ],
            [
              2.3377716,
              48.8271958
            ],
            [
              2.3382644,
              48.8271202
            ],
            [
              2.338615,
              48.8270693
            ],
            [
              2.3387422,
              48.8270508
            ],
            [
              2.339528,
              48.8269367
            ],
            [
              2.3395923,
              48.8269273
            ],
            [
              2.3395729,
              48.8268663
            ],
            [
              2.3395656,
              48.8268672
            ],
            [
              2.3395649,
              48.8268642
            ],
            [
              2.3397671,
              48.8268342
            ],
            [
              2.339819,
              48.8268265
            ],
            [
              2.3404288,
              48.8267361
            ],
            [
              2.3404307,
              48.8267418
            ],
            [
              2.3404598,
              48.8267482
            ],
            [
              2.3405158,
              48.8267604
            ],
            [
              2.3405444,
              48.8267666
            ],
            [
              2.3405502,
              48.8267838
            ],
            [
              2.3410242,
              48.8267125
            ],
            [
              2.3414132,
              48.826654
            ],
            [
              2.3415029,
              48.8266955
            ],
            [
              2.3415035,
              48.8267174
            ],
            [
              2.3415077,
              48.8268733
            ],
            [
              2.3415122,
              48.8270366
            ],
            [
              2.3415166,
              48.8272004
            ],
            [
              2.341522,
              48.8273974
            ],
            [
              2.3415267,
              48.8275711
            ],
            [
              2.3415274,
              48.827598
            ],
            [
              2.3415562,
              48.8275941
            ],
            [
              2.3415626,
              48.8278251
            ],
            [
              2.341564,
              48.8278761
            ],
            [
              2.3415548,
              48.8279584
            ],
            [
              2.3415406,
              48.8280846
            ],
            [
              2.3414882,
              48.8285506
            ],
            [
              2.3414516,
              48.8286896
            ],
            [
              2.3414166,
              48.8288229
            ],
            [
              2.3413838,
              48.8289474
            ],
            [
              2.3413346,
              48.8291348
            ],
            [
              2.3412944,
              48.8292875
            ],
            [
              2.3412685,
              48.8293859
            ],
            [
              2.3412628,
              48.8294458
            ],
            [
              2.3412463,
              48.8296189
            ],
            [
              2.3412331,
              48.8297585
            ],
            [
              2.3412213,
              48.8298823
            ],
            [
              2.3412101,
              48.8299998
            ],
            [
              2.3412016,
              48.830089
            ],
            [
              2.3411944,
              48.8301645
            ],
            [
              2.3411905,
              48.8302059
            ],
            [
              2.3411604,
              48.8302244
            ],
            [
              2.3404526,
              48.83024
            ],
            [
              2.3398127,
              48.8302528
            ],
            [
              2.3382305,
              48.8302845
            ],
            [
              2.3368219,
              48.8303127
            ],
            [
              2.3367667,
              48.8302805
            ]
          ]
        ]
      }
    },
    {
      "type": "Feature",
      "properties": {
        "color": "#e74c3c",
        "height": 40
      },
      "geometry": {
        "type": "Polygon",
        "coordinates": [
          [
            [
              2.3781538,
              48.8785301
            ],
            [
              2.378123,
              48.8784208
            ],
            [
              2.3781055,
              48.8783264
            ],
            [
              2.3780944,
              48.8782045
            ],
            [
              2.3780976,
              48.878104
            ],
            [
              2.3781071,
              48.8779721
            ],
            [
              2.3781169,
              48.8779083
            ],
            [
              2.378127,
              48.8778426
            ],
            [
              2.3778047,
              48.8778581
            ],
            [
              2.3774311,
              48.8778758
            ],
            [
              2.37743,
              48.8778675
            ],
            [
              2.3774249,
              48.8778282
            ],
            [
              2.377416,
              48.8777555
            ],
            [
              2.377142,
              48.8777666
            ],
            [
              2.3771189,
              48.8777675
            ],
            [
              2.3770949,
              48.8777686
            ],
            [
              2.377103,
              48.8778641
            ],
            [
              2.3771042,
              48.8778835
            ],
            [
              2.3772505,
              48.8778769
            ],
            [
              2.3771185,
              48.8783875
            ],
            [
              2.3770573,
              48.878632
            ],
            [
              2.3770967,
              48.8786362
            ],
            [
              2.3773824,
              48.8786681
            ],
            [
              2.3778832,
              48.878724
            ],
            [
              2.3779144,
              48.8787276
            ],
            [
              2.3781374,
              48.878753
            ],
            [
              2.3781674,
              48.8787312
            ],
            [
              2.3782114,
              48.8786992
            ],
            [
              2.3781729,
              48.8785886
            ],
            [
              2.3781648,
              48.8785625
            ],
            [
              2.3781615,
              48.8785536
            ],
            [
              2.3781538,
              48.8785301
            ]
          ]
        ]
      }
    },
    {
      "type": "Feature",
      "properties": {
        "color": "#e74c3c",
        "height": 40
      },
      "geometry": {
        "type": "Polygon",
        "coordinates": [
          [
            [
              2.3445832,
              48.8380173
            ],
            [
              2.3446595,
              48.8381273
            ],
            [
              2.3447111,
              48.8382037
            ],
            [
              2.3447175,
              48.8382127
            ],
            [
              2.3449957,
              48.8386145
            ],
            [
              2.3450794,
              48.8387367
            ],
            [
              2.34515,
              48.8388389
            ],
            [
              2.3451898,
              48.8388974
            ],
            [
              2.3452041,
              48.8389179
            ],
            [
              2.3452652,
              48.8390056
            ],
            [
              2.3453102,
              48.839071
            ],
            [
              2.3453716,
              48.839159
            ],
            [
              2.3454089,
              48.839213
            ],
            [
              2.3454512,
              48.8392746
            ],
            [
              2.3455193,
              48.839372
            ],
            [
              2.3455382,
              48.8393989
            ],
            [
              2.3455676,
              48.8394424
            ],
            [
              2.3455943,
              48.8394814
            ],
            [
              2.3456138,
              48.8395093
            ],
            [
              2.3456957,
              48.8396305
            ],
            [
              2.3454681,
              48.8397275
            ],
            [
              2.3453059,
              48.8397951
            ],
            [
              2.3451745,
              48.8398482
            ],
            [
              2.3450362,
              48.8399055
            ],
            [
              2.3449018,
              48.8399614
            ],
            [
              2.344764,
              48.8400186
            ],
            [
              2.3446304,
              48.8400739
            ],
            [
              2.3444981,
              48.8401288
            ],
            [
              2.3444595,
              48.8401451
            ],
            [
              2.3443628,
              48.8401851
            ],
            [
              2.3442728,
              48.8402234
            ],
            [
              2.344312,
              48.8402588
            ],
            [
              2.3442516,
              48.8402878
            ],
            [
              2.3441777,
              48.8403222
            ],
            [
              2.3441502,
              48.8403352
            ],
            [
              2.3441109,
              48.8403541
            ],
            [
              2.3440369,
              48.8403887
            ],
            [
              2.3439554,
              48.8404262
            ],
            [
              2.3435515,
              48.8406156
            ],
            [
              2.343408,
              48.8406834
            ],
            [
              2.3432666,
              48.8407562
            ],
            [
              2.3432169,
              48.8407811
            ],
            [
              2.343173,
              48.8408038
            ],
            [
              2.343125,
              48.8408285
            ],
            [
              2.3429828,
              48.8408995
            ],
            [
              2.3429334,
              48.8409252
            ],
            [
              2.342851,
              48.8409693
            ],
            [
              2.3426893,
              48.8410549
            ],
            [
              2.3426717,
              48.8410637
            ],
            [
              2.342615,
              48.8410189
            ],
            [
              2.3425772,
              48.84104
            ],
            [
              2.3425349,
              48.8410117
            ],
            [
              2.3424415,
              48.8408709
            ],
            [
              2.3424003,
              48.8408132
            ],
            [
              2.3418986,
              48.8409573
            ],
            [
              2.3417771,
              48.8409925
            ],
            [
              2.3417629,
              48.8409706
            ],
            [
              2.3415235,
              48.8410402
            ],
            [
              2.3413307,
              48.841093
            ],
            [
              2.3413222,
              48.8410954
            ],
            [
              2.3413178,
              48.8410882
            ],
            [
              2.3412635,
              48.8411031
            ],
            [
              2.3412533,
              48.8410872
            ],
            [
              2.3410843,
              48.8408233
            ],
            [
              2.340908,
              48.8405539
            ],
            [
              2.3409031,
              48.8405463
            ],
            [
              2.3408976,
              48.8405417
            ],
            [
              2.3410838,
              48.84049
            ],
            [
              2.3407998,
              48.8400412
            ],
            [
              2.3408496,
              48.8397573
            ],
            [
              2.3405503,
              48.8395816
            ],
            [
              2.3410124,
              48.8392291
            ],
            [
              2.3405698,
              48.8388643
            ],
            [
              2.3406272,
              48.8388523
            ],
            [
              2.3406732,
              48.8388426
            ],
            [
              2.3409079,
              48.8387931
            ],
            [
              2.3415187,
              48.8386641
            ],
            [
              2.3415676,
              48.8386534
            ],
            [
              2.3416361,
              48.8386393
            ],
            [
              2.3417884,
              48.8386072
            ],
            [
              2.3428664,
              48.8383796
            ],
            [
              2.3429978,
              48.8383519
            ],
            [
              2.3439581,
              48.8381492
            ],
            [
              2.3440094,
              48.8381384
            ],
            [
              2.3441845,
              48.8381015
            ],
            [
              2.3442424,
              48.8380892
            ],
            [
              2.3443444,
              48.8380677
            ],
            [
              2.3445832,
              48.8380173
            ]
          ]
        ]
      }
    },
    {
      "type": "Feature",
      "properties": {
        "color": "#e74c3c",
        "height": 40
      },
      "geometry": {
        "type": "Polygon",
        "coordinates": [
          [
            [
              2.3418004,
              48.8381314
            ],
            [
              2.3419465,
              48.83799
            ],
            [
              2.3419075,
              48.837645
            ],
            [
              2.3418895,
              48.8375002
            ],
            [
              2.3418647,
              48.8372896
            ],
            [
              2.3418293,
              48.837021
            ],
            [
              2.3418122,
              48.8368729
            ],
            [
              2.3418005,
              48.8367826
            ],
            [
              2.3417853,
              48.8366575
            ],
            [
              2.3417662,
              48.8364993
            ],
            [
              2.341755,
              48.8364072
            ],
            [
              2.3417459,
              48.8363414
            ],
            [
              2.3417307,
              48.8362322
            ],
            [
              2.3417299,
              48.8362263
            ],
            [
              2.3417167,
              48.8361317
            ],
            [
              2.3417055,
              48.8360508
            ],
            [
              2.3416859,
              48.83591
            ],
            [
              2.3416829,
              48.8358884
            ],
            [
              2.3416766,
              48.8358427
            ],
            [
              2.341647,
              48.8358445
            ],
            [
              2.3416429,
              48.8358144
            ],
            [
              2.3416255,
              48.8356867
            ],
            [
              2.3416085,
              48.8355621
            ],
            [
              2.3416008,
              48.8355057
            ],
            [
              2.3415635,
              48.8354901
            ],
            [
              2.3415091,
              48.8354672
            ],
            [
              2.3406717,
              48.8356267
            ],
            [
              2.3399482,
              48.8356963
            ],
            [
              2.3398715,
              48.8357041
            ],
            [
              2.3397994,
              48.8357111
            ],
            [
              2.3396428,
              48.8357266
            ],
            [
              2.3395282,
              48.835738
            ],
            [
              2.339368,
              48.8357526
            ],
            [
              2.3393168,
              48.8357574
            ],
            [
              2.3392206,
              48.8357671
            ],
            [
              2.3385654,
              48.8358332
            ],
            [
              2.3383359,
              48.8358563
            ],
            [
              2.3383003,
              48.8358607
            ],
            [
              2.3382664,
              48.8358649
            ],
            [
              2.3382033,
              48.8358727
            ],
            [
              2.3379648,
              48.8359021
            ],
            [
              2.3379371,
              48.8359365
            ],
            [
              2.3379098,
              48.8359696
            ],
            [
              2.3380076,
              48.8361242
            ],
            [
              2.3380082,
              48.836129
            ],
            [
              2.338004,
              48.8361323
            ],
            [
              2.3380418,
              48.8361934
            ],
            [
              2.338049,
              48.8361933
            ],
            [
              2.3380536,
              48.8361966
            ],
            [
              2.3380978,
              48.8362672
            ],
            [
              2.3381517,
              48.8363498
            ],
            [
              2.3381508,
              48.8363559
            ],
            [
              2.3381471,
              48.8363592
            ],
            [
              2.3381833,
              48.8364188
            ],
            [
              2.3381921,
              48.8364185
            ],
            [
              2.3381963,
              48.8364228
            ],
            [
              2.3382431,
              48.8364983
            ],
            [
              2.3382934,
              48.8365767
            ],
            [
              2.338296,
              48.8365761
            ],
            [
              2.3382939,
              48.8365813
            ],
            [
              2.3382891,
              48.8365843
            ],
            [
              2.3383266,
              48.8366455
            ],
            [
              2.3383343,
              48.8366454
            ],
            [
              2.3383386,
              48.8366493
            ],
            [
              2.3383861,
              48.8367252
            ],
            [
              2.3384373,
              48.8368022
            ],
            [
              2.3384368,
              48.8368084
            ],
            [
              2.3384317,
              48.8368117
            ],
            [
              2.3384695,
              48.8368717
            ],
            [
              2.3384763,
              48.8368717
            ],
            [
              2.3384834,
              48.8368745
            ],
            [
              2.3384806,
              48.8368753
            ],
            [
              2.3385303,
              48.8369551
            ],
            [
              2.3385809,
              48.8370292
            ],
            [
              2.3385804,
              48.8370346
            ],
            [
              2.3385758,
              48.837038
            ],
            [
              2.3387323,
              48.8372872
            ],
            [
              2.3387793,
              48.8373613
            ],
            [
              2.3388261,
              48.8374349
            ],
            [
              2.3388779,
              48.8375178
            ],
            [
              2.33893,
              48.8375156
            ],
            [
              2.338944,
              48.8375119
            ],
            [
              2.3389465,
              48.8375157
            ],
            [
              2.3389694,
              48.8375508
            ],
            [
              2.3390013,
              48.837545
            ],
            [
              2.3390164,
              48.8375714
            ],
            [
              2.3390356,
              48.8376048
            ],
            [
              2.3390494,
              48.8376263
            ],
            [
              2.3390267,
              48.8376459
            ],
            [
              2.3390085,
              48.8376617
            ],
            [
              2.3391043,
              48.8378077
            ],
            [
              2.3391128,
              48.8378201
            ],
            [
              2.3391331,
              48.83785
            ],
            [
              2.3391921,
              48.8379494
            ],
            [
              2.339295,
              48.8381101
            ],
            [
              2.3394038,
              48.8382791
            ],
            [
              2.3394163,
              48.8382984
            ],
            [
              2.3394608,
              48.8383677
            ],
            [
              2.3395632,
              48.8383239
            ],
            [
              2.3395919,
              48.8383595
            ],
            [
              2.3396143,
              48.8383501
            ],
            [
              2.3396647,
              48.8383266
            ],
            [
              2.3396824,
              48.8383442
            ],
            [
              2.3396935,
              48.8383555
            ],
            [
              2.3396989,
              48.838355
            ],
            [
              2.3397211,
              48.8383733
            ],
            [
              2.3397774,
              48.8384212
            ],
            [
              2.3398659,
              48.8383769
            ],
            [
              2.3399077,
              48.8383558
            ],
            [
              2.3399442,
              48.8383824
            ],
            [
              2.3400009,
              48.8384251
            ],
            [
              2.3400272,
              48.8384456
            ],
            [
              2.3399772,
              48.83847
            ],
            [
              2.3398963,
              48.8385072
            ],
            [
              2.339962,
              48.8385678
            ],
            [
              2.3401029,
              48.8385029
            ],
            [
              2.3401254,
              48.8385281
            ],
            [
              2.3401867,
              48.838504
            ],
            [
              2.3401927,
              48.83851
            ],
            [
              2.3402722,
              48.8384779
            ],
            [
              2.3403515,
              48.8384459
            ],
            [
              2.3403458,
              48.8384397
            ],
            [
              2.3404022,
              48.8384168
            ],
            [
              2.3404099,
              48.838426
            ],
            [
              2.3405243,
              48.8383777
            ],
            [
              2.340536,
              48.8383991
            ],
            [
              2.3406451,
              48.8383767
            ],
            [
              2.3407147,
              48.838362
            ],
            [
              2.3407884,
              48.8383468
            ],
            [
              2.3407884,
              48.8383428
            ],
            [
              2.34159,
              48.8381753
            ],
            [
              2.3418004,
              48.8381314
            ]
          ]
        ]
      }
    },
    {
      "type": "Feature",
      "properties": {
        "color": "#e74c3c",
        "height": 40
      },
      "geometry": {
        "type": "Polygon",
        "coordinates": [
          [
            [
              2.3389939,
              48.8379715
            ],
            [
              2.3389297,
              48.8379958
            ],
            [
              2.3389246,
              48.8379886
            ],
            [
              2.3389188,
              48.8379804
            ],
            [
              2.338869,
              48.8379943
            ],
            [
              2.3388727,
              48.8380007
            ],
            [
              2.3387557,
              48.8380335
            ],
            [
              2.3387467,
              48.8380193
            ],
            [
              2.3386747,
              48.8380403
            ],
            [
              2.3386707,
              48.8380358
            ],
            [
              2.3386091,
              48.8380532
            ],
            [
              2.3383005,
              48.8381398
            ],
            [
              2.3381845,
              48.8379637
            ],
            [
              2.3380395,
              48.8380034
            ],
            [
              2.337944,
              48.8378554
            ],
            [
              2.3380181,
              48.8378342
            ],
            [
              2.3379875,
              48.8377904
            ],
            [
              2.3379988,
              48.8377865
            ],
            [
              2.3379054,
              48.8376457
            ],
            [
              2.3380007,
              48.8376179
            ],
            [
              2.3379528,
              48.8375437
            ],
            [
              2.3381503,
              48.8374891
            ],
            [
              2.3381279,
              48.8374603
            ],
            [
              2.3380792,
              48.8373977
            ],
            [
              2.3380474,
              48.8373565
            ],
            [
              2.3380326,
              48.8373373
            ],
            [
              2.3380073,
              48.8373052
            ],
            [
              2.3379461,
              48.8372289
            ],
            [
              2.338104,
              48.8371662
            ],
            [
              2.3380148,
              48.837068
            ],
            [
              2.3380627,
              48.8370489
            ],
            [
              2.3380317,
              48.8370142
            ],
            [
              2.3379145,
              48.8370594
            ],
            [
              2.3377523,
              48.8371209
            ],
            [
              2.3377452,
              48.8371134
            ],
            [
              2.3376591,
              48.8370193
            ],
            [
              2.3376411,
              48.8369987
            ],
            [
              2.3375126,
              48.8370438
            ],
            [
              2.3374996,
              48.8370478
            ],
            [
              2.3373303,
              48.8371078
            ],
            [
              2.3373413,
              48.8371191
            ],
            [
              2.3373542,
              48.8371333
            ],
            [
              2.3374166,
              48.8372017
            ],
            [
              2.3374377,
              48.837225
            ],
            [
              2.3374477,
              48.8372366
            ],
            [
              2.3372852,
              48.8372981
            ],
            [
              2.3371704,
              48.8373414
            ],
            [
              2.3370058,
              48.8374037
            ],
            [
              2.3368532,
              48.8374604
            ],
            [
              2.3368565,
              48.8375117
            ],
            [
              2.336962,
              48.838736
            ],
            [
              2.3369986,
              48.8387732
            ],
            [
              2.3371387,
              48.8389242
            ],
            [
              2.33735,
              48.839128
            ],
            [
              2.3374617,
              48.8392406
            ],
            [
              2.3374999,
              48.8392479
            ],
            [
              2.3380946,
              48.8390915
            ],
            [
              2.3381504,
              48.8390768
            ],
            [
              2.3393361,
              48.8387637
            ],
            [
              2.3393575,
              48.838758
            ],
            [
              2.3393942,
              48.8387484
            ],
            [
              2.3394675,
              48.8387292
            ],
            [
              2.33948,
              48.8387082
            ],
            [
              2.3394928,
              48.8386868
            ],
            [
              2.3393171,
              48.8384349
            ],
            [
              2.3393262,
              48.8384199
            ],
            [
              2.3391905,
              48.8382284
            ],
            [
              2.3391754,
              48.8382328
            ],
            [
              2.3390179,
              48.8380058
            ],
            [
              2.3390072,
              48.8379909
            ],
            [
              2.3389939,
              48.8379715
            ]
          ]
        ]
      }
    },
    {
      "type": "Feature",
      "properties": {
        "color": "#e74c3c",
        "height": 40
      },
      "geometry": {
        "type": "Polygon",
        "coordinates": [
          [
            [
              2.3714152,
              48.8514645
            ],
            [
              2.3712963,
              48.8513083
            ],
            [
              2.3712306,
              48.8513305
            ],
            [
              2.3711346,
              48.8512054
            ],
            [
              2.3710811,
              48.8511361
            ],
            [
              2.3711938,
              48.8508864
            ],
            [
              2.3710009,
              48.8506118
            ],
            [
              2.3711563,
              48.8502727
            ],
            [
              2.3711931,
              48.8500826
            ],
            [
              2.371196,
              48.8500819
            ],
            [
              2.3712302,
              48.8499707
            ],
            [
              2.3712692,
              48.8498717
            ],
            [
              2.3712915,
              48.8498207
            ],
            [
              2.3713018,
              48.8498005
            ],
            [
              2.3713227,
              48.8497718
            ],
            [
              2.3714282,
              48.8496513
            ],
            [
              2.3715053,
              48.8495748
            ],
            [
              2.3715703,
              48.8495183
            ],
            [
              2.3716745,
              48.8494389
            ],
            [
              2.3718709,
              48.8493091
            ],
            [
              2.3720878,
              48.8491813
            ],
            [
              2.3721389,
              48.8492529
            ],
            [
              2.3722161,
              48.849361
            ],
            [
              2.3722647,
              48.8494292
            ],
            [
              2.3722905,
              48.8494653
            ],
            [
              2.3723148,
              48.8494993
            ],
            [
              2.3723594,
              48.8495615
            ],
            [
              2.3724628,
              48.8497058
            ],
            [
              2.3725711,
              48.849857
            ],
            [
              2.3726636,
              48.849986
            ],
            [
              2.3726968,
              48.850032
            ],
            [
              2.3727933,
              48.8501672
            ],
            [
              2.3728818,
              48.8502913
            ],
            [
              2.3729005,
              48.8503168
            ],
            [
              2.3729048,
              48.8503227
            ],
            [
              2.3729229,
              48.8503474
            ],
            [
              2.3728504,
              48.8504023
            ],
            [
              2.3728697,
              48.850429
            ],
            [
              2.3727789,
              48.850458
            ],
            [
              2.3727739,
              48.8504626
            ],
            [
              2.3727403,
              48.8504931
            ],
            [
              2.3727208,
              48.85051
            ],
            [
              2.3728589,
              48.8505819
            ],
            [
              2.3727478,
              48.8506785
            ],
            [
              2.3727157,
              48.8507066
            ],
            [
              2.3726103,
              48.850654
            ],
            [
              2.3725472,
              48.8506739
            ],
            [
              2.3726069,
              48.8507559
            ],
            [
              2.372715,
              48.8509013
            ],
            [
              2.3726921,
              48.8509206
            ],
            [
              2.372673,
              48.8509368
            ],
            [
              2.3726554,
              48.850929
            ],
            [
              2.3726248,
              48.8509389
            ],
            [
              2.3724852,
              48.850984
            ],
            [
              2.3724826,
              48.8509799
            ],
            [
              2.3724641,
              48.8509866
            ],
            [
              2.3724611,
              48.8509826
            ],
            [
              2.372384,
              48.8510102
            ],
            [
              2.3722148,
              48.8510699
            ],
            [
              2.3722069,
              48.8510907
            ],
            [
              2.3722735,
              48.8511818
            ],
            [
              2.372211,
              48.851201
            ],
            [
              2.3720855,
              48.8512397
            ],
            [
              2.3720759,
              48.8512287
            ],
            [
              2.3720353,
              48.8512074
            ],
            [
              2.371996,
              48.851193
            ],
            [
              2.3719473,
              48.8511833
            ],
            [
              2.3719034,
              48.8511812
            ],
            [
              2.3718488,
              48.8511868
            ],
            [
              2.3717863,
              48.8512041
            ],
            [
              2.3718931,
              48.8513518
            ],
            [
              2.3719064,
              48.8513702
            ],
            [
              2.3717621,
              48.8514163
            ],
            [
              2.3717462,
              48.8513946
            ],
            [
              2.3716018,
              48.8514425
            ],
            [
              2.3715777,
              48.8514106
            ],
            [
              2.3714953,
              48.8514379
            ],
            [
              2.3714152,
              48.8514645
            ]
          ]
        ]
      }
    },
    {
      "type": "Feature",
      "properties": {
        "color": "#e74c3c",
        "height": 40
      },
      "geometry": {
        "type": "Polygon",
        "coordinates": [
          [
            [
              2.3088214,
              48.8292281
            ],
            [
              2.3093694,
              48.8287597
            ],
            [
              2.3099161,
              48.8282913
            ],
            [
              2.3099381,
              48.8282847
            ],
            [
              2.3099675,
              48.8282758
            ],
            [
              2.3105289,
              48.8285885
            ],
            [
              2.3109898,
              48.8288481
            ],
            [
              2.3110471,
              48.8288793
            ],
            [
              2.3112445,
              48.8289872
            ],
            [
              2.3113532,
              48.8290494
            ],
            [
              2.3115974,
              48.8291851
            ],
            [
              2.3119343,
              48.8289244
            ],
            [
              2.3124438,
              48.8285291
            ],
            [
              2.312507,
              48.8284801
            ],
            [
              2.3127222,
              48.8283148
            ],
            [
              2.313231,
              48.8285923
            ],
            [
              2.3133754,
              48.8286719
            ],
            [
              2.3137782,
              48.8284028
            ],
            [
              2.3140185,
              48.8282552
            ],
            [
              2.3146292,
              48.8286563
            ],
            [
              2.3146237,
              48.8286601
            ],
            [
              2.3145543,
              48.8287113
            ],
            [
              2.3145592,
              48.8287246
            ],
            [
              2.3144025,
              48.8288303
            ],
            [
              2.3142369,
              48.828942
            ],
            [
              2.3132868,
              48.8295832
            ],
            [
              2.3132177,
              48.8296301
            ],
            [
              2.313113,
              48.8296991
            ],
            [
              2.312916,
              48.8298108
            ],
            [
              2.3117998,
              48.8305873
            ],
            [
              2.3117604,
              48.8305902
            ],
            [
              2.3117587,
              48.8305903
            ],
            [
              2.3116661,
              48.8305469
            ],
            [
              2.3116873,
              48.8305253
            ],
            [
              2.3115957,
              48.8305142
            ],
            [
              2.3112244,
              48.8303415
            ],
            [
              2.3109384,
              48.8302085
            ],
            [
              2.3108006,
              48.8301446
            ],
            [
              2.3105291,
              48.8300198
            ],
            [
              2.3104911,
              48.8300023
            ],
            [
              2.3104265,
              48.8299725
            ],
            [
              2.3099743,
              48.8297625
            ],
            [
              2.3099225,
              48.8297384
            ],
            [
              2.3098008,
              48.829683
            ],
            [
              2.3089045,
              48.8292666
            ],
            [
              2.3088214,
              48.8292281
            ]
          ]
        ]
      }
    },
    {
      "type": "Feature",
      "properties": {
        "color": "#e74c3c",
        "height": 40
      },
      "geometry": {
        "type": "Polygon",
        "coordinates": [
          [
            [
              2.3466048,
              48.8349191
            ],
            [
              2.3466452,
              48.8349179
            ],
            [
              2.3470549,
              48.8349053
            ],
            [
              2.3478042,
              48.8348822
            ],
            [
              2.3478435,
              48.8348446
            ],
            [
              2.3478134,
              48.8347802
            ],
            [
              2.3477301,
              48.834602
            ],
            [
              2.3476426,
              48.834415
            ],
            [
              2.3475438,
              48.8342036
            ],
            [
              2.3475442,
              48.8342033
            ],
            [
              2.347425,
              48.8339494
            ],
            [
              2.3474117,
              48.833921
            ],
            [
              2.3471309,
              48.833978
            ],
            [
              2.3471075,
              48.833923
            ],
            [
              2.3470889,
              48.8338837
            ],
            [
              2.3469787,
              48.8339063
            ],
            [
              2.3469103,
              48.8337615
            ],
            [
              2.3468046,
              48.8337832
            ],
            [
              2.3467185,
              48.833801
            ],
            [
              2.346539,
              48.8338379
            ],
            [
              2.3465247,
              48.8338408
            ],
            [
              2.3465143,
              48.8338189
            ],
            [
              2.3464809,
              48.833887
            ],
            [
              2.3464266,
              48.8339977
            ],
            [
              2.3463078,
              48.8342397
            ],
            [
              2.3461819,
              48.8344962
            ],
            [
              2.3461368,
              48.8345885
            ],
            [
              2.3462079,
              48.8346842
            ],
            [
              2.346255,
              48.8347479
            ],
            [
              2.3462808,
              48.8347424
            ],
            [
              2.3463089,
              48.8347395
            ],
            [
              2.3463391,
              48.8347419
            ],
            [
              2.3463773,
              48.8347488
            ],
            [
              2.3464045,
              48.834762
            ],
            [
              2.3464273,
              48.8347794
            ],
            [
              2.3464404,
              48.8347993
            ],
            [
              2.3464461,
              48.8348156
            ],
            [
              2.3464471,
              48.8348337
            ],
            [
              2.3464414,
              48.8348509
            ],
            [
              2.3464343,
              48.8348646
            ],
            [
              2.3466048,
              48.8349191
            ]
          ]
        ]
      }
    },
    {
      "type": "Feature",
      "properties": {
        "color": "#e74c3c",
        "height": 40
      },
      "geometry": {
        "type": "Polygon",
        "coordinates": [
          [
            [
              2.3682379,
              48.8758244
            ],
            [
              2.3682813,
              48.8757937
            ],
            [
              2.3683576,
              48.8756648
            ],
            [
              2.3683965,
              48.8755964
            ],
            [
              2.3683789,
              48.8755535
            ],
            [
              2.3684407,
              48.8755187
            ],
            [
              2.3684625,
              48.8754805
            ],
            [
              2.3685953,
              48.8752489
            ],
            [
              2.3686785,
              48.875104
            ],
            [
              2.3688601,
              48.8751534
            ],
            [
              2.3690083,
              48.8751937
            ],
            [
              2.3691312,
              48.8752272
            ],
            [
              2.3694125,
              48.8748484
            ],
            [
              2.369566,
              48.8746464
            ],
            [
              2.3697648,
              48.8743882
            ],
            [
              2.3697793,
              48.874369
            ],
            [
              2.3699993,
              48.8740741
            ],
            [
              2.3700222,
              48.874044
            ],
            [
              2.3701169,
              48.8739199
            ],
            [
              2.3701783,
              48.8738393
            ],
            [
              2.3701794,
              48.8738156
            ],
            [
              2.3699252,
              48.8731935
            ],
            [
              2.3699141,
              48.8731679
            ],
            [
              2.369888,
              48.8731067
            ],
            [
              2.3698738,
              48.8730741
            ],
            [
              2.3698555,
              48.8730316
            ],
            [
              2.3697826,
              48.872862
            ],
            [
              2.3695309,
              48.8722784
            ],
            [
              2.3695278,
              48.872271
            ],
            [
              2.3694665,
              48.872226
            ],
            [
              2.3694469,
              48.8722114
            ],
            [
              2.3694249,
              48.8721949
            ],
            [
              2.3693194,
              48.8721154
            ],
            [
              2.368654,
              48.8719677
            ],
            [
              2.368433,
              48.8719201
            ],
            [
              2.3683444,
              48.8719006
            ],
            [
              2.3680599,
              48.8718392
            ],
            [
              2.368044,
              48.8718355
            ],
            [
              2.3680281,
              48.8718318
            ],
            [
              2.3679963,
              48.871836
            ],
            [
              2.3679601,
              48.8718408
            ],
            [
              2.3678074,
              48.8719295
            ],
            [
              2.3677533,
              48.8719611
            ],
            [
              2.3675254,
              48.8720951
            ],
            [
              2.3668932,
              48.8724656
            ],
            [
              2.3668628,
              48.8725187
            ],
            [
              2.366827,
              48.8725811
            ],
            [
              2.3668827,
              48.8726221
            ],
            [
              2.3668088,
              48.8726654
            ],
            [
              2.3667971,
              48.8726569
            ],
            [
              2.3667734,
              48.8726713
            ],
            [
              2.3667306,
              48.8726959
            ],
            [
              2.3666614,
              48.872736
            ],
            [
              2.3666731,
              48.8727447
            ],
            [
              2.3665949,
              48.8727903
            ],
            [
              2.3665755,
              48.8728015
            ],
            [
              2.3662721,
              48.8729788
            ],
            [
              2.3658439,
              48.873229
            ],
            [
              2.3656387,
              48.8733489
            ],
            [
              2.3653556,
              48.8735144
            ],
            [
              2.3650674,
              48.8736827
            ],
            [
              2.3650669,
              48.8737278
            ],
            [
              2.365282,
              48.8738655
            ],
            [
              2.3656143,
              48.8740781
            ],
            [
              2.3657404,
              48.8741592
            ],
            [
              2.3657967,
              48.874196
            ],
            [
              2.3658998,
              48.8742579
            ],
            [
              2.3661378,
              48.8744136
            ],
            [
              2.3663051,
              48.8745217
            ],
            [
              2.3663824,
              48.8745709
            ],
            [
              2.3664228,
              48.8745959
            ],
            [
              2.3668455,
              48.874867
            ],
            [
              2.3670927,
              48.8750261
            ],
            [
              2.3678265,
              48.8754957
            ],
            [
              2.3678615,
              48.8755238
            ],
            [
              2.3678963,
              48.8755515
            ],
            [
              2.3680338,
              48.8756617
            ],
            [
              2.3681797,
              48.8757765
            ],
            [
              2.3682379,
              48.8758244
            ]
          ]
        ]
      }
    },
    {
      "type": "Feature",
      "properties": {
        "color": "#e74c3c",
        "height": 40
      },
      "geometry": {
        "type": "Polygon",
        "coordinates": [
          [
            [
              2.3914374,
              48.8440807
            ],
            [
              2.3914531,
              48.844088
            ],
            [
              2.3916208,
              48.8441658
            ],
            [
              2.3917799,
              48.8442386
            ],
            [
              2.3923447,
              48.8445055
            ],
            [
              2.3924616,
              48.8444134
            ],
            [
              2.3925057,
              48.8444323
            ],
            [
              2.3925796,
              48.8444659
            ],
            [
              2.3927911,
              48.8445607
            ],
            [
              2.3928887,
              48.8446048
            ],
            [
              2.393008,
              48.8446583
            ],
            [
              2.3930496,
              48.8446769
            ],
            [
              2.393222,
              48.8447556
            ],
            [
              2.3929751,
              48.8449776
            ],
            [
              2.3929235,
              48.8450233
            ],
            [
              2.3926333,
              48.8452849
            ],
            [
              2.3925356,
              48.8452376
            ],
            [
              2.3922371,
              48.8450929
            ],
            [
              2.3921956,
              48.8450728
            ],
            [
              2.3920024,
              48.8449796
            ],
            [
              2.3916831,
              48.8448255
            ],
            [
              2.3916465,
              48.8448079
            ],
            [
              2.3915103,
              48.8447421
            ],
            [
              2.3913146,
              48.8446477
            ],
            [
              2.3911402,
              48.8445635
            ],
            [
              2.3911128,
              48.8445503
            ],
            [
              2.3910571,
              48.8445235
            ],
            [
              2.3908459,
              48.8444217
            ],
            [
              2.390807,
              48.844403
            ],
            [
              2.3906696,
              48.8443366
            ],
            [
              2.3906542,
              48.8443292
            ],
            [
              2.3906396,
              48.8443221
            ],
            [
              2.3906037,
              48.8443051
            ],
            [
              2.390556,
              48.8442822
            ],
            [
              2.3904913,
              48.8442506
            ],
            [
              2.3904217,
              48.8442167
            ],
            [
              2.3905566,
              48.8441051
            ],
            [
              2.3907129,
              48.8439761
            ],
            [
              2.390814,
              48.8440252
            ],
            [
              2.390884,
              48.8440589
            ],
            [
              2.3910405,
              48.8441349
            ],
            [
              2.3910572,
              48.844143
            ],
            [
              2.3912504,
              48.8442372
            ],
            [
              2.3914374,
              48.8440807
            ]
          ]
        ]
      }
    },
    {
      "type": "Feature",
      "properties": {
        "color": "#e74c3c",
        "height": 40
      },
      "geometry": {
        "type": "Polygon",
        "coordinates": [
          [
            [
              2.3481897,
              48.8539673
            ],
            [
              2.3483398,
              48.8539191
            ],
            [
              2.3484929,
              48.8538722
            ],
            [
              2.3485164,
              48.8538643
            ],
            [
              2.3486024,
              48.8538379
            ],
            [
              2.3486679,
              48.8538174
            ],
            [
              2.3486712,
              48.8538224
            ],
            [
              2.349094,
              48.8536878
            ],
            [
              2.3491525,
              48.853769
            ],
            [
              2.3491487,
              48.8537705
            ],
            [
              2.3492295,
              48.8538804
            ],
            [
              2.3492373,
              48.8538909
            ],
            [
              2.3493176,
              48.8539999
            ],
            [
              2.3493222,
              48.8539986
            ],
            [
              2.3493846,
              48.854085
            ],
            [
              2.3493946,
              48.8540994
            ],
            [
              2.3494078,
              48.8541183
            ],
            [
              2.3496097,
              48.85439
            ],
            [
              2.3496727,
              48.8544766
            ],
            [
              2.3496832,
              48.8544915
            ],
            [
              2.3497007,
              48.8545163
            ],
            [
              2.3498977,
              48.8547811
            ],
            [
              2.3499608,
              48.8548673
            ],
            [
              2.3499558,
              48.8548692
            ],
            [
              2.3499874,
              48.854912
            ],
            [
              2.3499965,
              48.8549243
            ],
            [
              2.3500357,
              48.8549774
            ],
            [
              2.3500417,
              48.8549754
            ],
            [
              2.3501018,
              48.8550572
            ],
            [
              2.3500184,
              48.8550822
            ],
            [
              2.3497337,
              48.8551676
            ],
            [
              2.3495817,
              48.8552132
            ],
            [
              2.3495902,
              48.8552252
            ],
            [
              2.3494691,
              48.8552608
            ],
            [
              2.3494666,
              48.8552586
            ],
            [
              2.3494073,
              48.8552768
            ],
            [
              2.3492669,
              48.85532
            ],
            [
              2.3491133,
              48.8553649
            ],
            [
              2.349052,
              48.8553829
            ],
            [
              2.3490537,
              48.8553857
            ],
            [
              2.3489329,
              48.8554222
            ],
            [
              2.3489241,
              48.8554096
            ],
            [
              2.3487786,
              48.8554531
            ],
            [
              2.3484624,
              48.8555476
            ],
            [
              2.3484064,
              48.8555644
            ],
            [
              2.3483636,
              48.8554936
            ],
            [
              2.3483555,
              48.8554801
            ],
            [
              2.3483598,
              48.8554784
            ],
            [
              2.3483509,
              48.8554629
            ],
            [
              2.3483052,
              48.8553826
            ],
            [
              2.3482954,
              48.8553655
            ],
            [
              2.348291,
              48.8553669
            ],
            [
              2.3482834,
              48.8553534
            ],
            [
              2.34824,
              48.8552765
            ],
            [
              2.3482138,
              48.8552287
            ],
            [
              2.3481553,
              48.8551309
            ],
            [
              2.3480993,
              48.8550334
            ],
            [
              2.348102,
              48.8550327
            ],
            [
              2.3480725,
              48.8549853
            ],
            [
              2.3480335,
              48.8549176
            ],
            [
              2.348021,
              48.854896
            ],
            [
              2.347843,
              48.8545848
            ],
            [
              2.3478399,
              48.8545845
            ],
            [
              2.3477987,
              48.8545145
            ],
            [
              2.3477878,
              48.8544961
            ],
            [
              2.3477926,
              48.8544942
            ],
            [
              2.3477817,
              48.8544754
            ],
            [
              2.347697,
              48.8543302
            ],
            [
              2.3476482,
              48.8542449
            ],
            [
              2.3476443,
              48.854246
            ],
            [
              2.3476197,
              48.8542039
            ],
            [
              2.3475951,
              48.8541617
            ],
            [
              2.3477572,
              48.8541109
            ],
            [
              2.348019,
              48.8540288
            ],
            [
              2.3480153,
              48.8540221
            ],
            [
              2.3481486,
              48.8539813
            ],
            [
              2.3481897,
              48.8539673
            ]
          ]
        ]
      }
    },
    {
      "type": "Feature",
      "properties": {
        "color": "#3498db",
        "height": 30
      },
      "geometry": {
        "type": "Polygon",
        "coordinates": [
          [
            [
              2.3508159,
              48.8538465
            ],
            [
              2.3507606,
              48.853884
            ],
            [
              2.3507241,
              48.8539088
            ],
            [
              2.3507211,
              48.8539107
            ],
            [
              2.3506745,
              48.8539424
            ],
            [
              2.3506594,
              48.8539527
            ],
            [
              2.3506099,
              48.8539863
            ],
            [
              2.3505666,
              48.8540158
            ],
            [
              2.350532,
              48.8540393
            ],
            [
              2.3505096,
              48.8540545
            ],
            [
              2.3504923,
              48.8540663
            ],
            [
              2.3505475,
              48.8541067
            ],
            [
              2.3505521,
              48.8541067
            ],
            [
              2.3505553,
              48.8541091
            ],
            [
              2.3505984,
              48.8541414
            ],
            [
              2.3506686,
              48.854194
            ],
            [
              2.3507181,
              48.8542355
            ],
            [
              2.3507578,
              48.8542621
            ],
            [
              2.3507627,
              48.8542592
            ],
            [
              2.3507676,
              48.8542639
            ],
            [
              2.3508165,
              48.8542932
            ],
            [
              2.350922,
              48.8543551
            ],
            [
              2.351006,
              48.8542936
            ],
            [
              2.3510575,
              48.8543259
            ],
            [
              2.3510979,
              48.8542946
            ],
            [
              2.3511672,
              48.8542413
            ],
            [
              2.3512969,
              48.8541414
            ],
            [
              2.3509819,
              48.8539692
            ],
            [
              2.3508159,
              48.8538465
            ]
          ]
        ]
      }
    },
    {
      "type": "Feature",
      "properties": {
        "color": "#3498db",
        "height": 30
      },
      "geometry": {
        "type": "Polygon",
        "coordinates": [
          [
            [
              2.3613376,
              48.8647734
            ],
            [
              2.361269,
              48.8647666
            ],
            [
              2.3612043,
              48.8648007
            ],
            [
              2.3612063,
              48.8648027
            ],
            [
              2.3611929,
              48.8648095
            ],
            [
              2.3611536,
              48.8648295
            ],
            [
              2.36115,
              48.8648266
            ],
            [
              2.3611359,
              48.8648345
            ],
            [
              2.3611375,
              48.8648357
            ],
            [
              2.3611209,
              48.8648447
            ],
            [
              2.3611194,
              48.8648455
            ],
            [
              2.3610996,
              48.8648563
            ],
            [
              2.3610972,
              48.8648544
            ],
            [
              2.3610827,
              48.8648614
            ],
            [
              2.3610862,
              48.8648648
            ],
            [
              2.3610328,
              48.864891
            ],
            [
              2.3610311,
              48.8648891
            ],
            [
              2.3609968,
              48.864907
            ],
            [
              2.3609655,
              48.8649232
            ],
            [
              2.3609546,
              48.8649681
            ],
            [
              2.3610422,
              48.86505
            ],
            [
              2.3611929,
              48.8651906
            ],
            [
              2.3612659,
              48.8652589
            ],
            [
              2.3613799,
              48.8652033
            ],
            [
              2.361356,
              48.8651816
            ],
            [
              2.3613919,
              48.8651645
            ],
            [
              2.3614149,
              48.8651857
            ],
            [
              2.3616641,
              48.8650646
            ],
            [
              2.3616031,
              48.8650102
            ],
            [
              2.3613376,
              48.8647734
            ]
          ]
        ]
      }
    },
    {
      "type": "Feature",
      "properties": {
        "color": "#e67e22",
        "height": 25
      },
      "geometry": {
        "type": "Polygon",
        "coordinates": [
          [
            [
              2.3625893,
              48.8636796
            ],
            [
              2.3625443,
              48.8636395
            ],
            [
              2.3625115,
              48.8636103
            ],
            [
              2.3623397,
              48.8636932
            ],
            [
              2.3623689,
              48.8637072
            ],
            [
              2.3624244,
              48.8636824
            ],
            [
              2.3624283,
              48.8636789
            ],
            [
              2.3624294,
              48.8636765
            ],
            [
              2.3624719,
              48.8637114
            ],
            [
              2.3624569,
              48.8637159
            ],
            [
              2.3624317,
              48.8637286
            ],
            [
              2.3624593,
              48.8637412
            ],
            [
              2.3624647,
              48.8637436
            ],
            [
              2.3625893,
              48.8636796
            ]
          ]
        ]
      }
    },
    {
      "type": "Feature",
      "properties": {
        "color": "#e74c3c",
        "height": 40
      },
      "geometry": {
        "type": "Polygon",
        "coordinates": [
          [
            [
              2.3502123,
              48.8786725
            ],
            [
              2.3501941,
              48.8785253
            ],
            [
              2.3501828,
              48.8784324
            ],
            [
              2.350254,
              48.8784077
            ],
            [
              2.3502748,
              48.8784228
            ],
            [
              2.3502293,
              48.878451
            ],
            [
              2.3502716,
              48.8784813
            ],
            [
              2.350249,
              48.8784958
            ],
            [
              2.3502588,
              48.8785024
            ],
            [
              2.3502992,
              48.8784783
            ],
            [
              2.3502934,
              48.8784708
            ],
            [
              2.3502923,
              48.8784603
            ],
            [
              2.3502989,
              48.8784505
            ],
            [
              2.3503065,
              48.8784457
            ],
            [
              2.3504349,
              48.8785379
            ],
            [
              2.3503495,
              48.8785895
            ],
            [
              2.3502123,
              48.8786725
            ]
          ]
        ]
      }
    },
    {
      "type": "Feature",
      "properties": {
        "color": "#e74c3c",
        "height": 40
      },
      "geometry": {
        "type": "Polygon",
        "coordinates": [
          [
            [
              2.3849418,
              48.8767015
            ],
            [
              2.3849535,
              48.8767333
            ],
            [
              2.3849208,
              48.8767512
            ],
            [
              2.3846364,
              48.8767419
            ],
            [
              2.3846376,
              48.8767223
            ],
            [
              2.384614,
              48.8767216
            ],
            [
              2.3844784,
              48.8767178
            ],
            [
              2.3844515,
              48.8767171
            ],
            [
              2.3844491,
              48.8767358
            ],
            [
              2.3844144,
              48.8767348
            ],
            [
              2.3843175,
              48.8767322
            ],
            [
              2.3842337,
              48.8767297
            ],
            [
              2.3841947,
              48.8767279
            ],
            [
              2.3841946,
              48.8765838
            ],
            [
              2.3842149,
              48.8765839
            ],
            [
              2.3842419,
              48.876584
            ],
            [
              2.3842419,
              48.8765817
            ],
            [
              2.3846392,
              48.8765892
            ],
            [
              2.3846416,
              48.8765639
            ],
            [
              2.3848673,
              48.8765699
            ],
            [
              2.3849113,
              48.8766127
            ],
            [
              2.3849418,
              48.8767015
            ]
          ]
        ]
      }
    },
    {
      "type": "Feature",
      "properties": {
        "color": "#e67e22",
        "height": 25
      },
      "geometry": {
        "type": "Polygon",
        "coordinates": [
          [
            [
              2.3886679,
              48.8751405
            ],
            [
              2.3887439,
              48.8751545
            ],
            [
              2.3887287,
              48.8751932
            ],
            [
              2.3887198,
              48.8752159
            ],
            [
              2.3887829,
              48.8752284
            ],
            [
              2.3887642,
              48.8752829
            ],
            [
              2.3888399,
              48.8752936
            ],
            [
              2.3888905,
              48.8753007
            ],
            [
              2.3888876,
              48.8753106
            ],
            [
              2.3888834,
              48.8753288
            ],
            [
              2.38888,
              48.8753284
            ],
            [
              2.3888727,
              48.8753486
            ],
            [
              2.3880782,
              48.875281
            ],
            [
              2.3881068,
              48.8750981
            ],
            [
              2.3881238,
              48.8750407
            ],
            [
              2.3881315,
              48.8750121
            ],
            [
              2.3882378,
              48.8750345
            ],
            [
              2.3883137,
              48.8750496
            ],
            [
              2.388507,
              48.8750916
            ],
            [
              2.3885228,
              48.8750049
            ],
            [
              2.3885444,
              48.8748732
            ],
            [
              2.3887059,
              48.8749309
            ],
            [
              2.3887505,
              48.874947
            ],
            [
              2.3887397,
              48.8749726
            ],
            [
              2.3886679,
              48.8751405
            ]
          ]
        ]
      }
    },
    {
      "type": "Feature",
      "properties": {
        "color": "#e74c3c",
        "height": 40
      },
      "geometry": {
        "type": "Polygon",
        "coordinates": [
          [
            [
              2.3761183,
              48.8748416
            ],
            [
              2.3761416,
              48.8748968
            ],
            [
              2.3761657,
              48.8749533
            ],
            [
              2.3760707,
              48.8749703
            ],
            [
              2.3760202,
              48.8749795
            ],
            [
              2.3759919,
              48.87499
            ],
            [
              2.3759412,
              48.8750088
            ],
            [
              2.3758738,
              48.8750337
            ],
            [
              2.3757206,
              48.8750904
            ],
            [
              2.3756939,
              48.8750644
            ],
            [
              2.3756029,
              48.8749754
            ],
            [
              2.3758641,
              48.8748846
            ],
            [
              2.3761055,
              48.8748119
            ],
            [
              2.3761183,
              48.8748416
            ]
          ]
        ]
      }
    },
    {
      "type": "Feature",
      "properties": {
        "color": "#e67e22",
        "height": 25
      },
      "geometry": {
        "type": "Polygon",
        "coordinates": [
          [
            [
              2.3798532,
              48.8569901
            ],
            [
              2.3798575,
              48.8569824
            ],
            [
              2.3798101,
              48.8569697
            ],
            [
              2.3798113,
              48.8569677
            ],
            [
              2.3797986,
              48.8569641
            ],
            [
              2.3797929,
              48.8569746
            ],
            [
              2.3795522,
              48.8569118
            ],
            [
              2.3794246,
              48.8566909
            ],
            [
              2.379415,
              48.8566744
            ],
            [
              2.3796452,
              48.856618
            ],
            [
              2.380081,
              48.8567295
            ],
            [
              2.3799247,
              48.856966
            ],
            [
              2.3799005,
              48.8570026
            ],
            [
              2.3798532,
              48.8569901
            ]
          ]
        ]
      }
    },
    {
      "type": "Feature",
      "properties": {
        "color": "#e74c3c",
        "height": 40
      },
      "geometry": {
        "type": "Polygon",
        "coordinates": [
          [
            [
              2.3819128,
              48.8647056
            ],
            [
              2.3818242,
              48.8646749
            ],
            [
              2.3817758,
              48.8647358
            ],
            [
              2.381681,
              48.8647029
            ],
            [
              2.3816695,
              48.8646794
            ],
            [
              2.3816601,
              48.8646601
            ],
            [
              2.3816692,
              48.8646482
            ],
            [
              2.3817066,
              48.8645996
            ],
            [
              2.3818235,
              48.8644476
            ],
            [
              2.3818547,
              48.8644409
            ],
            [
              2.3818886,
              48.8644337
            ],
            [
              2.3820747,
              48.8644977
            ],
            [
              2.3819128,
              48.8647056
            ]
          ]
        ]
      }
    },
    {
      "type": "Feature",
      "properties": {
        "color": "#e74c3c",
        "height": 40
      },
      "geometry": {
        "type": "Polygon",
        "coordinates": [
          [
            [
              2.3361968,
              48.8411921
            ],
            [
              2.336192,
              48.8411847
            ],
            [
              2.3361861,
              48.8411779
            ],
            [
              2.3361794,
              48.8411721
            ],
            [
              2.3361829,
              48.8411607
            ],
            [
              2.3361519,
              48.8411551
            ],
            [
              2.3361229,
              48.8411499
            ],
            [
              2.3361186,
              48.8411611
            ],
            [
              2.3361089,
              48.8411635
            ],
            [
              2.3360998,
              48.8411666
            ],
            [
              2.3360895,
              48.8411712
            ],
            [
              2.3360811,
              48.8411768
            ],
            [
              2.3360753,
              48.8411821
            ],
            [
              2.336068,
              48.8411923
            ],
            [
              2.336065,
              48.8411917
            ],
            [
              2.3359825,
              48.8412768
            ],
            [
              2.335858,
              48.8414055
            ],
            [
              2.3357695,
              48.8414969
            ],
            [
              2.3357348,
              48.8415328
            ],
            [
              2.3357097,
              48.8415588
            ],
            [
              2.3356086,
              48.8416632
            ],
            [
              2.3355951,
              48.8416769
            ],
            [
              2.3355656,
              48.8417077
            ],
            [
              2.3353923,
              48.8418868
            ],
            [
              2.3354067,
              48.8419036
            ],
            [
              2.3354254,
              48.8419253
            ],
            [
              2.3355566,
              48.8419215
            ],
            [
              2.3358415,
              48.8419132
            ],
            [
              2.3361007,
              48.8419057
            ],
            [
              2.336246,
              48.8419015
            ],
            [
              2.3362202,
              48.8414936
            ],
            [
              2.3362024,
              48.8412151
            ],
            [
              2.3361979,
              48.8412154
            ],
            [
              2.3361997,
              48.8412103
            ],
            [
              2.3362,
              48.8412051
            ],
            [
              2.3361995,
              48.8411994
            ],
            [
              2.3361968,
              48.8411921
            ]
          ]
        ]
      }
    },
    {
      "type": "Feature",
      "properties": {
        "color": "#e74c3c",
        "height": 40
      },
      "geometry": {
        "type": "Polygon",
        "coordinates": [
          [
            [
              2.3055713,
              48.8614469
            ],
            [
              2.3055768,
              48.8613362
            ],
            [
              2.305581,
              48.8612503
            ],
            [
              2.3055848,
              48.8612503
            ],
            [
              2.305586,
              48.8612455
            ],
            [
              2.3055905,
              48.8612377
            ],
            [
              2.3055981,
              48.8612296
            ],
            [
              2.3056083,
              48.8612226
            ],
            [
              2.3056281,
              48.8612149
            ],
            [
              2.3056435,
              48.8612125
            ],
            [
              2.3056435,
              48.86121
            ],
            [
              2.3057481,
              48.8612095
            ],
            [
              2.3059088,
              48.8612087
            ],
            [
              2.3059091,
              48.8613507
            ],
            [
              2.3058364,
              48.8613515
            ],
            [
              2.3058138,
              48.861332
            ],
            [
              2.3057936,
              48.8613318
            ],
            [
              2.3058136,
              48.86135
            ],
            [
              2.3057958,
              48.8613612
            ],
            [
              2.3057693,
              48.861345
            ],
            [
              2.3057689,
              48.8613588
            ],
            [
              2.3057881,
              48.8613699
            ],
            [
              2.3057849,
              48.8614523
            ],
            [
              2.3055713,
              48.8614469
            ]
          ]
        ]
      }
    },
    {
      "type": "Feature",
      "properties": {
        "color": "#3498db",
        "height": 30
      },
      "geometry": {
        "type": "Polygon",
        "coordinates": [
          [
            [
              2.3118288,
              48.862093
            ],
            [
              2.3118151,
              48.8619556
            ],
            [
              2.3123618,
              48.8619284
            ],
            [
              2.3123631,
              48.8619413
            ],
            [
              2.3123773,
              48.8619408
            ],
            [
              2.3123916,
              48.8620582
            ],
            [
              2.3123768,
              48.8620591
            ],
            [
              2.3123776,
              48.8620655
            ],
            [
              2.3118288,
              48.862093
            ]
          ]
        ]
      }
    },
    {
      "type": "Feature",
      "properties": {
        "color": "#e67e22",
        "height": 25
      },
      "geometry": {
        "type": "Polygon",
        "coordinates": [
          [
            [
              2.3067774,
              48.8710788
            ],
            [
              2.3068634,
              48.8709895
            ],
            [
              2.30688,
              48.8709723
            ],
            [
              2.3069551,
              48.8708938
            ],
            [
              2.3069782,
              48.8708704
            ],
            [
              2.3070362,
              48.8708102
            ],
            [
              2.3070369,
              48.8708092
            ],
            [
              2.3072093,
              48.8708827
            ],
            [
              2.3069092,
              48.8711884
            ],
            [
              2.3068857,
              48.8711784
            ],
            [
              2.3068221,
              48.8711514
            ],
            [
              2.3067401,
              48.8711165
            ],
            [
              2.3067582,
              48.8710982
            ],
            [
              2.3067774,
              48.8710788
            ]
          ]
        ]
      }
    },
    {
      "type": "Feature",
      "properties": {
        "color": "#3498db",
        "height": 30
      },
      "geometry": {
        "type": "Polygon",
        "coordinates": [
          [
            [
              2.3026509,
              48.8401939
            ],
            [
              2.3026147,
              48.8401868
            ],
            [
              2.3025843,
              48.8401815
            ],
            [
              2.3025418,
              48.8401811
            ],
            [
              2.302524,
              48.8401838
            ],
            [
              2.3024734,
              48.8401997
            ],
            [
              2.3024369,
              48.8402193
            ],
            [
              2.3023928,
              48.8402104
            ],
            [
              2.3023508,
              48.8402363
            ],
            [
              2.3023278,
              48.8402315
            ],
            [
              2.3022501,
              48.8400475
            ],
            [
              2.3022471,
              48.8400405
            ],
            [
              2.3023034,
              48.8400058
            ],
            [
              2.3023091,
              48.8400022
            ],
            [
              2.3023568,
              48.8400128
            ],
            [
              2.3025032,
              48.8400452
            ],
            [
              2.3025684,
              48.8400596
            ],
            [
              2.3025941,
              48.8400653
            ],
            [
              2.3026509,
              48.8401939
            ]
          ]
        ]
      }
    },
    {
      "type": "Feature",
      "properties": {
        "color": "#3498db",
        "height": 30
      },
      "geometry": {
        "type": "Polygon",
        "coordinates": [
          [
            [
              2.397265,
              48.8651629
            ],
            [
              2.3973508,
              48.8651033
            ],
            [
              2.3973789,
              48.8651243
            ],
            [
              2.3974487,
              48.8651764
            ],
            [
              2.3974828,
              48.8652019
            ],
            [
              2.3975011,
              48.8652155
            ],
            [
              2.3974787,
              48.8652315
            ],
            [
              2.3975029,
              48.8652461
            ],
            [
              2.3973559,
              48.8653508
            ],
            [
              2.3971618,
              48.8654896
            ],
            [
              2.3971086,
              48.8654611
            ],
            [
              2.396547,
              48.8658472
            ],
            [
              2.3964055,
              48.8657595
            ],
            [
              2.3963987,
              48.8657643
            ],
            [
              2.3963038,
              48.8657076
            ],
            [
              2.3964373,
              48.8656164
            ],
            [
              2.3965599,
              48.865533
            ],
            [
              2.3966186,
              48.8654929
            ],
            [
              2.3967112,
              48.8655486
            ],
            [
              2.3967144,
              48.8655464
            ],
            [
              2.3967703,
              48.8655818
            ],
            [
              2.397323,
              48.8651997
            ],
            [
              2.397265,
              48.8651629
            ]
          ]
        ]
      }
    },
    {
      "type": "Feature",
      "properties": {
        "color": "#e74c3c",
        "height": 40
      },
      "geometry": {
        "type": "Polygon",
        "coordinates": [
          [
            [
              2.3885961,
              48.8708909
            ],
            [
              2.3886688,
              48.8708395
            ],
            [
              2.3887249,
              48.8707999
            ],
            [
              2.3887891,
              48.8707544
            ],
            [
              2.3888384,
              48.8707194
            ],
            [
              2.3888877,
              48.8706847
            ],
            [
              2.3889717,
              48.8706251
            ],
            [
              2.3892505,
              48.8704154
            ],
            [
              2.3892886,
              48.8704595
            ],
            [
              2.3893239,
              48.8705004
            ],
            [
              2.3890522,
              48.8706783
            ],
            [
              2.3887518,
              48.8708811
            ],
            [
              2.388788,
              48.8709052
            ],
            [
              2.388821,
              48.8709261
            ],
            [
              2.3893739,
              48.870558
            ],
            [
              2.3894034,
              48.8705922
            ],
            [
              2.3894388,
              48.8706331
            ],
            [
              2.389424,
              48.870643
            ],
            [
              2.3893308,
              48.8707055
            ],
            [
              2.3892178,
              48.87078
            ],
            [
              2.389211,
              48.8707845
            ],
            [
              2.3892066,
              48.8707813
            ],
            [
              2.3891623,
              48.8708099
            ],
            [
              2.3891361,
              48.8708269
            ],
            [
              2.388746,
              48.8710785
            ],
            [
              2.3886961,
              48.8710261
            ],
            [
              2.3886648,
              48.8709903
            ],
            [
              2.3885813,
              48.8709015
            ],
            [
              2.3885961,
              48.8708909
            ]
          ]
        ]
      }
    },
    {
      "type": "Feature",
      "properties": {
        "color": "#e67e22",
        "height": 25
      },
      "geometry": {
        "type": "Polygon",
        "coordinates": [
          [
            [
              2.3988001,
              48.8717835
            ],
            [
              2.3986812,
              48.8717474
            ],
            [
              2.3986474,
              48.8717371
            ],
            [
              2.3986487,
              48.8717349
            ],
            [
              2.3986524,
              48.8717362
            ],
            [
              2.3986564,
              48.8717316
            ],
            [
              2.3985984,
              48.8717098
            ],
            [
              2.3986265,
              48.8716772
            ],
            [
              2.3986995,
              48.8715924
            ],
            [
              2.3987531,
              48.8716088
            ],
            [
              2.3987534,
              48.8716075
            ],
            [
              2.3987594,
              48.8716086
            ],
            [
              2.3987944,
              48.8715665
            ],
            [
              2.3987926,
              48.8715655
            ],
            [
              2.398796,
              48.87156
            ],
            [
              2.3988999,
              48.8715883
            ],
            [
              2.3989621,
              48.8716077
            ],
            [
              2.3989549,
              48.871616
            ],
            [
              2.3989518,
              48.8716145
            ],
            [
              2.3989176,
              48.8716534
            ],
            [
              2.3989205,
              48.8716555
            ],
            [
              2.3989178,
              48.8716602
            ],
            [
              2.3989683,
              48.8716774
            ],
            [
              2.3989746,
              48.8716723
            ],
            [
              2.3990496,
              48.8716935
            ],
            [
              2.399049,
              48.8716969
            ],
            [
              2.3990443,
              48.871696
            ],
            [
              2.3990366,
              48.8717079
            ],
            [
              2.3990569,
              48.8717135
            ],
            [
              2.3990659,
              48.8717002
            ],
            [
              2.399062,
              48.8716983
            ],
            [
              2.3990631,
              48.8716942
            ],
            [
              2.3991154,
              48.8717092
            ],
            [
              2.3991011,
              48.8717297
            ],
            [
              2.3990588,
              48.8717906
            ],
            [
              2.3991044,
              48.871804
            ],
            [
              2.3990648,
              48.8718638
            ],
            [
              2.3988001,
              48.8717835
            ]
          ]
        ]
      }
    },
    {
      "type": "Feature",
      "properties": {
        "color": "#e74c3c",
        "height": 40
      },
      "geometry": {
        "type": "Polygon",
        "coordinates": [
          [
            [
              2.3860482,
              48.8735963
            ],
            [
              2.3860251,
              48.8736259
            ],
            [
              2.385832,
              48.8735518
            ],
            [
              2.385904,
              48.8734701
            ],
            [
              2.3859797,
              48.8733898
            ],
            [
              2.3861208,
              48.8734455
            ],
            [
              2.3861179,
              48.8734495
            ],
            [
              2.386147,
              48.873459
            ],
            [
              2.3860766,
              48.8735537
            ],
            [
              2.3860795,
              48.8735548
            ],
            [
              2.3860482,
              48.8735963
            ]
          ]
        ]
      }
    },
    {
      "type": "Feature",
      "properties": {
        "color": "#3498db",
        "height": 30
      },
      "geometry": {
        "type": "Polygon",
        "coordinates": [
          [
            [
              2.3561652,
              48.8329159
            ],
            [
              2.3561658,
              48.8329348
            ],
            [
              2.3561704,
              48.8331416
            ],
            [
              2.3561019,
              48.8331422
            ],
            [
              2.3559128,
              48.833144
            ],
            [
              2.3557199,
              48.8331457
            ],
            [
              2.3556581,
              48.8331463
            ],
            [
              2.355654,
              48.8329553
            ],
            [
              2.3556532,
              48.8329208
            ],
            [
              2.355721,
              48.8329202
            ],
            [
              2.355868,
              48.8329187
            ],
            [
              2.3560314,
              48.8329172
            ],
            [
              2.3561652,
              48.8329159
            ]
          ]
        ]
      }
    },
    {
      "type": "Feature",
      "properties": {
        "color": "#e67e22",
        "height": 25
      },
      "geometry": {
        "type": "Polygon",
        "coordinates": [
          [
            [
              2.3229659,
              48.8415875
            ],
            [
              2.3229402,
              48.8414998
            ],
            [
              2.3229118,
              48.8414594
            ],
            [
              2.3226926,
              48.8414601
            ],
            [
              2.322596,
              48.8414601
            ],
            [
              2.3225705,
              48.8414598
            ],
            [
              2.3225662,
              48.8414597
            ],
            [
              2.3225075,
              48.8414601
            ],
            [
              2.3224696,
              48.8414597
            ],
            [
              2.3223361,
              48.8415313
            ],
            [
              2.3221595,
              48.8413872
            ],
            [
              2.3221064,
              48.8413436
            ],
            [
              2.3220015,
              48.8412582
            ],
            [
              2.3219689,
              48.8412313
            ],
            [
              2.3219356,
              48.8412044
            ],
            [
              2.3221341,
              48.8410935
            ],
            [
              2.3221619,
              48.8410247
            ],
            [
              2.3221651,
              48.8410227
            ],
            [
              2.3221939,
              48.8410098
            ],
            [
              2.3222427,
              48.8410179
            ],
            [
              2.3222469,
              48.8410066
            ],
            [
              2.3222697,
              48.8410093
            ],
            [
              2.322337,
              48.8410157
            ],
            [
              2.3224532,
              48.8410225
            ],
            [
              2.3224674,
              48.8410023
            ],
            [
              2.3225821,
              48.8410134
            ],
            [
              2.3228914,
              48.841043
            ],
            [
              2.3228738,
              48.8411672
            ],
            [
              2.3231027,
              48.8411557
            ],
            [
              2.3233322,
              48.8411441
            ],
            [
              2.3233494,
              48.8411432
            ],
            [
              2.3234084,
              48.8413823
            ],
            [
              2.3233806,
              48.8414189
            ],
            [
              2.3233598,
              48.8414463
            ],
            [
              2.3233337,
              48.8414557
            ],
            [
              2.3232339,
              48.8414915
            ],
            [
              2.3232083,
              48.8414579
            ],
            [
              2.3231063,
              48.8414585
            ],
            [
              2.3230918,
              48.8414586
            ],
            [
              2.3230345,
              48.8414593
            ],
            [
              2.3229896,
              48.8414598
            ],
            [
              2.323018,
              48.8414984
            ],
            [
              2.3230364,
              48.8414925
            ],
            [
              2.3230778,
              48.8415474
            ],
            [
              2.3230257,
              48.8415661
            ],
            [
              2.3229659,
              48.8415875
            ]
          ]
        ]
      }
    },
    {
      "type": "Feature",
      "properties": {
        "color": "#3498db",
        "height": 30
      },
      "geometry": {
        "type": "Polygon",
        "coordinates": [
          [
            [
              2.3230244,
              48.8364014
            ],
            [
              2.3230042,
              48.8363811
            ],
            [
              2.3229819,
              48.836359
            ],
            [
              2.3229579,
              48.8363352
            ],
            [
              2.322938,
              48.8363149
            ],
            [
              2.3229487,
              48.8363111
            ],
            [
              2.3229636,
              48.8363048
            ],
            [
              2.3229772,
              48.8362974
            ],
            [
              2.3229924,
              48.8362867
            ],
            [
              2.3230068,
              48.8362741
            ],
            [
              2.3230182,
              48.8362617
            ],
            [
              2.3230282,
              48.8362482
            ],
            [
              2.3230486,
              48.8361987
            ],
            [
              2.323029,
              48.836195
            ],
            [
              2.3230251,
              48.8362051
            ],
            [
              2.3229079,
              48.836185
            ],
            [
              2.3229133,
              48.8361714
            ],
            [
              2.3228852,
              48.8361564
            ],
            [
              2.3229172,
              48.8361196
            ],
            [
              2.3229275,
              48.8361048
            ],
            [
              2.3229447,
              48.8360767
            ],
            [
              2.3229821,
              48.8359813
            ],
            [
              2.3229876,
              48.8359821
            ],
            [
              2.3229915,
              48.8359719
            ],
            [
              2.3230925,
              48.8359909
            ],
            [
              2.323088,
              48.836001
            ],
            [
              2.3231269,
              48.8360079
            ],
            [
              2.323135,
              48.8359884
            ],
            [
              2.3231154,
              48.8359847
            ],
            [
              2.3231276,
              48.835955
            ],
            [
              2.3231473,
              48.8359586
            ],
            [
              2.3231667,
              48.8359108
            ],
            [
              2.3233243,
              48.8359373
            ],
            [
              2.323314,
              48.8359624
            ],
            [
              2.3232393,
              48.8361446
            ],
            [
              2.3231602,
              48.8363374
            ],
            [
              2.3231514,
              48.8363587
            ],
            [
              2.3230244,
              48.8364014
            ]
          ]
        ]
      }
    },
    {
      "type": "Feature",
      "properties": {
        "color": "#e67e22",
        "height": 25
      },
      "geometry": {
        "type": "Polygon",
        "coordinates": [
          [
            [
              2.315403,
              48.8323834
            ],
            [
              2.3154413,
              48.832356
            ],
            [
              2.3154527,
              48.8323483
            ],
            [
              2.3154696,
              48.8323363
            ],
            [
              2.3155593,
              48.832273
            ],
            [
              2.3155794,
              48.8322584
            ],
            [
              2.3156469,
              48.8322107
            ],
            [
              2.3156495,
              48.8322123
            ],
            [
              2.3159259,
              48.8323641
            ],
            [
              2.3157369,
              48.8325021
            ],
            [
              2.3156298,
              48.832507
            ],
            [
              2.3156042,
              48.8324931
            ],
            [
              2.315459,
              48.8324139
            ],
            [
              2.315403,
              48.8323834
            ]
          ]
        ]
      }
    },
    {
      "type": "Feature",
      "properties": {
        "color": "#e74c3c",
        "height": 40
      },
      "geometry": {
        "type": "Polygon",
        "coordinates": [
          [
            [
              2.306735,
              48.8325587
            ],
            [
              2.306657,
              48.8325896
            ],
            [
              2.306535,
              48.8326377
            ],
            [
              2.3062785,
              48.8323622
            ],
            [
              2.3064752,
              48.8322815
            ],
            [
              2.3065797,
              48.8323932
            ],
            [
              2.306735,
              48.8325587
            ]
          ]
        ]
      }
    },
    {
      "type": "Feature",
      "properties": {
        "color": "#e74c3c",
        "height": 40
      },
      "geometry": {
        "type": "Polygon",
        "coordinates": [
          [
            [
              2.3175725,
              48.8487275
            ],
            [
              2.3176198,
              48.8487389
            ],
            [
              2.3176929,
              48.8487565
            ],
            [
              2.3177274,
              48.8487648
            ],
            [
              2.3179453,
              48.8488173
            ],
            [
              2.3179822,
              48.8488262
            ],
            [
              2.3180571,
              48.8488442
            ],
            [
              2.3182215,
              48.8488837
            ],
            [
              2.3183156,
              48.8489062
            ],
            [
              2.3183286,
              48.8489091
            ],
            [
              2.3183684,
              48.8489187
            ],
            [
              2.318339,
              48.8489714
            ],
            [
              2.3179619,
              48.8496529
            ],
            [
              2.3179489,
              48.8496588
            ],
            [
              2.3179166,
              48.8496597
            ],
            [
              2.317904,
              48.8496792
            ],
            [
              2.3178913,
              48.8496986
            ],
            [
              2.3179039,
              48.8497062
            ],
            [
              2.3179164,
              48.8497137
            ],
            [
              2.31792,
              48.8497265
            ],
            [
              2.3178897,
              48.8497825
            ],
            [
              2.3178775,
              48.8498044
            ],
            [
              2.3178695,
              48.8498188
            ],
            [
              2.3178348,
              48.8498815
            ],
            [
              2.3177997,
              48.8499464
            ],
            [
              2.3177578,
              48.8499377
            ],
            [
              2.3176766,
              48.8500857
            ],
            [
              2.3176388,
              48.8500971
            ],
            [
              2.3175242,
              48.8500676
            ],
            [
              2.3174176,
              48.8500401
            ],
            [
              2.316971,
              48.849925
            ],
            [
              2.3169047,
              48.849908
            ],
            [
              2.3171191,
              48.8495293
            ],
            [
              2.3171396,
              48.849493
            ],
            [
              2.3171713,
              48.8494388
            ],
            [
              2.3172033,
              48.8493822
            ],
            [
              2.3172119,
              48.8493681
            ],
            [
              2.3172923,
              48.8492253
            ],
            [
              2.3173356,
              48.8491491
            ],
            [
              2.3174214,
              48.8489959
            ],
            [
              2.3174944,
              48.8488649
            ],
            [
              2.3175725,
              48.8487275
            ]
          ]
        ]
      }
    },
    {
      "type": "Feature",
      "properties": {
        "color": "#e74c3c",
        "height": 40
      },
      "geometry": {
        "type": "Polygon",
        "coordinates": [
          [
            [
              2.3171962,
              48.8453521
            ],
            [
              2.3171586,
              48.8453986
            ],
            [
              2.3171227,
              48.8454431
            ],
            [
              2.317105,
              48.845465
            ],
            [
              2.3170728,
              48.8455038
            ],
            [
              2.3170363,
              48.8455489
            ],
            [
              2.3169994,
              48.8455947
            ],
            [
              2.3169503,
              48.8456552
            ],
            [
              2.3169138,
              48.8457003
            ],
            [
              2.3168865,
              48.8457337
            ],
            [
              2.3168517,
              48.8457761
            ],
            [
              2.3168252,
              48.8458091
            ],
            [
              2.3165757,
              48.8461203
            ],
            [
              2.3167841,
              48.8461952
            ],
            [
              2.3168621,
              48.8462625
            ],
            [
              2.3169922,
              48.8463719
            ],
            [
              2.3170056,
              48.8463826
            ],
            [
              2.3169492,
              48.8464117
            ],
            [
              2.316418,
              48.8466855
            ],
            [
              2.3162597,
              48.8466363
            ],
            [
              2.3156805,
              48.846456
            ],
            [
              2.3151116,
              48.84628
            ],
            [
              2.314901,
              48.846215
            ],
            [
              2.314457,
              48.846077
            ],
            [
              2.3144382,
              48.8460713
            ],
            [
              2.314414,
              48.846064
            ],
            [
              2.3136494,
              48.8458266
            ],
            [
              2.3136058,
              48.8458138
            ],
            [
              2.3133022,
              48.8457189
            ],
            [
              2.312728,
              48.845542
            ],
            [
              2.3126848,
              48.8455279
            ],
            [
              2.3126528,
              48.8455172
            ],
            [
              2.3125678,
              48.8454918
            ],
            [
              2.3124906,
              48.8454674
            ],
            [
              2.312286,
              48.8454047
            ],
            [
              2.312295,
              48.845394
            ],
            [
              2.312365,
              48.845302
            ],
            [
              2.3125169,
              48.8451021
            ],
            [
              2.3125386,
              48.8451086
            ],
            [
              2.312629,
              48.845137
            ],
            [
              2.312701,
              48.8451583
            ],
            [
              2.3131232,
              48.8445615
            ],
            [
              2.3133123,
              48.8445843
            ],
            [
              2.313324,
              48.844571
            ],
            [
              2.313366,
              48.844511
            ],
            [
              2.3136353,
              48.8441152
            ],
            [
              2.3138454,
              48.8438079
            ],
            [
              2.3143397,
              48.8439525
            ],
            [
              2.314348,
              48.8439401
            ],
            [
              2.3144617,
              48.8437748
            ],
            [
              2.3144693,
              48.8437603
            ],
            [
              2.3145177,
              48.8437738
            ],
            [
              2.3145613,
              48.8437858
            ],
            [
              2.3145704,
              48.8437883
            ],
            [
              2.3146909,
              48.8438243
            ],
            [
              2.31488,
              48.843881
            ],
            [
              2.314884,
              48.843875
            ],
            [
              2.3151216,
              48.8439449
            ],
            [
              2.3150793,
              48.8440085
            ],
            [
              2.315034,
              48.844076
            ],
            [
              2.3149807,
              48.8441546
            ],
            [
              2.31491,
              48.844259
            ],
            [
              2.3149647,
              48.8442761
            ],
            [
              2.3150104,
              48.8442903
            ],
            [
              2.3150157,
              48.8442835
            ],
            [
              2.3150245,
              48.8442862
            ],
            [
              2.3151048,
              48.8441864
            ],
            [
              2.315135,
              48.844149
            ],
            [
              2.315186,
              48.844076
            ],
            [
              2.315217,
              48.844033
            ],
            [
              2.315238,
              48.844002
            ],
            [
              2.3152575,
              48.8439748
            ],
            [
              2.3152709,
              48.8439555
            ],
            [
              2.315287,
              48.8439328
            ],
            [
              2.3153455,
              48.8438494
            ],
            [
              2.315404,
              48.843867
            ],
            [
              2.3154567,
              48.843883
            ],
            [
              2.315721,
              48.843962
            ],
            [
              2.31576,
              48.843974
            ],
            [
              2.3157863,
              48.8439823
            ],
            [
              2.3161661,
              48.8440958
            ],
            [
              2.316188,
              48.8441028
            ],
            [
              2.3166054,
              48.844229
            ],
            [
              2.3172519,
              48.8444243
            ],
            [
              2.3175614,
              48.8446093
            ],
            [
              2.3176605,
              48.8446695
            ],
            [
              2.317798,
              48.844753
            ],
            [
              2.3178222,
              48.8447681
            ],
            [
              2.3178783,
              48.8448032
            ],
            [
              2.317915,
              48.844826
            ],
            [
              2.3185752,
              48.8452417
            ],
            [
              2.3186745,
              48.8453063
            ],
            [
              2.3187314,
              48.845381
            ],
            [
              2.3188139,
              48.8454458
            ],
            [
              2.3182654,
              48.8457308
            ],
            [
              2.318259,
              48.8457352
            ],
            [
              2.3180685,
              48.8456329
            ],
            [
              2.3178788,
              48.8455312
            ],
            [
              2.3176531,
              48.84541
            ],
            [
              2.3175253,
              48.8453417
            ],
            [
              2.317302,
              48.8452216
            ],
            [
              2.3172604,
              48.8452731
            ],
            [
              2.3171962,
              48.8453521
            ]
          ]
        ]
      }
    },
    {
      "type": "Feature",
      "properties": {
        "color": "#e74c3c",
        "height": 40
      },
      "geometry": {
        "type": "Polygon",
        "coordinates": [
          [
            [
              2.3817305,
              48.8469807
            ],
            [
              2.3817653,
              48.8469377
            ],
            [
              2.3818117,
              48.8469226
            ],
            [
              2.3818409,
              48.846926
            ],
            [
              2.3819756,
              48.8469417
            ],
            [
              2.3820231,
              48.8469472
            ],
            [
              2.3820482,
              48.8469501
            ],
            [
              2.3820978,
              48.8469559
            ],
            [
              2.3821325,
              48.8469599
            ],
            [
              2.3829225,
              48.8470497
            ],
            [
              2.3830395,
              48.8470608
            ],
            [
              2.3831859,
              48.84708
            ],
            [
              2.383299,
              48.8470929
            ],
            [
              2.3833841,
              48.8471026
            ],
            [
              2.3835811,
              48.8471249
            ],
            [
              2.3836064,
              48.8471427
            ],
            [
              2.3836254,
              48.847156
            ],
            [
              2.3836429,
              48.8471705
            ],
            [
              2.3836543,
              48.8471855
            ],
            [
              2.3836599,
              48.8471949
            ],
            [
              2.3836616,
              48.8472039
            ],
            [
              2.3836758,
              48.8472823
            ],
            [
              2.3837203,
              48.8475262
            ],
            [
              2.3837226,
              48.8475388
            ],
            [
              2.3837321,
              48.8475909
            ],
            [
              2.3838388,
              48.8481773
            ],
            [
              2.3838825,
              48.8484176
            ],
            [
              2.3838925,
              48.8484724
            ],
            [
              2.3839481,
              48.8487774
            ],
            [
              2.3839862,
              48.8489865
            ],
            [
              2.3840822,
              48.8495129
            ],
            [
              2.3835054,
              48.8495577
            ],
            [
              2.3835541,
              48.8498498
            ],
            [
              2.3835496,
              48.8498503
            ],
            [
              2.3835504,
              48.8498527
            ],
            [
              2.3835004,
              48.8498607
            ],
            [
              2.3834573,
              48.8500075
            ],
            [
              2.3834683,
              48.8500448
            ],
            [
              2.3834641,
              48.8500453
            ],
            [
              2.3833964,
              48.8500537
            ],
            [
              2.3833955,
              48.8500503
            ],
            [
              2.3832507,
              48.8500642
            ],
            [
              2.3832409,
              48.8500108
            ],
            [
              2.3832208,
              48.8500122
            ],
            [
              2.3830603,
              48.8500218
            ],
            [
              2.3830227,
              48.8500241
            ],
            [
              2.3830168,
              48.8500006
            ],
            [
              2.3830113,
              48.8499787
            ],
            [
              2.3830076,
              48.8499791
            ],
            [
              2.3829417,
              48.849986
            ],
            [
              2.3829241,
              48.8499878
            ],
            [
              2.3828856,
              48.8499919
            ],
            [
              2.3828469,
              48.8499959
            ],
            [
              2.3828282,
              48.8499979
            ],
            [
              2.3828134,
              48.8499994
            ],
            [
              2.3827722,
              48.8500037
            ],
            [
              2.3827936,
              48.8500892
            ],
            [
              2.3826856,
              48.8500981
            ],
            [
              2.3825801,
              48.8501064
            ],
            [
              2.3824223,
              48.8501185
            ],
            [
              2.3823495,
              48.8501245
            ],
            [
              2.3823472,
              48.8501093
            ],
            [
              2.3822427,
              48.8501163
            ],
            [
              2.3821816,
              48.8501211
            ],
            [
              2.3821476,
              48.8501234
            ],
            [
              2.3820538,
              48.8501302
            ],
            [
              2.3820219,
              48.8501325
            ],
            [
              2.3818876,
              48.8501418
            ],
            [
              2.3818858,
              48.8501398
            ],
            [
              2.3818353,
              48.850098
            ],
            [
              2.3817784,
              48.8500463
            ],
            [
              2.381776,
              48.8500375
            ],
            [
              2.3817736,
              48.8500286
            ],
            [
              2.3817524,
              48.8499527
            ],
            [
              2.3817348,
              48.849888
            ],
            [
              2.3815873,
              48.8493512
            ],
            [
              2.3814874,
              48.8493651
            ],
            [
              2.3812934,
              48.8493922
            ],
            [
              2.3811844,
              48.8494075
            ],
            [
              2.3811803,
              48.8494074
            ],
            [
              2.3811666,
              48.8493489
            ],
            [
              2.3811258,
              48.8492151
            ],
            [
              2.3811066,
              48.8491474
            ],
            [
              2.3811116,
              48.8491409
            ],
            [
              2.3811044,
              48.8491157
            ],
            [
              2.3811034,
              48.8491121
            ],
            [
              2.3810761,
              48.8490125
            ],
            [
              2.3810552,
              48.8489367
            ],
            [
              2.3810537,
              48.8489311
            ],
            [
              2.381051,
              48.8489214
            ],
            [
              2.3810369,
              48.8488697
            ],
            [
              2.3810086,
              48.8487673
            ],
            [
              2.3809907,
              48.8487024
            ],
            [
              2.3809769,
              48.8486523
            ],
            [
              2.3809105,
              48.8484121
            ],
            [
              2.3809147,
              48.8484116
            ],
            [
              2.3808989,
              48.8483531
            ],
            [
              2.3808938,
              48.8483536
            ],
            [
              2.3808921,
              48.8483474
            ],
            [
              2.3808987,
              48.8483465
            ],
            [
              2.3808803,
              48.8482763
            ],
            [
              2.3808762,
              48.8482608
            ],
            [
              2.3808718,
              48.8482614
            ],
            [
              2.3808398,
              48.8481535
            ],
            [
              2.3808435,
              48.8481531
            ],
            [
              2.3808342,
              48.8481057
            ],
            [
              2.3808957,
              48.8480286
            ],
            [
              2.3810212,
              48.8478712
            ],
            [
              2.3811867,
              48.8476636
            ],
            [
              2.3812927,
              48.8475307
            ],
            [
              2.3813018,
              48.8475139
            ],
            [
              2.3813377,
              48.8474714
            ],
            [
              2.3813771,
              48.8474248
            ],
            [
              2.3814761,
              48.8473007
            ],
            [
              2.381538,
              48.8472231
            ],
            [
              2.3815805,
              48.8471695
            ],
            [
              2.38159,
              48.8471576
            ],
            [
              2.3816861,
              48.8470366
            ],
            [
              2.3817305,
              48.8469807
            ]
          ]
        ]
      }
    },
    {
      "type": "Feature",
      "properties": {
        "color": "#e74c3c",
        "height": 40
      },
      "geometry": {
        "type": "Polygon",
        "coordinates": [
          [
            [
              2.3973391,
              48.8429878
            ],
            [
              2.3973817,
              48.8429888
            ],
            [
              2.3973902,
              48.8429783
            ],
            [
              2.3973983,
              48.8429683
            ],
            [
              2.3974513,
              48.8429043
            ],
            [
              2.3974771,
              48.8428949
            ],
            [
              2.3974842,
              48.8428879
            ],
            [
              2.398252,
              48.8429228
            ],
            [
              2.3982535,
              48.8428902
            ],
            [
              2.3982549,
              48.8428599
            ],
            [
              2.3983973,
              48.8428755
            ],
            [
              2.398404,
              48.8428765
            ],
            [
              2.3986068,
              48.8428987
            ],
            [
              2.398788,
              48.8429186
            ],
            [
              2.3989867,
              48.8429404
            ],
            [
              2.3990185,
              48.8429439
            ],
            [
              2.3992071,
              48.8429646
            ],
            [
              2.3992506,
              48.8429694
            ],
            [
              2.39958,
              48.8430055
            ],
            [
              2.4008207,
              48.8430675
            ],
            [
              2.4008858,
              48.8430709
            ],
            [
              2.401031,
              48.8430784
            ],
            [
              2.4010921,
              48.8430814
            ],
            [
              2.4011271,
              48.8430831
            ],
            [
              2.4012193,
              48.8430877
            ],
            [
              2.4012699,
              48.8431149
            ],
            [
              2.4012847,
              48.8431559
            ],
            [
              2.4013112,
              48.8432296
            ],
            [
              2.4013189,
              48.8432502
            ],
            [
              2.4013489,
              48.8433304
            ],
            [
              2.40139,
              48.8434404
            ],
            [
              2.4014146,
              48.8435063
            ],
            [
              2.4014254,
              48.8435355
            ],
            [
              2.4014333,
              48.8435569
            ],
            [
              2.4014893,
              48.8437075
            ],
            [
              2.4013663,
              48.8437267
            ],
            [
              2.4011105,
              48.8437667
            ],
            [
              2.4011125,
              48.8438377
            ],
            [
              2.4011122,
              48.8438575
            ],
            [
              2.4011141,
              48.8439343
            ],
            [
              2.4011106,
              48.8439343
            ],
            [
              2.4007665,
              48.8439237
            ],
            [
              2.4006969,
              48.8439216
            ],
            [
              2.3996873,
              48.8438894
            ],
            [
              2.3992244,
              48.8438789
            ],
            [
              2.3979498,
              48.8438099
            ],
            [
              2.3978846,
              48.8438064
            ],
            [
              2.3978909,
              48.8437448
            ],
            [
              2.3979169,
              48.843497
            ],
            [
              2.3979408,
              48.8432697
            ],
            [
              2.3973337,
              48.8432411
            ],
            [
              2.3971459,
              48.8432304
            ],
            [
              2.3971798,
              48.8431887
            ],
            [
              2.3971917,
              48.8431745
            ],
            [
              2.3972526,
              48.8431002
            ],
            [
              2.3972612,
              48.8430839
            ],
            [
              2.3973004,
              48.8430355
            ],
            [
              2.3973391,
              48.8429878
            ]
          ]
        ]
      }
    },
    {
      "type": "Feature",
      "properties": {
        "color": "#e74c3c",
        "height": 40
      },
      "geometry": {
        "type": "Polygon",
        "coordinates": [
          [
            [
              2.351793,
              48.83861
            ],
            [
              2.3517869,
              48.8386079
            ],
            [
              2.3517732,
              48.8385999
            ],
            [
              2.3517564,
              48.8385857
            ],
            [
              2.3517483,
              48.8385715
            ],
            [
              2.351745,
              48.8385574
            ],
            [
              2.3517455,
              48.8385493
            ],
            [
              2.3517545,
              48.8385324
            ],
            [
              2.3517405,
              48.8385287
            ],
            [
              2.3521602,
              48.8379535
            ],
            [
              2.3522638,
              48.8379316
            ],
            [
              2.3535933,
              48.8384084
            ],
            [
              2.3531714,
              48.8388592
            ],
            [
              2.3529738,
              48.8388236
            ],
            [
              2.3526733,
              48.8387652
            ],
            [
              2.3526388,
              48.8387591
            ],
            [
              2.3526029,
              48.8387528
            ],
            [
              2.3523525,
              48.8387087
            ],
            [
              2.3523332,
              48.8386911
            ],
            [
              2.3523165,
              48.8386882
            ],
            [
              2.3522962,
              48.8386848
            ],
            [
              2.3522703,
              48.8386951
            ],
            [
              2.351793,
              48.83861
            ]
          ]
        ]
      }
    },
    {
      "type": "Feature",
      "properties": {
        "color": "#3498db",
        "height": 30
      },
      "geometry": {
        "type": "Polygon",
        "coordinates": [
          [
            [
              2.3480607,
              48.8495531
            ],
            [
              2.34832,
              48.8494957
            ],
            [
              2.3485789,
              48.8494385
            ],
            [
              2.3485391,
              48.8493607
            ],
            [
              2.3484905,
              48.8492657
            ],
            [
              2.3479735,
              48.8493799
            ],
            [
              2.3480102,
              48.8494529
            ],
            [
              2.3480607,
              48.8495531
            ]
          ]
        ]
      }
    },
    {
      "type": "Feature",
      "properties": {
        "color": "#e67e22",
        "height": 25
      },
      "geometry": {
        "type": "Polygon",
        "coordinates": [
          [
            [
              2.3443224,
              48.8766667
            ],
            [
              2.3441661,
              48.8766688
            ],
            [
              2.3441602,
              48.87665
            ],
            [
              2.3441339,
              48.876566
            ],
            [
              2.3442772,
              48.8765603
            ],
            [
              2.3442836,
              48.8765631
            ],
            [
              2.344304,
              48.8766176
            ],
            [
              2.3443224,
              48.8766667
            ]
          ]
        ]
      }
    },
    {
      "type": "Feature",
      "properties": {
        "color": "#e74c3c",
        "height": 40
      },
      "geometry": {
        "type": "Polygon",
        "coordinates": [
          [
            [
              2.358811,
              48.8388066
            ],
            [
              2.358694,
              48.8387687
            ],
            [
              2.3584979,
              48.8387048
            ],
            [
              2.3581734,
              48.8386023
            ],
            [
              2.3580564,
              48.8385636
            ],
            [
              2.3580344,
              48.8385207
            ],
            [
              2.3582649,
              48.838207
            ],
            [
              2.3583302,
              48.8381938
            ],
            [
              2.3587836,
              48.8383645
            ],
            [
              2.3589024,
              48.8384093
            ],
            [
              2.3590748,
              48.8384743
            ],
            [
              2.3589924,
              48.8385755
            ],
            [
              2.358831,
              48.8387736
            ],
            [
              2.358811,
              48.8388066
            ]
          ]
        ]
      }
    },
    {
      "type": "Feature",
      "properties": {
        "color": "#e74c3c",
        "height": 40
      },
      "geometry": {
        "type": "Polygon",
        "coordinates": [
          [
            [
              2.3690668,
              48.8358521
            ],
            [
              2.3692672,
              48.8359381
            ],
            [
              2.3692497,
              48.8359552
            ],
            [
              2.3693124,
              48.8359823
            ],
            [
              2.369448,
              48.8360412
            ],
            [
              2.3696596,
              48.8361333
            ],
            [
              2.3696789,
              48.8361136
            ],
            [
              2.3700456,
              48.8362711
            ],
            [
              2.3701835,
              48.8363276
            ],
            [
              2.3703149,
              48.8363745
            ],
            [
              2.370093,
              48.8365912
            ],
            [
              2.3698562,
              48.8368225
            ],
            [
              2.3698976,
              48.836838
            ],
            [
              2.3694733,
              48.8372656
            ],
            [
              2.3692799,
              48.8374579
            ],
            [
              2.3680848,
              48.8386495
            ],
            [
              2.3673955,
              48.8393279
            ],
            [
              2.3673528,
              48.8393694
            ],
            [
              2.3672501,
              48.8394738
            ],
            [
              2.3665108,
              48.8392339
            ],
            [
              2.3659511,
              48.8400144
            ],
            [
              2.3653414,
              48.8398111
            ],
            [
              2.3649794,
              48.8398593
            ],
            [
              2.3644624,
              48.8404971
            ],
            [
              2.3642052,
              48.8404205
            ],
            [
              2.3637347,
              48.84027
            ],
            [
              2.3636687,
              48.8403448
            ],
            [
              2.3636444,
              48.8403387
            ],
            [
              2.3634353,
              48.8402731
            ],
            [
              2.3634213,
              48.8402688
            ],
            [
              2.3634381,
              48.8402447
            ],
            [
              2.363418,
              48.840239
            ],
            [
              2.363394,
              48.8402321
            ],
            [
              2.3633772,
              48.840255
            ],
            [
              2.3633689,
              48.8402663
            ],
            [
              2.3632516,
              48.8402287
            ],
            [
              2.3632501,
              48.8402308
            ],
            [
              2.3632283,
              48.8402238
            ],
            [
              2.3632297,
              48.8402218
            ],
            [
              2.3632044,
              48.8402138
            ],
            [
              2.3631998,
              48.8402123
            ],
            [
              2.3631791,
              48.8402057
            ],
            [
              2.3631776,
              48.8402077
            ],
            [
              2.3631584,
              48.8402015
            ],
            [
              2.3631598,
              48.8401997
            ],
            [
              2.363042,
              48.840162
            ],
            [
              2.3630472,
              48.8401548
            ],
            [
              2.3630655,
              48.8401294
            ],
            [
              2.3630405,
              48.840121
            ],
            [
              2.3630089,
              48.840111
            ],
            [
              2.3629878,
              48.840136
            ],
            [
              2.3628648,
              48.8400964
            ],
            [
              2.362208,
              48.8398866
            ],
            [
              2.3621086,
              48.8398547
            ],
            [
              2.3620949,
              48.8398581
            ],
            [
              2.3620869,
              48.8398477
            ],
            [
              2.3620772,
              48.839851
            ],
            [
              2.3620301,
              48.8397879
            ],
            [
              2.3620281,
              48.8397852
            ],
            [
              2.3619346,
              48.8396596
            ],
            [
              2.3612745,
              48.8387748
            ],
            [
              2.3612486,
              48.8387405
            ],
            [
              2.361049,
              48.8384747
            ],
            [
              2.361035,
              48.8384787
            ],
            [
              2.3610161,
              48.8384531
            ],
            [
              2.3609706,
              48.8383914
            ],
            [
              2.3610316,
              48.8383713
            ],
            [
              2.3612638,
              48.8382947
            ],
            [
              2.361375,
              48.8382581
            ],
            [
              2.3614412,
              48.8381672
            ],
            [
              2.3614898,
              48.838101
            ],
            [
              2.3615341,
              48.8380403
            ],
            [
              2.3617686,
              48.8377189
            ],
            [
              2.3616925,
              48.8376941
            ],
            [
              2.3615281,
              48.8376406
            ],
            [
              2.3609641,
              48.8374569
            ],
            [
              2.3609485,
              48.8374522
            ],
            [
              2.3607626,
              48.8373908
            ],
            [
              2.3607383,
              48.8373994
            ],
            [
              2.3605403,
              48.837462
            ],
            [
              2.36033,
              48.8375286
            ],
            [
              2.3602512,
              48.8374237
            ],
            [
              2.3605706,
              48.8373226
            ],
            [
              2.3606104,
              48.8372786
            ],
            [
              2.3606412,
              48.8372447
            ],
            [
              2.3606429,
              48.8372427
            ],
            [
              2.3606451,
              48.8372468
            ],
            [
              2.3607776,
              48.8372127
            ],
            [
              2.3612604,
              48.8365504
            ],
            [
              2.3611427,
              48.836513
            ],
            [
              2.3609883,
              48.8364661
            ],
            [
              2.3607852,
              48.8363851
            ],
            [
              2.3610328,
              48.8364051
            ],
            [
              2.3612046,
              48.8364192
            ],
            [
              2.3613976,
              48.8364343
            ],
            [
              2.3616084,
              48.8361689
            ],
            [
              2.3617531,
              48.8359868
            ],
            [
              2.3618481,
              48.8358673
            ],
            [
              2.361978,
              48.8357039
            ],
            [
              2.3620591,
              48.8356015
            ],
            [
              2.3620429,
              48.8355887
            ],
            [
              2.3620641,
              48.8355728
            ],
            [
              2.3620665,
              48.8355551
            ],
            [
              2.3620109,
              48.8355081
            ],
            [
              2.3622465,
              48.8353821
            ],
            [
              2.3623199,
              48.8353428
            ],
            [
              2.3632374,
              48.8348507
            ],
            [
              2.3632805,
              48.8348287
            ],
            [
              2.3633654,
              48.8347828
            ],
            [
              2.3634247,
              48.8347513
            ],
            [
              2.3634474,
              48.8347392
            ],
            [
              2.3634928,
              48.8347151
            ],
            [
              2.3637199,
              48.834594
            ],
            [
              2.3637588,
              48.8345721
            ],
            [
              2.3638807,
              48.8345656
            ],
            [
              2.3641561,
              48.8346693
            ],
            [
              2.364622,
              48.8348424
            ],
            [
              2.3647401,
              48.834889
            ],
            [
              2.3648058,
              48.8349137
            ],
            [
              2.3648347,
              48.8349246
            ],
            [
              2.3648602,
              48.8349342
            ],
            [
              2.3648679,
              48.8349385
            ],
            [
              2.3648806,
              48.8349419
            ],
            [
              2.3649053,
              48.834951
            ],
            [
              2.3649321,
              48.8349613
            ],
            [
              2.3649838,
              48.8349808
            ],
            [
              2.3652981,
              48.8350994
            ],
            [
              2.3658227,
              48.8352972
            ],
            [
              2.3662287,
              48.8354503
            ],
            [
              2.3662729,
              48.8354669
            ],
            [
              2.3665233,
              48.8352347
            ],
            [
              2.366543,
              48.8352152
            ],
            [
              2.3669204,
              48.8348653
            ],
            [
              2.366944,
              48.8348433
            ],
            [
              2.3669761,
              48.8348135
            ],
            [
              2.3670197,
              48.8348076
            ],
            [
              2.367319,
              48.834907
            ],
            [
              2.3678271,
              48.8350756
            ],
            [
              2.3678705,
              48.83509
            ],
            [
              2.3679029,
              48.8351008
            ],
            [
              2.3679534,
              48.8351176
            ],
            [
              2.3681783,
              48.8351925
            ],
            [
              2.3684901,
              48.8352963
            ],
            [
              2.3688356,
              48.8354114
            ],
            [
              2.3691164,
              48.8355043
            ],
            [
              2.3689875,
              48.8356768
            ],
            [
              2.3690668,
              48.8358521
            ]
          ]
        ]
      }
    },
    {
      "type": "Feature",
      "properties": {
        "color": "#e74c3c",
        "height": 40
      },
      "geometry": {
        "type": "Polygon",
        "coordinates": [
          [
            [
              2.3799902,
              48.8740456
            ],
            [
              2.3799767,
              48.8741155
            ],
            [
              2.3799751,
              48.874128
            ],
            [
              2.3800406,
              48.874144
            ],
            [
              2.3800151,
              48.8741898
            ],
            [
              2.3801578,
              48.8742008
            ],
            [
              2.3801374,
              48.8742881
            ],
            [
              2.3805393,
              48.8743926
            ],
            [
              2.3805412,
              48.8743909
            ],
            [
              2.3807715,
              48.8744509
            ],
            [
              2.380777,
              48.874441
            ],
            [
              2.3808008,
              48.8744468
            ],
            [
              2.3808804,
              48.8744654
            ],
            [
              2.3809067,
              48.8744718
            ],
            [
              2.3810029,
              48.8743073
            ],
            [
              2.3808808,
              48.8742757
            ],
            [
              2.3805753,
              48.8741968
            ],
            [
              2.380397,
              48.8741507
            ],
            [
              2.3803176,
              48.8741302
            ],
            [
              2.3799902,
              48.8740456
            ]
          ]
        ]
      }
    },
    {
      "type": "Feature",
      "properties": {
        "color": "#3498db",
        "height": 30
      },
      "geometry": {
        "type": "Polygon",
        "coordinates": [
          [
            [
              2.3255298,
              48.8763862
            ],
            [
              2.3255124,
              48.8763836
            ],
            [
              2.3254304,
              48.8763735
            ],
            [
              2.3254231,
              48.8763985
            ],
            [
              2.3254132,
              48.8764327
            ],
            [
              2.3254126,
              48.8764346
            ],
            [
              2.3254636,
              48.8764408
            ],
            [
              2.3255128,
              48.8764468
            ],
            [
              2.3255298,
              48.8763862
            ]
          ]
        ]
      }
    },
    {
      "type": "Feature",
      "properties": {
        "color": "#2ecc71",
        "height": 20
      },
      "geometry": {
        "type": "Polygon",
        "coordinates": [
          [
            [
              2.3248402,
              48.8760615
            ],
            [
              2.3248616,
              48.8759873
            ],
            [
              2.325065,
              48.8760124
            ],
            [
              2.3250552,
              48.8760524
            ],
            [
              2.325046,
              48.8760871
            ],
            [
              2.3250129,
              48.8760831
            ],
            [
              2.3248402,
              48.8760615
            ]
          ]
        ]
      }
    },
    {
      "type": "Feature",
      "properties": {
        "color": "#e67e22",
        "height": 25
      },
      "geometry": {
        "type": "Polygon",
        "coordinates": [
          [
            [
              2.3238433,
              48.8760493
            ],
            [
              2.3239408,
              48.8760612
            ],
            [
              2.323954,
              48.8760628
            ],
            [
              2.3240581,
              48.8760755
            ],
            [
              2.3241194,
              48.8760832
            ],
            [
              2.3241213,
              48.8760834
            ],
            [
              2.3241283,
              48.8760581
            ],
            [
              2.3241371,
              48.8760261
            ],
            [
              2.3241512,
              48.8759745
            ],
            [
              2.3240793,
              48.8759658
            ],
            [
              2.3241047,
              48.8758732
            ],
            [
              2.3241069,
              48.8758662
            ],
            [
              2.3240776,
              48.8758628
            ],
            [
              2.3239613,
              48.8758485
            ],
            [
              2.3239479,
              48.875847
            ],
            [
              2.3238643,
              48.8760087
            ],
            [
              2.3238433,
              48.8760493
            ]
          ]
        ]
      }
    },
    {
      "type": "Feature",
      "properties": {
        "color": "#2ecc71",
        "height": 20
      },
      "geometry": {
        "type": "Polygon",
        "coordinates": [
          [
            [
              2.3754345,
              48.8444389
            ],
            [
              2.3754591,
              48.8444253
            ],
            [
              2.3755359,
              48.844383
            ],
            [
              2.3755197,
              48.8443703
            ],
            [
              2.3754094,
              48.8442836
            ],
            [
              2.3754046,
              48.8442863
            ],
            [
              2.3754014,
              48.8442838
            ],
            [
              2.3753639,
              48.8443045
            ],
            [
              2.3753695,
              48.8443089
            ],
            [
              2.3753559,
              48.8443164
            ],
            [
              2.3753623,
              48.8443214
            ],
            [
              2.3753326,
              48.8443377
            ],
            [
              2.3753741,
              48.8443703
            ],
            [
              2.3753582,
              48.844379
            ],
            [
              2.3754345,
              48.8444389
            ]
          ]
        ]
      }
    },
    {
      "type": "Feature",
      "properties": {
        "color": "#2ecc71",
        "height": 20
      },
      "geometry": {
        "type": "Polygon",
        "coordinates": [
          [
            [
              2.3043922,
              48.8719308
            ],
            [
              2.3043614,
              48.8718893
            ],
            [
              2.3043981,
              48.8718775
            ],
            [
              2.3043895,
              48.8718659
            ],
            [
              2.3044631,
              48.8718423
            ],
            [
              2.3045025,
              48.8718954
            ],
            [
              2.3044037,
              48.8719271
            ],
            [
              2.3043922,
              48.8719308
            ]
          ]
        ]
      }
    },
    {
      "type": "Feature",
      "properties": {
        "color": "#2ecc71",
        "height": 20
      },
      "geometry": {
        "type": "Polygon",
        "coordinates": [
          [
            [
              2.3598364,
              48.8764605
            ],
            [
              2.3598299,
              48.8764621
            ],
            [
              2.3598304,
              48.8764629
            ],
            [
              2.3598188,
              48.8764659
            ],
            [
              2.3598183,
              48.8764651
            ],
            [
              2.3598099,
              48.8764672
            ],
            [
              2.3598103,
              48.876468
            ],
            [
              2.3597917,
              48.8764728
            ],
            [
              2.3597913,
              48.8764721
            ],
            [
              2.3597898,
              48.8764696
            ],
            [
              2.3597765,
              48.8764652
            ],
            [
              2.3597338,
              48.8764761
            ],
            [
              2.3597288,
              48.8764856
            ],
            [
              2.3597304,
              48.8764878
            ],
            [
              2.359731,
              48.8764887
            ],
            [
              2.3597132,
              48.8764933
            ],
            [
              2.3597127,
              48.8764923
            ],
            [
              2.3597038,
              48.8764946
            ],
            [
              2.3597044,
              48.8764956
            ],
            [
              2.3596925,
              48.8764986
            ],
            [
              2.359692,
              48.8764977
            ],
            [
              2.3596846,
              48.8764996
            ],
            [
              2.3596829,
              48.8764968
            ],
            [
              2.359675,
              48.8764988
            ],
            [
              2.3596763,
              48.876501
            ],
            [
              2.3596224,
              48.8765149
            ],
            [
              2.3596211,
              48.8765127
            ],
            [
              2.3596185,
              48.8765134
            ],
            [
              2.3596065,
              48.8764932
            ],
            [
              2.3596089,
              48.8764925
            ],
            [
              2.3596057,
              48.8764871
            ],
            [
              2.3596033,
              48.8764878
            ],
            [
              2.3595862,
              48.8764591
            ],
            [
              2.3595886,
              48.8764585
            ],
            [
              2.3595854,
              48.8764531
            ],
            [
              2.3595828,
              48.8764538
            ],
            [
              2.3595707,
              48.8764336
            ],
            [
              2.3595734,
              48.8764329
            ],
            [
              2.3595729,
              48.8764321
            ],
            [
              2.3595743,
              48.8764318
            ],
            [
              2.3595711,
              48.8764265
            ],
            [
              2.3595734,
              48.8764259
            ],
            [
              2.359573,
              48.8764251
            ],
            [
              2.359585,
              48.876422
            ],
            [
              2.3595855,
              48.8764227
            ],
            [
              2.3595906,
              48.8764214
            ],
            [
              2.3595901,
              48.8764207
            ],
            [
              2.3596026,
              48.8764175
            ],
            [
              2.359603,
              48.8764182
            ],
            [
              2.3596081,
              48.8764169
            ],
            [
              2.3596077,
              48.8764162
            ],
            [
              2.3596197,
              48.8764131
            ],
            [
              2.3596201,
              48.8764138
            ],
            [
              2.3596225,
              48.8764132
            ],
            [
              2.3596257,
              48.8764184
            ],
            [
              2.3596269,
              48.8764181
            ],
            [
              2.3596273,
              48.8764187
            ],
            [
              2.359635,
              48.8764167
            ],
            [
              2.3596336,
              48.8764143
            ],
            [
              2.3596392,
              48.8764128
            ],
            [
              2.3596387,
              48.8764119
            ],
            [
              2.3596398,
              48.8764116
            ],
            [
              2.3596367,
              48.8764065
            ],
            [
              2.3596382,
              48.8764061
            ],
            [
              2.3596376,
              48.876405
            ],
            [
              2.3596742,
              48.8763957
            ],
            [
              2.3596747,
              48.8763966
            ],
            [
              2.3596764,
              48.8763961
            ],
            [
              2.3596796,
              48.8764014
            ],
            [
              2.3596802,
              48.8764012
            ],
            [
              2.3596807,
              48.8764021
            ],
            [
              2.3596884,
              48.8764
            ],
            [
              2.3596879,
              48.8763992
            ],
            [
              2.3596892,
              48.8763988
            ],
            [
              2.3596854,
              48.8763925
            ],
            [
              2.3597235,
              48.8763826
            ],
            [
              2.359725,
              48.8763822
            ],
            [
              2.359729,
              48.8763888
            ],
            [
              2.35973,
              48.8763885
            ],
            [
              2.3597305,
              48.8763893
            ],
            [
              2.3597382,
              48.8763873
            ],
            [
              2.3597377,
              48.8763864
            ],
            [
              2.3597389,
              48.8763861
            ],
            [
              2.3597349,
              48.8763797
            ],
            [
              2.3597732,
              48.8763697
            ],
            [
              2.3597745,
              48.8763694
            ],
            [
              2.3597782,
              48.8763755
            ],
            [
              2.3597794,
              48.8763752
            ],
            [
              2.35978,
              48.8763761
            ],
            [
              2.3597852,
              48.8763747
            ],
            [
              2.3597854,
              48.876375
            ],
            [
              2.3598114,
              48.8764186
            ],
            [
              2.3598364,
              48.8764605
            ]
          ]
        ]
      }
    },
    {
      "type": "Feature",
      "properties": {
        "color": "#3498db",
        "height": 30
      },
      "geometry": {
        "type": "Polygon",
        "coordinates": [
          [
            [
              2.3605104,
              48.8767553
            ],
            [
              2.3604891,
              48.8767206
            ],
            [
              2.3605461,
              48.8767055
            ],
            [
              2.3605437,
              48.8767021
            ],
            [
              2.3605418,
              48.8766997
            ],
            [
              2.3605309,
              48.8767017
            ],
            [
              2.3605264,
              48.876702
            ],
            [
              2.3605212,
              48.8766935
            ],
            [
              2.360572,
              48.8766801
            ],
            [
              2.3605775,
              48.8766891
            ],
            [
              2.3605747,
              48.8766904
            ],
            [
              2.3605707,
              48.8766921
            ],
            [
              2.3605716,
              48.8766948
            ],
            [
              2.360573,
              48.8766984
            ],
            [
              2.3605801,
              48.8766965
            ],
            [
              2.3606014,
              48.8767312
            ],
            [
              2.3606471,
              48.876719
            ],
            [
              2.3606575,
              48.8767359
            ],
            [
              2.3606547,
              48.8767367
            ],
            [
              2.3606572,
              48.8767408
            ],
            [
              2.3606601,
              48.8767401
            ],
            [
              2.3606691,
              48.8767552
            ],
            [
              2.3605902,
              48.8767764
            ],
            [
              2.3605683,
              48.8767405
            ],
            [
              2.3605352,
              48.876749
            ],
            [
              2.3605359,
              48.8767501
            ],
            [
              2.360534,
              48.8767506
            ],
            [
              2.3605333,
              48.8767495
            ],
            [
              2.3605104,
              48.8767553
            ]
          ]
        ]
      }
    },
    {
      "type": "Feature",
      "properties": {
        "color": "#2ecc71",
        "height": 20
      },
      "geometry": {
        "type": "Polygon",
        "coordinates": [
          [
            [
              2.3436797,
              48.8307516
            ],
            [
              2.3436457,
              48.8306972
            ],
            [
              2.3438319,
              48.8306437
            ],
            [
              2.3438551,
              48.8306813
            ],
            [
              2.3438329,
              48.8307096
            ],
            [
              2.3438157,
              48.8307143
            ],
            [
              2.3437628,
              48.8307288
            ],
            [
              2.3437201,
              48.8307405
            ],
            [
              2.3436797,
              48.8307516
            ]
          ]
        ]
      }
    },
    {
      "type": "Feature",
      "properties": {
        "color": "#e67e22",
        "height": 25
      },
      "geometry": {
        "type": "Polygon",
        "coordinates": [
          [
            [
              2.3087312,
              48.8350254
            ],
            [
              2.3084977,
              48.8351392
            ],
            [
              2.3088372,
              48.8354471
            ],
            [
              2.309076,
              48.8353339
            ],
            [
              2.3087312,
              48.8350254
            ]
          ]
        ]
      }
    },
    {
      "type": "Feature",
      "properties": {
        "color": "#e74c3c",
        "height": 40
      },
      "geometry": {
        "type": "Polygon",
        "coordinates": [
          [
            [
              2.3463592,
              48.8503109
            ],
            [
              2.3462939,
              48.8502036
            ],
            [
              2.3462267,
              48.8500934
            ],
            [
              2.3462313,
              48.8500875
            ],
            [
              2.3462465,
              48.8500678
            ],
            [
              2.3463407,
              48.8500479
            ],
            [
              2.3464231,
              48.8501923
            ],
            [
              2.3464749,
              48.8502829
            ],
            [
              2.3463592,
              48.8503109
            ]
          ]
        ]
      }
    },
    {
      "type": "Feature",
      "properties": {
        "color": "#3498db",
        "height": 30
      },
      "geometry": {
        "type": "Polygon",
        "coordinates": [
          [
            [
              2.3441786,
              48.8644722
            ],
            [
              2.3441533,
              48.8644912
            ],
            [
              2.3441279,
              48.8645102
            ],
            [
              2.344065,
              48.8645248
            ],
            [
              2.34411,
              48.8646085
            ],
            [
              2.3443476,
              48.8645586
            ],
            [
              2.3442941,
              48.8645312
            ],
            [
              2.3441786,
              48.8644722
            ]
          ]
        ]
      }
    },
    {
      "type": "Feature",
      "properties": {
        "color": "#2ecc71",
        "height": 20
      },
      "geometry": {
        "type": "Polygon",
        "coordinates": [
          [
            [
              2.3661976,
              48.8414652
            ],
            [
              2.3662158,
              48.8414372
            ],
            [
              2.3661847,
              48.8414317
            ],
            [
              2.3661643,
              48.8414254
            ],
            [
              2.3661237,
              48.84141
            ],
            [
              2.3660657,
              48.841388
            ],
            [
              2.3659531,
              48.8415127
            ],
            [
              2.3660432,
              48.8415483
            ],
            [
              2.3660796,
              48.8415076
            ],
            [
              2.3661409,
              48.841531
            ],
            [
              2.3661976,
              48.8414652
            ]
          ]
        ]
      }
    },
    {
      "type": "Feature",
      "properties": {
        "color": "#e74c3c",
        "height": 40
      },
      "geometry": {
        "type": "Polygon",
        "coordinates": [
          [
            [
              2.3294156,
              48.8475232
            ],
            [
              2.3294225,
              48.8475127
            ],
            [
              2.3294765,
              48.8474298
            ],
            [
              2.3294834,
              48.8474199
            ],
            [
              2.3295183,
              48.8473678
            ],
            [
              2.3294452,
              48.8473454
            ],
            [
              2.3294006,
              48.8473326
            ],
            [
              2.3293582,
              48.8473202
            ],
            [
              2.3294244,
              48.8472214
            ],
            [
              2.3295116,
              48.8472464
            ],
            [
              2.3295864,
              48.8472688
            ],
            [
              2.3295997,
              48.8472725
            ],
            [
              2.3296335,
              48.8472823
            ],
            [
              2.3296555,
              48.8472888
            ],
            [
              2.3297237,
              48.8473086
            ],
            [
              2.3297298,
              48.8473004
            ],
            [
              2.32989,
              48.8473485
            ],
            [
              2.329876,
              48.847363
            ],
            [
              2.3297902,
              48.847452
            ],
            [
              2.3296889,
              48.8475569
            ],
            [
              2.3296325,
              48.8476153
            ],
            [
              2.3295149,
              48.847737
            ],
            [
              2.3295071,
              48.8477451
            ],
            [
              2.3293642,
              48.8477038
            ],
            [
              2.3293077,
              48.8476874
            ],
            [
              2.3293755,
              48.8475842
            ],
            [
              2.3294156,
              48.8475232
            ]
          ]
        ]
      }
    }
  ]
}